site_id,coast_distance_km,polarization_code,polarization_label,time_percentage,baseline_basic_loss_db,troposcatter_suppressed_basic_loss_db,troposcatter_contribution_delta_db
E3_SITE_01,5,1,H,50,120.20947068326,120.209470683304,4.43094450019998e-11
E3_SITE_01,5,1,H,20,119.894554790291,119.894554790729,4.3790748804895e-10
E3_SITE_01,5,1,H,10,119.729782622139,119.729782623459,1.32017419218755e-09
E3_SITE_01,5,1,H,1,119.064581283074,119.064581305093,2.20187246213754e-08
E3_SITE_01,5,1,H,0.1,118.390708465976,118.390708678865,2.12889332829036e-07
E3_SITE_01,5,1,H,0.01,117.716834494682,117.716836052638,1.55795595446762e-06
E3_SITE_01,5,1,H,0.005,117.513977449339,117.513980178887,2.72954767410738e-06
E3_SITE_01,5,2,V,50,120.20947068326,120.209470683304,4.43094450019998e-11
E3_SITE_01,5,2,V,20,119.894554790291,119.894554790729,4.3790748804895e-10
E3_SITE_01,5,2,V,10,119.729782622139,119.729782623459,1.32017419218755e-09
E3_SITE_01,5,2,V,1,119.064581283074,119.064581305093,2.20187246213754e-08
E3_SITE_01,5,2,V,0.1,118.390708465976,118.390708678865,2.12889332829036e-07
E3_SITE_01,5,2,V,0.01,117.716834494682,117.716836052638,1.55795595446762e-06
E3_SITE_01,5,2,V,0.005,117.513977449339,117.513980178887,2.72954767410738e-06
E3_SITE_01,50,1,H,50,120.20947068326,120.209470683304,4.43094450019998e-11
E3_SITE_01,50,1,H,20,119.894554790291,119.894554790729,4.3790748804895e-10
E3_SITE_01,50,1,H,10,119.729782622139,119.729782623459,1.32017419218755e-09
E3_SITE_01,50,1,H,1,119.064581283074,119.064581305093,2.20187246213754e-08
E3_SITE_01,50,1,H,0.1,118.390708465976,118.390708678865,2.12889332829036e-07
E3_SITE_01,50,1,H,0.01,117.716834494682,117.716836052638,1.55795595446762e-06
E3_SITE_01,50,1,H,0.005,117.513977449339,117.513980178887,2.72954767410738e-06
E3_SITE_01,50,2,V,50,120.20947068326,120.209470683304,4.43094450019998e-11
E3_SITE_01,50,2,V,20,119.894554790291,119.894554790729,4.3790748804895e-10
E3_SITE_01,50,2,V,10,119.729782622139,119.729782623459,1.32017419218755e-09
E3_SITE_01,50,2,V,1,119.064581283074,119.064581305093,2.20187246213754e-08
E3_SITE_01,50,2,V,0.1,118.390708465976,118.390708678865,2.12889332829036e-07
E3_SITE_01,50,2,V,0.01,117.716834494682,117.716836052638,1.55795595446762e-06
E3_SITE_01,50,2,V,0.005,117.513977449339,117.513980178887,2.72954767410738e-06
E3_SITE_01,200,1,H,50,120.20947068326,120.209470683304,4.43094450019998e-11
E3_SITE_01,200,1,H,20,119.894554790291,119.894554790729,4.3790748804895e-10
E3_SITE_01,200,1,H,10,119.729782622139,119.729782623459,1.32017419218755e-09
E3_SITE_01,200,1,H,1,119.064581283074,119.064581305093,2.20187246213754e-08
E3_SITE_01,200,1,H,0.1,118.390708465976,118.390708678865,2.12889332829036e-07
E3_SITE_01,200,1,H,0.01,117.716834494682,117.716836052638,1.55795595446762e-06
E3_SITE_01,200,1,H,0.005,117.513977449339,117.513980178887,2.72954767410738e-06
E3_SITE_01,200,2,V,50,120.20947068326,120.209470683304,4.43094450019998e-11
E3_SITE_01,200,2,V,20,119.894554790291,119.894554790729,4.3790748804895e-10
E3_SITE_01,200,2,V,10,119.729782622139,119.729782623459,1.32017419218755e-09
E3_SITE_01,200,2,V,1,119.064581283074,119.064581305093,2.20187246213754e-08
E3_SITE_01,200,2,V,0.1,118.390708465976,118.390708678865,2.12889332829036e-07
E3_SITE_01,200,2,V,0.01,117.716834494682,117.716836052638,1.55795595446762e-06
E3_SITE_01,200,2,V,0.005,117.513977449339,117.513980178887,2.72954767410738e-06
E3_SITE_02,5,1,H,50,121.54866990931,121.548669909354,4.40536496171262e-11
E3_SITE_02,5,1,H,20,121.189096827102,121.18909682753,4.27846202910587e-10
E3_SITE_02,5,1,H,10,121.000958858685,121.000958859962,1.27674582017789e-09
E3_SITE_02,5,1,H,1,120.244182088019,120.244182108439,2.04199608333511e-08
E3_SITE_02,5,1,H,0.1,119.476370952635,119.476371141708,1.89072665079948e-07
E3_SITE_02,5,1,H,0.01,118.708558849894,118.708560174976,1.3250823656108e-06
E3_SITE_02,5,1,H,0.005,118.477423751476,118.47742604299,2.29151449104847e-06
E3_SITE_02,5,2,V,50,121.54866990931,121.548669909354,4.40536496171262e-11
E3_SITE_02,5,2,V,20,121.189096827102,121.18909682753,4.27846202910587e-10
E3_SITE_02,5,2,V,10,121.000958858685,121.000958859962,1.27674582017789e-09
E3_SITE_02,5,2,V,1,120.244182088019,120.244182108439,2.04199608333511e-08
E3_SITE_02,5,2,V,0.1,119.476370952635,119.476371141708,1.89072665079948e-07
E3_SITE_02,5,2,V,0.01,118.708558849894,118.708560174976,1.3250823656108e-06
E3_SITE_02,5,2,V,0.005,118.477423751476,118.47742604299,2.29151449104847e-06
E3_SITE_02,50,1,H,50,121.54866990931,121.548669909354,4.40536496171262e-11
E3_SITE_02,50,1,H,20,121.189096827102,121.18909682753,4.27846202910587e-10
E3_SITE_02,50,1,H,10,121.000958858685,121.000958859962,1.27674582017789e-09
E3_SITE_02,50,1,H,1,120.244182088019,120.244182108439,2.04199608333511e-08
E3_SITE_02,50,1,H,0.1,119.476370952635,119.476371141708,1.89072665079948e-07
E3_SITE_02,50,1,H,0.01,118.708558849894,118.708560174976,1.3250823656108e-06
E3_SITE_02,50,1,H,0.005,118.477423751476,118.47742604299,2.29151449104847e-06
E3_SITE_02,50,2,V,50,121.54866990931,121.548669909354,4.40536496171262e-11
E3_SITE_02,50,2,V,20,121.189096827102,121.18909682753,4.27846202910587e-10
E3_SITE_02,50,2,V,10,121.000958858685,121.000958859962,1.27674582017789e-09
E3_SITE_02,50,2,V,1,120.244182088019,120.244182108439,2.04199608333511e-08
E3_SITE_02,50,2,V,0.1,119.476370952635,119.476371141708,1.89072665079948e-07
E3_SITE_02,50,2,V,0.01,118.708558849894,118.708560174976,1.3250823656108e-06
E3_SITE_02,50,2,V,0.005,118.477423751476,118.47742604299,2.29151449104847e-06
E3_SITE_02,200,1,H,50,121.54866990931,121.548669909354,4.40536496171262e-11
E3_SITE_02,200,1,H,20,121.189096827102,121.18909682753,4.27846202910587e-10
E3_SITE_02,200,1,H,10,121.000958858685,121.000958859962,1.27674582017789e-09
E3_SITE_02,200,1,H,1,120.244182088019,120.244182108439,2.04199608333511e-08
E3_SITE_02,200,1,H,0.1,119.476370952635,119.476371141708,1.89072665079948e-07
E3_SITE_02,200,1,H,0.01,118.708558849894,118.708560174976,1.3250823656108e-06
E3_SITE_02,200,1,H,0.005,118.477423751476,118.47742604299,2.29151449104847e-06
E3_SITE_02,200,2,V,50,121.54866990931,121.548669909354,4.40536496171262e-11
E3_SITE_02,200,2,V,20,121.189096827102,121.18909682753,4.27846202910587e-10
E3_SITE_02,200,2,V,10,121.000958858685,121.000958859962,1.27674582017789e-09
E3_SITE_02,200,2,V,1,120.244182088019,120.244182108439,2.04199608333511e-08
E3_SITE_02,200,2,V,0.1,119.476370952635,119.476371141708,1.89072665079948e-07
E3_SITE_02,200,2,V,0.01,118.708558849894,118.708560174976,1.3250823656108e-06
E3_SITE_02,200,2,V,0.005,118.477423751476,118.47742604299,2.29151449104847e-06
E3_SITE_03,5,1,H,50,120.979700399108,120.979700399152,4.43378667114303e-11
E3_SITE_03,5,1,H,20,120.639642757687,120.639642758119,4.3162629026483e-10
E3_SITE_03,5,1,H,10,120.461715774316,120.461715775611,1.2946088645549e-09
E3_SITE_03,5,1,H,1,119.744861356916,119.744861378003,2.108740204676e-08
E3_SITE_03,5,1,H,0.1,119.018044920633,119.018045119606,1.98973481246867e-07
E3_SITE_03,5,1,H,0.01,118.291227440164,118.29122886121,1.42104556744016e-06
E3_SITE_03,5,1,H,0.005,118.072432894623,118.072435366096,2.47147282550486e-06
E3_SITE_03,5,2,V,50,120.979700399108,120.979700399152,4.43378667114303e-11
E3_SITE_03,5,2,V,20,120.639642757687,120.639642758119,4.3162629026483e-10
E3_SITE_03,5,2,V,10,120.461715774316,120.461715775611,1.2946088645549e-09
E3_SITE_03,5,2,V,1,119.744861356916,119.744861378003,2.108740204676e-08
E3_SITE_03,5,2,V,0.1,119.018044920633,119.018045119606,1.98973481246867e-07
E3_SITE_03,5,2,V,0.01,118.291227440164,118.29122886121,1.42104556744016e-06
E3_SITE_03,5,2,V,0.005,118.072432894623,118.072435366096,2.47147282550486e-06
E3_SITE_03,50,1,H,50,120.979700399108,120.979700399152,4.43378667114303e-11
E3_SITE_03,50,1,H,20,120.639642757687,120.639642758119,4.3162629026483e-10
E3_SITE_03,50,1,H,10,120.461715774316,120.461715775611,1.2946088645549e-09
E3_SITE_03,50,1,H,1,119.744861356916,119.744861378003,2.108740204676e-08
E3_SITE_03,50,1,H,0.1,119.018044920633,119.018045119606,1.98973481246867e-07
E3_SITE_03,50,1,H,0.01,118.291227440164,118.29122886121,1.42104556744016e-06
E3_SITE_03,50,1,H,0.005,118.072432894623,118.072435366096,2.47147282550486e-06
E3_SITE_03,50,2,V,50,120.979700399108,120.979700399152,4.43378667114303e-11
E3_SITE_03,50,2,V,20,120.639642757687,120.639642758119,4.3162629026483e-10
E3_SITE_03,50,2,V,10,120.461715774316,120.461715775611,1.2946088645549e-09
E3_SITE_03,50,2,V,1,119.744861356916,119.744861378003,2.108740204676e-08
E3_SITE_03,50,2,V,0.1,119.018044920633,119.018045119606,1.98973481246867e-07
E3_SITE_03,50,2,V,0.01,118.291227440164,118.29122886121,1.42104556744016e-06
E3_SITE_03,50,2,V,0.005,118.072432894623,118.072435366096,2.47147282550486e-06
E3_SITE_03,200,1,H,50,120.979700399108,120.979700399152,4.43378667114303e-11
E3_SITE_03,200,1,H,20,120.639642757687,120.639642758119,4.3162629026483e-10
E3_SITE_03,200,1,H,10,120.461715774316,120.461715775611,1.2946088645549e-09
E3_SITE_03,200,1,H,1,119.744861356916,119.744861378003,2.108740204676e-08
E3_SITE_03,200,1,H,0.1,119.018044920633,119.018045119606,1.98973481246867e-07
E3_SITE_03,200,1,H,0.01,118.291227440164,118.29122886121,1.42104556744016e-06
E3_SITE_03,200,1,H,0.005,118.072432894623,118.072435366096,2.47147282550486e-06
E3_SITE_03,200,2,V,50,120.979700399108,120.979700399152,4.43378667114303e-11
E3_SITE_03,200,2,V,20,120.639642757687,120.639642758119,4.3162629026483e-10
E3_SITE_03,200,2,V,10,120.461715774316,120.461715775611,1.2946088645549e-09
E3_SITE_03,200,2,V,1,119.744861356916,119.744861378003,2.108740204676e-08
E3_SITE_03,200,2,V,0.1,119.018044920633,119.018045119606,1.98973481246867e-07
E3_SITE_03,200,2,V,0.01,118.291227440164,118.29122886121,1.42104556744016e-06
E3_SITE_03,200,2,V,0.005,118.072432894623,118.072435366096,2.47147282550486e-06
E3_SITE_04,5,1,H,50,120.986760183645,120.986760183689,4.42668124378542e-11
E3_SITE_04,5,1,H,20,120.646702542222,120.646702542656,4.33558966506098e-10
E3_SITE_04,5,1,H,10,120.468775558849,120.468775560148,1.29854527131101e-09
E3_SITE_04,5,1,H,1,119.751921141385,119.75192116254,2.11553299322986e-08
E3_SITE_04,5,1,H,0.1,119.025104704534,119.025104904143,1.99609402784517e-07
E3_SITE_04,5,1,H,0.01,118.298287220162,118.298288645746,1.42558450022534e-06
E3_SITE_04,5,1,H,0.005,118.079492671266,118.079495150633,2.47936674213634e-06
E3_SITE_04,5,2,V,50,120.986760183645,120.986760183689,4.42668124378542e-11
E3_SITE_04,5,2,V,20,120.646702542222,120.646702542656,4.33558966506098e-10
E3_SITE_04,5,2,V,10,120.468775558849,120.468775560148,1.29854527131101e-09
E3_SITE_04,5,2,V,1,119.751921141385,119.75192116254,2.11553299322986e-08
E3_SITE_04,5,2,V,0.1,119.025104704534,119.025104904143,1.99609402784517e-07
E3_SITE_04,5,2,V,0.01,118.298287220162,118.298288645746,1.42558450022534e-06
E3_SITE_04,5,2,V,0.005,118.079492671266,118.079495150633,2.47936674213634e-06
E3_SITE_04,50,1,H,50,120.986760183645,120.986760183689,4.42668124378542e-11
E3_SITE_04,50,1,H,20,120.646702542222,120.646702542656,4.33558966506098e-10
E3_SITE_04,50,1,H,10,120.468775558849,120.468775560148,1.29854527131101e-09
E3_SITE_04,50,1,H,1,119.751921141385,119.75192116254,2.11553299322986e-08
E3_SITE_04,50,1,H,0.1,119.025104704534,119.025104904143,1.99609402784517e-07
E3_SITE_04,50,1,H,0.01,118.298287220162,118.298288645746,1.42558450022534e-06
E3_SITE_04,50,1,H,0.005,118.079492671266,118.079495150633,2.47936674213634e-06
E3_SITE_04,50,2,V,50,120.986760183645,120.986760183689,4.42668124378542e-11
E3_SITE_04,50,2,V,20,120.646702542222,120.646702542656,4.33558966506098e-10
E3_SITE_04,50,2,V,10,120.468775558849,120.468775560148,1.29854527131101e-09
E3_SITE_04,50,2,V,1,119.751921141385,119.75192116254,2.11553299322986e-08
E3_SITE_04,50,2,V,0.1,119.025104704534,119.025104904143,1.99609402784517e-07
E3_SITE_04,50,2,V,0.01,118.298287220162,118.298288645746,1.42558450022534e-06
E3_SITE_04,50,2,V,0.005,118.079492671266,118.079495150633,2.47936674213634e-06
E3_SITE_04,200,1,H,50,120.986760183645,120.986760183689,4.42668124378542e-11
E3_SITE_04,200,1,H,20,120.646702542222,120.646702542656,4.33558966506098e-10
E3_SITE_04,200,1,H,10,120.468775558849,120.468775560148,1.29854527131101e-09
E3_SITE_04,200,1,H,1,119.751921141385,119.75192116254,2.11553299322986e-08
E3_SITE_04,200,1,H,0.1,119.025104704534,119.025104904143,1.99609402784517e-07
E3_SITE_04,200,1,H,0.01,118.298287220162,118.298288645746,1.42558450022534e-06
E3_SITE_04,200,1,H,0.005,118.079492671266,118.079495150633,2.47936674213634e-06
E3_SITE_04,200,2,V,50,120.986760183645,120.986760183689,4.42668124378542e-11
E3_SITE_04,200,2,V,20,120.646702542222,120.646702542656,4.33558966506098e-10
E3_SITE_04,200,2,V,10,120.468775558849,120.468775560148,1.29854527131101e-09
E3_SITE_04,200,2,V,1,119.751921141385,119.75192116254,2.11553299322986e-08
E3_SITE_04,200,2,V,0.1,119.025104704534,119.025104904143,1.99609402784517e-07
E3_SITE_04,200,2,V,0.01,118.298287220162,118.298288645746,1.42558450022534e-06
E3_SITE_04,200,2,V,0.005,118.079492671266,118.079495150633,2.47936674213634e-06
E3_SITE_05,5,1,H,50,119.553041472872,119.553041472916,4.37125891039614e-11
E3_SITE_05,5,1,H,20,119.25805963397,119.258059634411,4.40920189248573e-10
E3_SITE_05,5,1,H,10,119.103717480197,119.103717481533,1.3357350781007e-09
E3_SITE_05,5,1,H,1,118.479644933581,118.479644956285,2.27041141442896e-08
E3_SITE_05,5,1,H,0.1,117.847852226218,117.84785245003,2.23812236299636e-07
E3_SITE_05,5,1,H,0.01,117.216058273836,117.216059943775,1.66993935124538e-06
E3_SITE_05,5,1,H,0.005,117.025868505497,117.025871448357,2.94285990776189e-06
E3_SITE_05,5,2,V,50,119.553041472872,119.553041472916,4.37125891039614e-11
E3_SITE_05,5,2,V,20,119.25805963397,119.258059634411,4.40920189248573e-10
E3_SITE_05,5,2,V,10,119.103717480197,119.103717481533,1.3357350781007e-09
E3_SITE_05,5,2,V,1,118.479644933581,118.479644956285,2.27041141442896e-08
E3_SITE_05,5,2,V,0.1,117.847852226218,117.84785245003,2.23812236299636e-07
E3_SITE_05,5,2,V,0.01,117.216058273836,117.216059943775,1.66993935124538e-06
E3_SITE_05,5,2,V,0.005,117.025868505497,117.025871448357,2.94285990776189e-06
E3_SITE_05,50,1,H,50,119.553041472872,119.553041472916,4.37125891039614e-11
E3_SITE_05,50,1,H,20,119.25805963397,119.258059634411,4.40920189248573e-10
E3_SITE_05,50,1,H,10,119.103717480197,119.103717481533,1.3357350781007e-09
E3_SITE_05,50,1,H,1,118.479644933581,118.479644956285,2.27041141442896e-08
E3_SITE_05,50,1,H,0.1,117.847852226218,117.84785245003,2.23812236299636e-07
E3_SITE_05,50,1,H,0.01,117.216058273836,117.216059943775,1.66993935124538e-06
E3_SITE_05,50,1,H,0.005,117.025868505497,117.025871448357,2.94285990776189e-06
E3_SITE_05,50,2,V,50,119.553041472872,119.553041472916,4.37125891039614e-11
E3_SITE_05,50,2,V,20,119.25805963397,119.258059634411,4.40920189248573e-10
E3_SITE_05,50,2,V,10,119.103717480197,119.103717481533,1.3357350781007e-09
E3_SITE_05,50,2,V,1,118.479644933581,118.479644956285,2.27041141442896e-08
E3_SITE_05,50,2,V,0.1,117.847852226218,117.84785245003,2.23812236299636e-07
E3_SITE_05,50,2,V,0.01,117.216058273836,117.216059943775,1.66993935124538e-06
E3_SITE_05,50,2,V,0.005,117.025868505497,117.025871448357,2.94285990776189e-06
E3_SITE_05,200,1,H,50,119.553041472872,119.553041472916,4.37125891039614e-11
E3_SITE_05,200,1,H,20,119.25805963397,119.258059634411,4.40920189248573e-10
E3_SITE_05,200,1,H,10,119.103717480197,119.103717481533,1.3357350781007e-09
E3_SITE_05,200,1,H,1,118.479644933581,118.479644956285,2.27041141442896e-08
E3_SITE_05,200,1,H,0.1,117.847852226218,117.84785245003,2.23812236299636e-07
E3_SITE_05,200,1,H,0.01,117.216058273836,117.216059943775,1.66993935124538e-06
E3_SITE_05,200,1,H,0.005,117.025868505497,117.025871448357,2.94285990776189e-06
E3_SITE_05,200,2,V,50,119.553041472872,119.553041472916,4.37125891039614e-11
E3_SITE_05,200,2,V,20,119.25805963397,119.258059634411,4.40920189248573e-10
E3_SITE_05,200,2,V,10,119.103717480197,119.103717481533,1.3357350781007e-09
E3_SITE_05,200,2,V,1,118.479644933581,118.479644956285,2.27041141442896e-08
E3_SITE_05,200,2,V,0.1,117.847852226218,117.84785245003,2.23812236299636e-07
E3_SITE_05,200,2,V,0.01,117.216058273836,117.216059943775,1.66993935124538e-06
E3_SITE_05,200,2,V,0.005,117.025868505497,117.025871448357,2.94285990776189e-06
E3_SITE_06,5,1,H,50,148.129891813519,148.129893020443,1.20692388350108e-06
E3_SITE_06,5,1,H,20,147.83223734013,147.83224941686,1.20767302291824e-05
E3_SITE_06,5,1,H,10,147.617837594791,147.617873186103,3.55913115868134e-05
E3_SITE_06,5,1,H,1,146.721561998653,146.722095901565,0.000533902911712403
E3_SITE_06,5,1,H,0.1,145.955863573052,145.960816917873,0.00495334482130261
E3_SITE_06,5,1,H,0.01,145.243630754634,145.279499360447,0.0358686058129081
E3_SITE_06,5,1,H,0.005,145.014125957979,145.076581205283,0.0624552473036317
E3_SITE_06,5,2,V,50,148.129891813519,148.129893020443,1.20692388350108e-06
E3_SITE_06,5,2,V,20,147.83223734013,147.83224941686,1.20767302291824e-05
E3_SITE_06,5,2,V,10,147.617837594791,147.617873186103,3.55913115868134e-05
E3_SITE_06,5,2,V,1,146.721561998653,146.722095901565,0.000533902911712403
E3_SITE_06,5,2,V,0.1,145.955863573052,145.960816917873,0.00495334482130261
E3_SITE_06,5,2,V,0.01,145.243630754634,145.279499360447,0.0358686058129081
E3_SITE_06,5,2,V,0.005,145.014125957979,145.076581205283,0.0624552473036317
E3_SITE_06,50,1,H,50,148.129891813519,148.129893020443,1.20692388350108e-06
E3_SITE_06,50,1,H,20,147.83223734013,147.83224941686,1.20767302291824e-05
E3_SITE_06,50,1,H,10,147.617837594791,147.617873186103,3.55913115868134e-05
E3_SITE_06,50,1,H,1,146.721561998653,146.722095901565,0.000533902911712403
E3_SITE_06,50,1,H,0.1,145.955863573052,145.960816917873,0.00495334482130261
E3_SITE_06,50,1,H,0.01,145.243630754634,145.279499360447,0.0358686058129081
E3_SITE_06,50,1,H,0.005,145.014125957979,145.076581205283,0.0624552473036317
E3_SITE_06,50,2,V,50,148.129891813519,148.129893020443,1.20692388350108e-06
E3_SITE_06,50,2,V,20,147.83223734013,147.83224941686,1.20767302291824e-05
E3_SITE_06,50,2,V,10,147.617837594791,147.617873186103,3.55913115868134e-05
E3_SITE_06,50,2,V,1,146.721561998653,146.722095901565,0.000533902911712403
E3_SITE_06,50,2,V,0.1,145.955863573052,145.960816917873,0.00495334482130261
E3_SITE_06,50,2,V,0.01,145.243630754634,145.279499360447,0.0358686058129081
E3_SITE_06,50,2,V,0.005,145.014125957979,145.076581205283,0.0624552473036317
E3_SITE_06,200,1,H,50,148.129891813519,148.129893020443,1.20692388350108e-06
E3_SITE_06,200,1,H,20,147.83223734013,147.83224941686,1.20767302291824e-05
E3_SITE_06,200,1,H,10,147.617837594791,147.617873186103,3.55913115868134e-05
E3_SITE_06,200,1,H,1,146.721561998653,146.722095901565,0.000533902911712403
E3_SITE_06,200,1,H,0.1,145.955863573052,145.960816917873,0.00495334482130261
E3_SITE_06,200,1,H,0.01,145.243630754634,145.279499360447,0.0358686058129081
E3_SITE_06,200,1,H,0.005,145.014125957979,145.076581205283,0.0624552473036317
E3_SITE_06,200,2,V,50,148.129891813519,148.129893020443,1.20692388350108e-06
E3_SITE_06,200,2,V,20,147.83223734013,147.83224941686,1.20767302291824e-05
E3_SITE_06,200,2,V,10,147.617837594791,147.617873186103,3.55913115868134e-05
E3_SITE_06,200,2,V,1,146.721561998653,146.722095901565,0.000533902911712403
E3_SITE_06,200,2,V,0.1,145.955863573052,145.960816917873,0.00495334482130261
E3_SITE_06,200,2,V,0.01,145.243630754634,145.279499360447,0.0358686058129081
E3_SITE_06,200,2,V,0.005,145.014125957979,145.076581205283,0.0624552473036317
E3_SITE_07,5,1,H,50,118.624160440472,118.624160440516,4.38689085058286e-11
E3_SITE_07,5,1,H,20,118.355962032326,118.355962032774,4.47897718913737e-10
E3_SITE_07,5,1,H,10,118.215633664553,118.215633665918,1.36543576445547e-09
E3_SITE_07,5,1,H,1,117.647052247301,117.64705227112,2.38186004253294e-08
E3_SITE_07,5,1,H,0.1,117.071934066102,117.071934307105,2.41003263568018e-07
E3_SITE_07,5,1,H,0.01,116.496814497332,116.496816343091,1.84575891637451e-06
E3_SITE_07,5,1,H,0.005,116.323685306522,116.323688584877,3.2783554075877e-06
E3_SITE_07,5,2,V,50,118.624160440472,118.624160440516,4.38689085058286e-11
E3_SITE_07,5,2,V,20,118.355962032326,118.355962032774,4.47897718913737e-10
E3_SITE_07,5,2,V,10,118.215633664553,118.215633665918,1.36543576445547e-09
E3_SITE_07,5,2,V,1,117.647052247301,117.64705227112,2.38186004253294e-08
E3_SITE_07,5,2,V,0.1,117.071934066102,117.071934307105,2.41003263568018e-07
E3_SITE_07,5,2,V,0.01,116.496814497332,116.496816343091,1.84575891637451e-06
E3_SITE_07,5,2,V,0.005,116.323685306522,116.323688584877,3.2783554075877e-06
E3_SITE_07,50,1,H,50,118.624160440472,118.624160440516,4.38689085058286e-11
E3_SITE_07,50,1,H,20,118.355962032326,118.355962032774,4.47897718913737e-10
E3_SITE_07,50,1,H,10,118.215633664553,118.215633665918,1.36543576445547e-09
E3_SITE_07,50,1,H,1,117.647052247301,117.64705227112,2.38186004253294e-08
E3_SITE_07,50,1,H,0.1,117.071934066102,117.071934307105,2.41003263568018e-07
E3_SITE_07,50,1,H,0.01,116.496814497332,116.496816343091,1.84575891637451e-06
E3_SITE_07,50,1,H,0.005,116.323685306522,116.323688584877,3.2783554075877e-06
E3_SITE_07,50,2,V,50,118.624160440472,118.624160440516,4.38689085058286e-11
E3_SITE_07,50,2,V,20,118.355962032326,118.355962032774,4.47897718913737e-10
E3_SITE_07,50,2,V,10,118.215633664553,118.215633665918,1.36543576445547e-09
E3_SITE_07,50,2,V,1,117.647052247301,117.64705227112,2.38186004253294e-08
E3_SITE_07,50,2,V,0.1,117.071934066102,117.071934307105,2.41003263568018e-07
E3_SITE_07,50,2,V,0.01,116.496814497332,116.496816343091,1.84575891637451e-06
E3_SITE_07,50,2,V,0.005,116.323685306522,116.323688584877,3.2783554075877e-06
E3_SITE_07,200,1,H,50,118.624160440472,118.624160440516,4.38689085058286e-11
E3_SITE_07,200,1,H,20,118.355962032326,118.355962032774,4.47897718913737e-10
E3_SITE_07,200,1,H,10,118.215633664553,118.215633665918,1.36543576445547e-09
E3_SITE_07,200,1,H,1,117.647052247301,117.64705227112,2.38186004253294e-08
E3_SITE_07,200,1,H,0.1,117.071934066102,117.071934307105,2.41003263568018e-07
E3_SITE_07,200,1,H,0.01,116.496814497332,116.496816343091,1.84575891637451e-06
E3_SITE_07,200,1,H,0.005,116.323685306522,116.323688584877,3.2783554075877e-06
E3_SITE_07,200,2,V,50,118.624160440472,118.624160440516,4.38689085058286e-11
E3_SITE_07,200,2,V,20,118.355962032326,118.355962032774,4.47897718913737e-10
E3_SITE_07,200,2,V,10,118.215633664553,118.215633665918,1.36543576445547e-09
E3_SITE_07,200,2,V,1,117.647052247301,117.64705227112,2.38186004253294e-08
E3_SITE_07,200,2,V,0.1,117.071934066102,117.071934307105,2.41003263568018e-07
E3_SITE_07,200,2,V,0.01,116.496814497332,116.496816343091,1.84575891637451e-06
E3_SITE_07,200,2,V,0.005,116.323685306522,116.323688584877,3.2783554075877e-06
E3_SITE_08,5,1,H,50,161.205387749133,161.205387824513,7.53797451125138e-08
E3_SITE_08,5,1,H,20,160.845147990486,160.845148723326,7.32839879447056e-07
E3_SITE_08,5,1,H,10,160.577100027834,160.577102134868,2.1070340778806e-06
E3_SITE_08,5,1,H,1,159.718239655707,159.718271809049,3.21533416354214e-05
E3_SITE_08,5,1,H,0.1,158.860818234626,158.861103928741,0.000285694115490287
E3_SITE_08,5,1,H,0.01,158.002015257879,158.003936048434,0.00192079055534577
E3_SITE_08,5,1,H,0.005,157.742623029016,157.745902805142,0.00327977612622021
E3_SITE_08,5,2,V,50,161.205387749133,161.205387824513,7.53797451125138e-08
E3_SITE_08,5,2,V,20,160.845147990486,160.845148723326,7.32839879447056e-07
E3_SITE_08,5,2,V,10,160.577100027834,160.577102134868,2.1070340778806e-06
E3_SITE_08,5,2,V,1,159.718239655707,159.718271809049,3.21533416354214e-05
E3_SITE_08,5,2,V,0.1,158.860818234626,158.861103928741,0.000285694115490287
E3_SITE_08,5,2,V,0.01,158.002015257879,158.003936048434,0.00192079055534577
E3_SITE_08,5,2,V,0.005,157.742623029016,157.745902805142,0.00327977612622021
E3_SITE_08,50,1,H,50,161.205387749133,161.205387824513,7.53797451125138e-08
E3_SITE_08,50,1,H,20,160.845147990486,160.845148723326,7.32839879447056e-07
E3_SITE_08,50,1,H,10,160.577100027834,160.577102134868,2.1070340778806e-06
E3_SITE_08,50,1,H,1,159.718239655707,159.718271809049,3.21533416354214e-05
E3_SITE_08,50,1,H,0.1,158.860818234626,158.861103928741,0.000285694115490287
E3_SITE_08,50,1,H,0.01,158.002015257879,158.003936048434,0.00192079055534577
E3_SITE_08,50,1,H,0.005,157.742623029016,157.745902805142,0.00327977612622021
E3_SITE_08,50,2,V,50,161.205387749133,161.205387824513,7.53797451125138e-08
E3_SITE_08,50,2,V,20,160.845147990486,160.845148723326,7.32839879447056e-07
E3_SITE_08,50,2,V,10,160.577100027834,160.577102134868,2.1070340778806e-06
E3_SITE_08,50,2,V,1,159.718239655707,159.718271809049,3.21533416354214e-05
E3_SITE_08,50,2,V,0.1,158.860818234626,158.861103928741,0.000285694115490287
E3_SITE_08,50,2,V,0.01,158.002015257879,158.003936048434,0.00192079055534577
E3_SITE_08,50,2,V,0.005,157.742623029016,157.745902805142,0.00327977612622021
E3_SITE_08,200,1,H,50,161.205387749133,161.205387824513,7.53797451125138e-08
E3_SITE_08,200,1,H,20,160.845147990486,160.845148723326,7.32839879447056e-07
E3_SITE_08,200,1,H,10,160.577100027834,160.577102134868,2.1070340778806e-06
E3_SITE_08,200,1,H,1,159.718239655707,159.718271809049,3.21533416354214e-05
E3_SITE_08,200,1,H,0.1,158.860818234626,158.861103928741,0.000285694115490287
E3_SITE_08,200,1,H,0.01,158.002015257879,158.003936048434,0.00192079055534577
E3_SITE_08,200,1,H,0.005,157.742623029016,157.745902805142,0.00327977612622021
E3_SITE_08,200,2,V,50,161.205387749133,161.205387824513,7.53797451125138e-08
E3_SITE_08,200,2,V,20,160.845147990486,160.845148723326,7.32839879447056e-07
E3_SITE_08,200,2,V,10,160.577100027834,160.577102134868,2.1070340778806e-06
E3_SITE_08,200,2,V,1,159.718239655707,159.718271809049,3.21533416354214e-05
E3_SITE_08,200,2,V,0.1,158.860818234626,158.861103928741,0.000285694115490287
E3_SITE_08,200,2,V,0.01,158.002015257879,158.003936048434,0.00192079055534577
E3_SITE_08,200,2,V,0.005,157.742623029016,157.745902805142,0.00327977612622021
E3_SITE_09,5,1,H,50,162.104202803347,162.104202844081,4.07344487030059e-08
E3_SITE_09,5,1,H,20,161.76279988319,161.76280028266,3.99470224010656e-07
E3_SITE_09,5,1,H,10,161.508290648165,161.508291803892,1.15572666459229e-06
E3_SITE_09,5,1,H,1,160.689440756243,160.689458720553,1.79643100466365e-05
E3_SITE_09,5,1,H,0.1,159.871801234057,159.87196380061,0.000162566552688759
E3_SITE_09,5,1,H,0.01,159.053355578771,159.054468880666,0.00111330189534442
E3_SITE_09,5,1,H,0.005,158.806466679556,158.80837838846,0.00191170890448689
E3_SITE_09,5,2,V,50,162.104202803347,162.104202844081,4.07344487030059e-08
E3_SITE_09,5,2,V,20,161.76279988319,161.76280028266,3.99470224010656e-07
E3_SITE_09,5,2,V,10,161.508290648165,161.508291803892,1.15572666459229e-06
E3_SITE_09,5,2,V,1,160.689440756243,160.689458720553,1.79643100466365e-05
E3_SITE_09,5,2,V,0.1,159.871801234057,159.87196380061,0.000162566552688759
E3_SITE_09,5,2,V,0.01,159.053355578771,159.054468880666,0.00111330189534442
E3_SITE_09,5,2,V,0.005,158.806466679556,158.80837838846,0.00191170890448689
E3_SITE_09,50,1,H,50,162.104202803347,162.104202844081,4.07344487030059e-08
E3_SITE_09,50,1,H,20,161.76279988319,161.76280028266,3.99470224010656e-07
E3_SITE_09,50,1,H,10,161.508290648165,161.508291803892,1.15572666459229e-06
E3_SITE_09,50,1,H,1,160.689440756243,160.689458720553,1.79643100466365e-05
E3_SITE_09,50,1,H,0.1,159.871801234057,159.87196380061,0.000162566552688759
E3_SITE_09,50,1,H,0.01,159.053355578771,159.054468880666,0.00111330189534442
E3_SITE_09,50,1,H,0.005,158.806466679556,158.80837838846,0.00191170890448689
E3_SITE_09,50,2,V,50,162.104202803347,162.104202844081,4.07344487030059e-08
E3_SITE_09,50,2,V,20,161.76279988319,161.76280028266,3.99470224010656e-07
E3_SITE_09,50,2,V,10,161.508290648165,161.508291803892,1.15572666459229e-06
E3_SITE_09,50,2,V,1,160.689440756243,160.689458720553,1.79643100466365e-05
E3_SITE_09,50,2,V,0.1,159.871801234057,159.87196380061,0.000162566552688759
E3_SITE_09,50,2,V,0.01,159.053355578771,159.054468880666,0.00111330189534442
E3_SITE_09,50,2,V,0.005,158.806466679556,158.80837838846,0.00191170890448689
E3_SITE_09,200,1,H,50,162.104202803347,162.104202844081,4.07344487030059e-08
E3_SITE_09,200,1,H,20,161.76279988319,161.76280028266,3.99470224010656e-07
E3_SITE_09,200,1,H,10,161.508290648165,161.508291803892,1.15572666459229e-06
E3_SITE_09,200,1,H,1,160.689440756243,160.689458720553,1.79643100466365e-05
E3_SITE_09,200,1,H,0.1,159.871801234057,159.87196380061,0.000162566552688759
E3_SITE_09,200,1,H,0.01,159.053355578771,159.054468880666,0.00111330189534442
E3_SITE_09,200,1,H,0.005,158.806466679556,158.80837838846,0.00191170890448689
E3_SITE_09,200,2,V,50,162.104202803347,162.104202844081,4.07344487030059e-08
E3_SITE_09,200,2,V,20,161.76279988319,161.76280028266,3.99470224010656e-07
E3_SITE_09,200,2,V,10,161.508290648165,161.508291803892,1.15572666459229e-06
E3_SITE_09,200,2,V,1,160.689440756243,160.689458720553,1.79643100466365e-05
E3_SITE_09,200,2,V,0.1,159.871801234057,159.87196380061,0.000162566552688759
E3_SITE_09,200,2,V,0.01,159.053355578771,159.054468880666,0.00111330189534442
E3_SITE_09,200,2,V,0.005,158.806466679556,158.80837838846,0.00191170890448689
E3_SITE_10,5,1,H,50,121.809563228571,121.809563228615,4.40678604718414e-11
E3_SITE_10,5,1,H,20,121.44081599331,121.440815993736,4.26183532908908e-10
E3_SITE_10,5,1,H,10,121.247877869945,121.247877871215,1.26954091683729e-09
E3_SITE_10,5,1,H,1,120.472391838531,120.47239185866,2.01291214807497e-08
E3_SITE_10,5,1,H,0.1,119.685343422856,119.685343607591,1.84735398534031e-07
E3_SITE_10,5,1,H,0.01,118.898294073259,118.898295356523,1.28326367132559e-06
E3_SITE_10,5,1,H,0.005,118.66136801163,118.661370224916,2.21328608063232e-06
E3_SITE_10,5,2,V,50,121.809563228571,121.809563228615,4.40678604718414e-11
E3_SITE_10,5,2,V,20,121.44081599331,121.440815993736,4.26183532908908e-10
E3_SITE_10,5,2,V,10,121.247877869945,121.247877871215,1.26954091683729e-09
E3_SITE_10,5,2,V,1,120.472391838531,120.47239185866,2.01291214807497e-08
E3_SITE_10,5,2,V,0.1,119.685343422856,119.685343607591,1.84735398534031e-07
E3_SITE_10,5,2,V,0.01,118.898294073259,118.898295356523,1.28326367132559e-06
E3_SITE_10,5,2,V,0.005,118.66136801163,118.661370224916,2.21328608063232e-06
E3_SITE_10,50,1,H,50,121.809563228571,121.809563228615,4.40678604718414e-11
E3_SITE_10,50,1,H,20,121.44081599331,121.440815993736,4.26183532908908e-10
E3_SITE_10,50,1,H,10,121.247877869945,121.247877871215,1.26954091683729e-09
E3_SITE_10,50,1,H,1,120.472391838531,120.47239185866,2.01291214807497e-08
E3_SITE_10,50,1,H,0.1,119.685343422856,119.685343607591,1.84735398534031e-07
E3_SITE_10,50,1,H,0.01,118.898294073259,118.898295356523,1.28326367132559e-06
E3_SITE_10,50,1,H,0.005,118.66136801163,118.661370224916,2.21328608063232e-06
E3_SITE_10,50,2,V,50,121.809563228571,121.809563228615,4.40678604718414e-11
E3_SITE_10,50,2,V,20,121.44081599331,121.440815993736,4.26183532908908e-10
E3_SITE_10,50,2,V,10,121.247877869945,121.247877871215,1.26954091683729e-09
E3_SITE_10,50,2,V,1,120.472391838531,120.47239185866,2.01291214807497e-08
E3_SITE_10,50,2,V,0.1,119.685343422856,119.685343607591,1.84735398534031e-07
E3_SITE_10,50,2,V,0.01,118.898294073259,118.898295356523,1.28326367132559e-06
E3_SITE_10,50,2,V,0.005,118.66136801163,118.661370224916,2.21328608063232e-06
E3_SITE_10,200,1,H,50,121.809563228571,121.809563228615,4.40678604718414e-11
E3_SITE_10,200,1,H,20,121.44081599331,121.440815993736,4.26183532908908e-10
E3_SITE_10,200,1,H,10,121.247877869945,121.247877871215,1.26954091683729e-09
E3_SITE_10,200,1,H,1,120.472391838531,120.47239185866,2.01291214807497e-08
E3_SITE_10,200,1,H,0.1,119.685343422856,119.685343607591,1.84735398534031e-07
E3_SITE_10,200,1,H,0.01,118.898294073259,118.898295356523,1.28326367132559e-06
E3_SITE_10,200,1,H,0.005,118.66136801163,118.661370224916,2.21328608063232e-06
E3_SITE_10,200,2,V,50,121.809563228571,121.809563228615,4.40678604718414e-11
E3_SITE_10,200,2,V,20,121.44081599331,121.440815993736,4.26183532908908e-10
E3_SITE_10,200,2,V,10,121.247877869945,121.247877871215,1.26954091683729e-09
E3_SITE_10,200,2,V,1,120.472391838531,120.47239185866,2.01291214807497e-08
E3_SITE_10,200,2,V,0.1,119.685343422856,119.685343607591,1.84735398534031e-07
E3_SITE_10,200,2,V,0.01,118.898294073259,118.898295356523,1.28326367132559e-06
E3_SITE_10,200,2,V,0.005,118.66136801163,118.661370224916,2.21328608063232e-06
E3_SITE_11,5,1,H,50,122.211439251188,122.211439251232,4.42952341472846e-11
E3_SITE_11,5,1,H,20,121.828154452726,121.82815445315,4.23980850428052e-10
E3_SITE_11,5,1,H,10,121.627609899043,121.627609900301,1.25800170280854e-09
E3_SITE_11,5,1,H,1,120.822539884478,120.82253990415,1.96722567125107e-08
E3_SITE_11,5,1,H,0.1,120.005044806179,120.005044984207,1.78027988795293e-07
E3_SITE_11,5,1,H,0.01,119.187548844809,119.187550064264,1.21945473097185e-06
E3_SITE_11,5,1,H,0.005,118.941457477684,118.941459572058,2.09437388321021e-06
E3_SITE_11,5,2,V,50,122.211439251188,122.211439251232,4.42952341472846e-11
E3_SITE_11,5,2,V,20,121.828154452726,121.82815445315,4.23980850428052e-10
E3_SITE_11,5,2,V,10,121.627609899043,121.627609900301,1.25800170280854e-09
E3_SITE_11,5,2,V,1,120.822539884478,120.82253990415,1.96722567125107e-08
E3_SITE_11,5,2,V,0.1,120.005044806179,120.005044984207,1.78027988795293e-07
E3_SITE_11,5,2,V,0.01,119.187548844809,119.187550064264,1.21945473097185e-06
E3_SITE_11,5,2,V,0.005,118.941457477684,118.941459572058,2.09437388321021e-06
E3_SITE_11,50,1,H,50,122.211439251188,122.211439251232,4.42952341472846e-11
E3_SITE_11,50,1,H,20,121.828154452726,121.82815445315,4.23980850428052e-10
E3_SITE_11,50,1,H,10,121.627609899043,121.627609900301,1.25800170280854e-09
E3_SITE_11,50,1,H,1,120.822539884478,120.82253990415,1.96722567125107e-08
E3_SITE_11,50,1,H,0.1,120.005044806179,120.005044984207,1.78027988795293e-07
E3_SITE_11,50,1,H,0.01,119.187548844809,119.187550064264,1.21945473097185e-06
E3_SITE_11,50,1,H,0.005,118.941457477684,118.941459572058,2.09437388321021e-06
E3_SITE_11,50,2,V,50,122.211439251188,122.211439251232,4.42952341472846e-11
E3_SITE_11,50,2,V,20,121.828154452726,121.82815445315,4.23980850428052e-10
E3_SITE_11,50,2,V,10,121.627609899043,121.627609900301,1.25800170280854e-09
E3_SITE_11,50,2,V,1,120.822539884478,120.82253990415,1.96722567125107e-08
E3_SITE_11,50,2,V,0.1,120.005044806179,120.005044984207,1.78027988795293e-07
E3_SITE_11,50,2,V,0.01,119.187548844809,119.187550064264,1.21945473097185e-06
E3_SITE_11,50,2,V,0.005,118.941457477684,118.941459572058,2.09437388321021e-06
E3_SITE_11,200,1,H,50,122.211439251188,122.211439251232,4.42952341472846e-11
E3_SITE_11,200,1,H,20,121.828154452726,121.82815445315,4.23980850428052e-10
E3_SITE_11,200,1,H,10,121.627609899043,121.627609900301,1.25800170280854e-09
E3_SITE_11,200,1,H,1,120.822539884478,120.82253990415,1.96722567125107e-08
E3_SITE_11,200,1,H,0.1,120.005044806179,120.005044984207,1.78027988795293e-07
E3_SITE_11,200,1,H,0.01,119.187548844809,119.187550064264,1.21945473097185e-06
E3_SITE_11,200,1,H,0.005,118.941457477684,118.941459572058,2.09437388321021e-06
E3_SITE_11,200,2,V,50,122.211439251188,122.211439251232,4.42952341472846e-11
E3_SITE_11,200,2,V,20,121.828154452726,121.82815445315,4.23980850428052e-10
E3_SITE_11,200,2,V,10,121.627609899043,121.627609900301,1.25800170280854e-09
E3_SITE_11,200,2,V,1,120.822539884478,120.82253990415,1.96722567125107e-08
E3_SITE_11,200,2,V,0.1,120.005044806179,120.005044984207,1.78027988795293e-07
E3_SITE_11,200,2,V,0.01,119.187548844809,119.187550064264,1.21945473097185e-06
E3_SITE_11,200,2,V,0.005,118.941457477684,118.941459572058,2.09437388321021e-06
E3_SITE_12,5,1,H,50,120.555248982578,120.555248982623,4.45226078227279e-11
E3_SITE_12,5,1,H,20,120.229204298942,120.229204299377,4.35065317105909e-10
E3_SITE_12,5,1,H,10,120.058609258722,120.058609260029,1.30729915781558e-09
E3_SITE_12,5,1,H,1,119.370517141783,119.370517163371,2.15876525544445e-08
E3_SITE_12,5,1,H,0.1,118.673193392176,118.673193598659,2.06483363740517e-07
E3_SITE_12,5,1,H,0.01,117.975868539106,117.975870033948,1.494842067018e-06
E3_SITE_12,5,1,H,0.005,117.765952113815,117.765954724287,2.61047163974126e-06
E3_SITE_12,5,2,V,50,120.555248982578,120.555248982623,4.45226078227279e-11
E3_SITE_12,5,2,V,20,120.229204298942,120.229204299377,4.35065317105909e-10
E3_SITE_12,5,2,V,10,120.058609258722,120.058609260029,1.30729915781558e-09
E3_SITE_12,5,2,V,1,119.370517141783,119.370517163371,2.15876525544445e-08
E3_SITE_12,5,2,V,0.1,118.673193392176,118.673193598659,2.06483363740517e-07
E3_SITE_12,5,2,V,0.01,117.975868539106,117.975870033948,1.494842067018e-06
E3_SITE_12,5,2,V,0.005,117.765952113815,117.765954724287,2.61047163974126e-06
E3_SITE_12,50,1,H,50,120.555248982578,120.555248982623,4.45226078227279e-11
E3_SITE_12,50,1,H,20,120.229204298942,120.229204299377,4.35065317105909e-10
E3_SITE_12,50,1,H,10,120.058609258722,120.058609260029,1.30729915781558e-09
E3_SITE_12,50,1,H,1,119.370517141783,119.370517163371,2.15876525544445e-08
E3_SITE_12,50,1,H,0.1,118.673193392176,118.673193598659,2.06483363740517e-07
E3_SITE_12,50,1,H,0.01,117.975868539106,117.975870033948,1.494842067018e-06
E3_SITE_12,50,1,H,0.005,117.765952113815,117.765954724287,2.61047163974126e-06
E3_SITE_12,50,2,V,50,120.555248982578,120.555248982623,4.45226078227279e-11
E3_SITE_12,50,2,V,20,120.229204298942,120.229204299377,4.35065317105909e-10
E3_SITE_12,50,2,V,10,120.058609258722,120.058609260029,1.30729915781558e-09
E3_SITE_12,50,2,V,1,119.370517141783,119.370517163371,2.15876525544445e-08
E3_SITE_12,50,2,V,0.1,118.673193392176,118.673193598659,2.06483363740517e-07
E3_SITE_12,50,2,V,0.01,117.975868539106,117.975870033948,1.494842067018e-06
E3_SITE_12,50,2,V,0.005,117.765952113815,117.765954724287,2.61047163974126e-06
E3_SITE_12,200,1,H,50,120.555248982578,120.555248982623,4.45226078227279e-11
E3_SITE_12,200,1,H,20,120.229204298942,120.229204299377,4.35065317105909e-10
E3_SITE_12,200,1,H,10,120.058609258722,120.058609260029,1.30729915781558e-09
E3_SITE_12,200,1,H,1,119.370517141783,119.370517163371,2.15876525544445e-08
E3_SITE_12,200,1,H,0.1,118.673193392176,118.673193598659,2.06483363740517e-07
E3_SITE_12,200,1,H,0.01,117.975868539106,117.975870033948,1.494842067018e-06
E3_SITE_12,200,1,H,0.005,117.765952113815,117.765954724287,2.61047163974126e-06
E3_SITE_12,200,2,V,50,120.555248982578,120.555248982623,4.45226078227279e-11
E3_SITE_12,200,2,V,20,120.229204298942,120.229204299377,4.35065317105909e-10
E3_SITE_12,200,2,V,10,120.058609258722,120.058609260029,1.30729915781558e-09
E3_SITE_12,200,2,V,1,119.370517141783,119.370517163371,2.15876525544445e-08
E3_SITE_12,200,2,V,0.1,118.673193392176,118.673193598659,2.06483363740517e-07
E3_SITE_12,200,2,V,0.01,117.975868539106,117.975870033948,1.494842067018e-06
E3_SITE_12,200,2,V,0.005,117.765952113815,117.765954724287,2.61047163974126e-06
E3_SITE_13,5,1,H,50,121.813932112805,121.813932112849,4.3755221668107e-11
E3_SITE_13,5,1,H,20,121.445184877542,121.44518487797,4.27860413765302e-10
E3_SITE_13,5,1,H,10,121.252246754176,121.252246755448,1.27221255752374e-09
E3_SITE_13,5,1,H,1,120.476760722722,120.476760742894,2.01718108883142e-08
E3_SITE_13,5,1,H,0.1,119.6897123067,119.689712491825,1.85125088592031e-07
E3_SITE_13,5,1,H,0.01,118.902662954782,118.902664240756,1.28597433501909e-06
E3_SITE_13,5,1,H,0.005,118.665736891189,118.66573910915,2.21796078392344e-06
E3_SITE_13,5,2,V,50,121.813932112805,121.813932112849,4.3755221668107e-11
E3_SITE_13,5,2,V,20,121.445184877542,121.44518487797,4.27860413765302e-10
E3_SITE_13,5,2,V,10,121.252246754176,121.252246755448,1.27221255752374e-09
E3_SITE_13,5,2,V,1,120.476760722722,120.476760742894,2.01718108883142e-08
E3_SITE_13,5,2,V,0.1,119.6897123067,119.689712491825,1.85125088592031e-07
E3_SITE_13,5,2,V,0.01,118.902662954782,118.902664240756,1.28597433501909e-06
E3_SITE_13,5,2,V,0.005,118.665736891189,118.66573910915,2.21796078392344e-06
E3_SITE_13,50,1,H,50,121.813932112805,121.813932112849,4.3755221668107e-11
E3_SITE_13,50,1,H,20,121.445184877542,121.44518487797,4.27860413765302e-10
E3_SITE_13,50,1,H,10,121.252246754176,121.252246755448,1.27221255752374e-09
E3_SITE_13,50,1,H,1,120.476760722722,120.476760742894,2.01718108883142e-08
E3_SITE_13,50,1,H,0.1,119.6897123067,119.689712491825,1.85125088592031e-07
E3_SITE_13,50,1,H,0.01,118.902662954782,118.902664240756,1.28597433501909e-06
E3_SITE_13,50,1,H,0.005,118.665736891189,118.66573910915,2.21796078392344e-06
E3_SITE_13,50,2,V,50,121.813932112805,121.813932112849,4.3755221668107e-11
E3_SITE_13,50,2,V,20,121.445184877542,121.44518487797,4.27860413765302e-10
E3_SITE_13,50,2,V,10,121.252246754176,121.252246755448,1.27221255752374e-09
E3_SITE_13,50,2,V,1,120.476760722722,120.476760742894,2.01718108883142e-08
E3_SITE_13,50,2,V,0.1,119.6897123067,119.689712491825,1.85125088592031e-07
E3_SITE_13,50,2,V,0.01,118.902662954782,118.902664240756,1.28597433501909e-06
E3_SITE_13,50,2,V,0.005,118.665736891189,118.66573910915,2.21796078392344e-06
E3_SITE_13,200,1,H,50,121.813932112805,121.813932112849,4.3755221668107e-11
E3_SITE_13,200,1,H,20,121.445184877542,121.44518487797,4.27860413765302e-10
E3_SITE_13,200,1,H,10,121.252246754176,121.252246755448,1.27221255752374e-09
E3_SITE_13,200,1,H,1,120.476760722722,120.476760742894,2.01718108883142e-08
E3_SITE_13,200,1,H,0.1,119.6897123067,119.689712491825,1.85125088592031e-07
E3_SITE_13,200,1,H,0.01,118.902662954782,118.902664240756,1.28597433501909e-06
E3_SITE_13,200,1,H,0.005,118.665736891189,118.66573910915,2.21796078392344e-06
E3_SITE_13,200,2,V,50,121.813932112805,121.813932112849,4.3755221668107e-11
E3_SITE_13,200,2,V,20,121.445184877542,121.44518487797,4.27860413765302e-10
E3_SITE_13,200,2,V,10,121.252246754176,121.252246755448,1.27221255752374e-09
E3_SITE_13,200,2,V,1,120.476760722722,120.476760742894,2.01718108883142e-08
E3_SITE_13,200,2,V,0.1,119.6897123067,119.689712491825,1.85125088592031e-07
E3_SITE_13,200,2,V,0.01,118.902662954782,118.902664240756,1.28597433501909e-06
E3_SITE_13,200,2,V,0.005,118.665736891189,118.66573910915,2.21796078392344e-06
E3_SITE_14,5,1,H,50,119.112915913129,119.112915913173,4.36699565398158e-11
E3_SITE_14,5,1,H,20,118.830879479244,118.830879479688,4.43762360191613e-10
E3_SITE_14,5,1,H,10,118.683310697308,118.683310698658,1.34974698084989e-09
E3_SITE_14,5,1,H,1,118.08602979391,118.086029817137,2.32273436040487e-08
E3_SITE_14,5,1,H,0.1,117.48161273632,117.481612968191,2.31870572520165e-07
E3_SITE_14,5,1,H,0.01,116.877194367229,116.877196119244,1.7520148105632e-06
E3_SITE_14,5,1,H,0.005,116.695245418589,116.695248517826,3.09923713359694e-06
E3_SITE_14,5,2,V,50,119.112915913129,119.112915913173,4.36699565398158e-11
E3_SITE_14,5,2,V,20,118.830879479244,118.830879479688,4.43762360191613e-10
E3_SITE_14,5,2,V,10,118.683310697308,118.683310698658,1.34974698084989e-09
E3_SITE_14,5,2,V,1,118.08602979391,118.086029817137,2.32273436040487e-08
E3_SITE_14,5,2,V,0.1,117.48161273632,117.481612968191,2.31870572520165e-07
E3_SITE_14,5,2,V,0.01,116.877194367229,116.877196119244,1.7520148105632e-06
E3_SITE_14,5,2,V,0.005,116.695245418589,116.695248517826,3.09923713359694e-06
E3_SITE_14,50,1,H,50,119.112915913129,119.112915913173,4.36699565398158e-11
E3_SITE_14,50,1,H,20,118.830879479244,118.830879479688,4.43762360191613e-10
E3_SITE_14,50,1,H,10,118.683310697308,118.683310698658,1.34974698084989e-09
E3_SITE_14,50,1,H,1,118.08602979391,118.086029817137,2.32273436040487e-08
E3_SITE_14,50,1,H,0.1,117.48161273632,117.481612968191,2.31870572520165e-07
E3_SITE_14,50,1,H,0.01,116.877194367229,116.877196119244,1.7520148105632e-06
E3_SITE_14,50,1,H,0.005,116.695245418589,116.695248517826,3.09923713359694e-06
E3_SITE_14,50,2,V,50,119.112915913129,119.112915913173,4.36699565398158e-11
E3_SITE_14,50,2,V,20,118.830879479244,118.830879479688,4.43762360191613e-10
E3_SITE_14,50,2,V,10,118.683310697308,118.683310698658,1.34974698084989e-09
E3_SITE_14,50,2,V,1,118.08602979391,118.086029817137,2.32273436040487e-08
E3_SITE_14,50,2,V,0.1,117.48161273632,117.481612968191,2.31870572520165e-07
E3_SITE_14,50,2,V,0.01,116.877194367229,116.877196119244,1.7520148105632e-06
E3_SITE_14,50,2,V,0.005,116.695245418589,116.695248517826,3.09923713359694e-06
E3_SITE_14,200,1,H,50,119.112915913129,119.112915913173,4.36699565398158e-11
E3_SITE_14,200,1,H,20,118.830879479244,118.830879479688,4.43762360191613e-10
E3_SITE_14,200,1,H,10,118.683310697308,118.683310698658,1.34974698084989e-09
E3_SITE_14,200,1,H,1,118.08602979391,118.086029817137,2.32273436040487e-08
E3_SITE_14,200,1,H,0.1,117.48161273632,117.481612968191,2.31870572520165e-07
E3_SITE_14,200,1,H,0.01,116.877194367229,116.877196119244,1.7520148105632e-06
E3_SITE_14,200,1,H,0.005,116.695245418589,116.695248517826,3.09923713359694e-06
E3_SITE_14,200,2,V,50,119.112915913129,119.112915913173,4.36699565398158e-11
E3_SITE_14,200,2,V,20,118.830879479244,118.830879479688,4.43762360191613e-10
E3_SITE_14,200,2,V,10,118.683310697308,118.683310698658,1.34974698084989e-09
E3_SITE_14,200,2,V,1,118.08602979391,118.086029817137,2.32273436040487e-08
E3_SITE_14,200,2,V,0.1,117.48161273632,117.481612968191,2.31870572520165e-07
E3_SITE_14,200,2,V,0.01,116.877194367229,116.877196119244,1.7520148105632e-06
E3_SITE_14,200,2,V,0.005,116.695245418589,116.695248517826,3.09923713359694e-06
E3_SITE_15,5,1,H,50,120.562134710459,120.562134710503,4.42099690189934e-11
E3_SITE_15,5,1,H,20,120.236090026821,120.236090027258,4.36713776252873e-10
E3_SITE_15,5,1,H,10,120.065494986598,120.06549498791,1.31196031816216e-09
E3_SITE_15,5,1,H,1,119.377402869593,119.377402891251,2.16582378698149e-08
E3_SITE_15,5,1,H,0.1,118.680079119389,118.68007932654,2.071508760082e-07
E3_SITE_15,5,1,H,0.01,117.982754262155,117.982755761829,1.49967353024749e-06
E3_SITE_15,5,1,H,0.005,117.772837833258,117.772840452167,2.61890906472217e-06
E3_SITE_15,5,2,V,50,120.562134710459,120.562134710503,4.42099690189934e-11
E3_SITE_15,5,2,V,20,120.236090026821,120.236090027258,4.36713776252873e-10
E3_SITE_15,5,2,V,10,120.065494986598,120.06549498791,1.31196031816216e-09
E3_SITE_15,5,2,V,1,119.377402869593,119.377402891251,2.16582378698149e-08
E3_SITE_15,5,2,V,0.1,118.680079119389,118.68007932654,2.071508760082e-07
E3_SITE_15,5,2,V,0.01,117.982754262155,117.982755761829,1.49967353024749e-06
E3_SITE_15,5,2,V,0.005,117.772837833258,117.772840452167,2.61890906472217e-06
E3_SITE_15,50,1,H,50,120.562134710459,120.562134710503,4.42099690189934e-11
E3_SITE_15,50,1,H,20,120.236090026821,120.236090027258,4.36713776252873e-10
E3_SITE_15,50,1,H,10,120.065494986598,120.06549498791,1.31196031816216e-09
E3_SITE_15,50,1,H,1,119.377402869593,119.377402891251,2.16582378698149e-08
E3_SITE_15,50,1,H,0.1,118.680079119389,118.68007932654,2.071508760082e-07
E3_SITE_15,50,1,H,0.01,117.982754262155,117.982755761829,1.49967353024749e-06
E3_SITE_15,50,1,H,0.005,117.772837833258,117.772840452167,2.61890906472217e-06
E3_SITE_15,50,2,V,50,120.562134710459,120.562134710503,4.42099690189934e-11
E3_SITE_15,50,2,V,20,120.236090026821,120.236090027258,4.36713776252873e-10
E3_SITE_15,50,2,V,10,120.065494986598,120.06549498791,1.31196031816216e-09
E3_SITE_15,50,2,V,1,119.377402869593,119.377402891251,2.16582378698149e-08
E3_SITE_15,50,2,V,0.1,118.680079119389,118.68007932654,2.071508760082e-07
E3_SITE_15,50,2,V,0.01,117.982754262155,117.982755761829,1.49967353024749e-06
E3_SITE_15,50,2,V,0.005,117.772837833258,117.772840452167,2.61890906472217e-06
E3_SITE_15,200,1,H,50,120.562134710459,120.562134710503,4.42099690189934e-11
E3_SITE_15,200,1,H,20,120.236090026821,120.236090027258,4.36713776252873e-10
E3_SITE_15,200,1,H,10,120.065494986598,120.06549498791,1.31196031816216e-09
E3_SITE_15,200,1,H,1,119.377402869593,119.377402891251,2.16582378698149e-08
E3_SITE_15,200,1,H,0.1,118.680079119389,118.68007932654,2.071508760082e-07
E3_SITE_15,200,1,H,0.01,117.982754262155,117.982755761829,1.49967353024749e-06
E3_SITE_15,200,1,H,0.005,117.772837833258,117.772840452167,2.61890906472217e-06
E3_SITE_15,200,2,V,50,120.562134710459,120.562134710503,4.42099690189934e-11
E3_SITE_15,200,2,V,20,120.236090026821,120.236090027258,4.36713776252873e-10
E3_SITE_15,200,2,V,10,120.065494986598,120.06549498791,1.31196031816216e-09
E3_SITE_15,200,2,V,1,119.377402869593,119.377402891251,2.16582378698149e-08
E3_SITE_15,200,2,V,0.1,118.680079119389,118.68007932654,2.071508760082e-07
E3_SITE_15,200,2,V,0.01,117.982754262155,117.982755761829,1.49967353024749e-06
E3_SITE_15,200,2,V,0.005,117.772837833258,117.772840452167,2.61890906472217e-06
E3_SITE_16,5,1,H,50,117.856284606679,117.856284606723,4.38831193605438e-11
E3_SITE_16,5,1,H,20,117.608220398658,117.608220399108,4.49844606009719e-10
E3_SITE_16,5,1,H,10,117.478426766875,117.478426768254,1.3794902997688e-09
E3_SITE_16,5,1,H,1,116.951732388245,116.951732412777,2.45315021629722e-08
E3_SITE_16,5,1,H,0.1,116.419320055812,116.419320308958,2.53145572060021e-07
E3_SITE_16,5,1,H,0.01,115.886906227883,115.886908205139,1.97725560724393e-06
E3_SITE_16,5,1,H,0.005,115.726632659068,115.726636191835,3.53276651310352e-06
E3_SITE_16,5,2,V,50,117.856284606679,117.856284606723,4.38831193605438e-11
E3_SITE_16,5,2,V,20,117.608220398658,117.608220399108,4.49844606009719e-10
E3_SITE_16,5,2,V,10,117.478426766875,117.478426768254,1.3794902997688e-09
E3_SITE_16,5,2,V,1,116.951732388245,116.951732412777,2.45315021629722e-08
E3_SITE_16,5,2,V,0.1,116.419320055812,116.419320308958,2.53145572060021e-07
E3_SITE_16,5,2,V,0.01,115.886906227883,115.886908205139,1.97725560724393e-06
E3_SITE_16,5,2,V,0.005,115.726632659068,115.726636191835,3.53276651310352e-06
E3_SITE_16,50,1,H,50,117.856284606679,117.856284606723,4.38831193605438e-11
E3_SITE_16,50,1,H,20,117.608220398658,117.608220399108,4.49844606009719e-10
E3_SITE_16,50,1,H,10,117.478426766875,117.478426768254,1.3794902997688e-09
E3_SITE_16,50,1,H,1,116.951732388245,116.951732412777,2.45315021629722e-08
E3_SITE_16,50,1,H,0.1,116.419320055812,116.419320308958,2.53145572060021e-07
E3_SITE_16,50,1,H,0.01,115.886906227883,115.886908205139,1.97725560724393e-06
E3_SITE_16,50,1,H,0.005,115.726632659068,115.726636191835,3.53276651310352e-06
E3_SITE_16,50,2,V,50,117.856284606679,117.856284606723,4.38831193605438e-11
E3_SITE_16,50,2,V,20,117.608220398658,117.608220399108,4.49844606009719e-10
E3_SITE_16,50,2,V,10,117.478426766875,117.478426768254,1.3794902997688e-09
E3_SITE_16,50,2,V,1,116.951732388245,116.951732412777,2.45315021629722e-08
E3_SITE_16,50,2,V,0.1,116.419320055812,116.419320308958,2.53145572060021e-07
E3_SITE_16,50,2,V,0.01,115.886906227883,115.886908205139,1.97725560724393e-06
E3_SITE_16,50,2,V,0.005,115.726632659068,115.726636191835,3.53276651310352e-06
E3_SITE_16,200,1,H,50,117.856284606679,117.856284606723,4.38831193605438e-11
E3_SITE_16,200,1,H,20,117.608220398658,117.608220399108,4.49844606009719e-10
E3_SITE_16,200,1,H,10,117.478426766875,117.478426768254,1.3794902997688e-09
E3_SITE_16,200,1,H,1,116.951732388245,116.951732412777,2.45315021629722e-08
E3_SITE_16,200,1,H,0.1,116.419320055812,116.419320308958,2.53145572060021e-07
E3_SITE_16,200,1,H,0.01,115.886906227883,115.886908205139,1.97725560724393e-06
E3_SITE_16,200,1,H,0.005,115.726632659068,115.726636191835,3.53276651310352e-06
E3_SITE_16,200,2,V,50,117.856284606679,117.856284606723,4.38831193605438e-11
E3_SITE_16,200,2,V,20,117.608220398658,117.608220399108,4.49844606009719e-10
E3_SITE_16,200,2,V,10,117.478426766875,117.478426768254,1.3794902997688e-09
E3_SITE_16,200,2,V,1,116.951732388245,116.951732412777,2.45315021629722e-08
E3_SITE_16,200,2,V,0.1,116.419320055812,116.419320308958,2.53145572060021e-07
E3_SITE_16,200,2,V,0.01,115.886906227883,115.886908205139,1.97725560724393e-06
E3_SITE_16,200,2,V,0.005,115.726632659068,115.726636191835,3.53276651310352e-06
E3_SITE_17,5,1,H,50,162.183591456292,162.183591456658,3.66298991139047e-10
E3_SITE_17,5,1,H,20,161.940123993172,161.940123996933,3.76110165234422e-09
E3_SITE_17,5,1,H,10,161.757739594946,161.757739606194,1.12481188807578e-08
E3_SITE_17,5,1,H,1,161.164725964078,161.164726158071,1.93992690356026e-07
E3_SITE_17,5,1,H,0.1,160.572207459625,160.572209406851,1.94722582591567e-06
E3_SITE_17,5,1,H,0.01,159.979677861568,159.979692655631,1.47940628494325e-05
E3_SITE_17,5,1,H,0.005,159.801301127382,159.80132734058,2.62131982822211e-05
E3_SITE_17,5,2,V,50,162.183591456292,162.183591456658,3.66298991139047e-10
E3_SITE_17,5,2,V,20,161.940123993172,161.940123996933,3.76110165234422e-09
E3_SITE_17,5,2,V,10,161.757739594946,161.757739606194,1.12481188807578e-08
E3_SITE_17,5,2,V,1,161.164725964078,161.164726158071,1.93992690356026e-07
E3_SITE_17,5,2,V,0.1,160.572207459625,160.572209406851,1.94722582591567e-06
E3_SITE_17,5,2,V,0.01,159.979677861568,159.979692655631,1.47940628494325e-05
E3_SITE_17,5,2,V,0.005,159.801301127382,159.80132734058,2.62131982822211e-05
E3_SITE_17,50,1,H,50,162.183591456292,162.183591456658,3.66298991139047e-10
E3_SITE_17,50,1,H,20,161.940123993172,161.940123996933,3.76110165234422e-09
E3_SITE_17,50,1,H,10,161.757739594946,161.757739606194,1.12481188807578e-08
E3_SITE_17,50,1,H,1,161.164725964078,161.164726158071,1.93992690356026e-07
E3_SITE_17,50,1,H,0.1,160.572207459625,160.572209406851,1.94722582591567e-06
E3_SITE_17,50,1,H,0.01,159.979677861568,159.979692655631,1.47940628494325e-05
E3_SITE_17,50,1,H,0.005,159.801301127382,159.80132734058,2.62131982822211e-05
E3_SITE_17,50,2,V,50,162.183591456292,162.183591456658,3.66298991139047e-10
E3_SITE_17,50,2,V,20,161.940123993172,161.940123996933,3.76110165234422e-09
E3_SITE_17,50,2,V,10,161.757739594946,161.757739606194,1.12481188807578e-08
E3_SITE_17,50,2,V,1,161.164725964078,161.164726158071,1.93992690356026e-07
E3_SITE_17,50,2,V,0.1,160.572207459625,160.572209406851,1.94722582591567e-06
E3_SITE_17,50,2,V,0.01,159.979677861568,159.979692655631,1.47940628494325e-05
E3_SITE_17,50,2,V,0.005,159.801301127382,159.80132734058,2.62131982822211e-05
E3_SITE_17,200,1,H,50,162.183591456292,162.183591456658,3.66298991139047e-10
E3_SITE_17,200,1,H,20,161.940123993172,161.940123996933,3.76110165234422e-09
E3_SITE_17,200,1,H,10,161.757739594946,161.757739606194,1.12481188807578e-08
E3_SITE_17,200,1,H,1,161.164725964078,161.164726158071,1.93992690356026e-07
E3_SITE_17,200,1,H,0.1,160.572207459625,160.572209406851,1.94722582591567e-06
E3_SITE_17,200,1,H,0.01,159.979677861568,159.979692655631,1.47940628494325e-05
E3_SITE_17,200,1,H,0.005,159.801301127382,159.80132734058,2.62131982822211e-05
E3_SITE_17,200,2,V,50,162.183591456292,162.183591456658,3.66298991139047e-10
E3_SITE_17,200,2,V,20,161.940123993172,161.940123996933,3.76110165234422e-09
E3_SITE_17,200,2,V,10,161.757739594946,161.757739606194,1.12481188807578e-08
E3_SITE_17,200,2,V,1,161.164725964078,161.164726158071,1.93992690356026e-07
E3_SITE_17,200,2,V,0.1,160.572207459625,160.572209406851,1.94722582591567e-06
E3_SITE_17,200,2,V,0.01,159.979677861568,159.979692655631,1.47940628494325e-05
E3_SITE_17,200,2,V,0.005,159.801301127382,159.80132734058,2.62131982822211e-05
E3_SITE_18,5,1,H,50,117.863252559341,117.863252559385,4.40678604718414e-11
E3_SITE_18,5,1,H,20,117.615188351318,117.61518835177,4.51919390798139e-10
E3_SITE_18,5,1,H,10,117.485394719533,117.485394720917,1.38349776079849e-09
E3_SITE_18,5,1,H,1,116.958700340829,116.958700365438,2.46093065925379e-08
E3_SITE_18,5,1,H,0.1,116.426288007663,116.426288261619,2.53956130791266e-07
E3_SITE_18,5,1,H,0.01,115.89387417421,115.8938761578,1.9835899820464e-06
E3_SITE_18,5,1,H,0.005,115.73360060041,115.733604144496,3.54408582836641e-06
E3_SITE_18,5,2,V,50,117.863252559341,117.863252559385,4.40678604718414e-11
E3_SITE_18,5,2,V,20,117.615188351318,117.61518835177,4.51919390798139e-10
E3_SITE_18,5,2,V,10,117.485394719533,117.485394720917,1.38349776079849e-09
E3_SITE_18,5,2,V,1,116.958700340829,116.958700365438,2.46093065925379e-08
E3_SITE_18,5,2,V,0.1,116.426288007663,116.426288261619,2.53956130791266e-07
E3_SITE_18,5,2,V,0.01,115.89387417421,115.8938761578,1.9835899820464e-06
E3_SITE_18,5,2,V,0.005,115.73360060041,115.733604144496,3.54408582836641e-06
E3_SITE_18,50,1,H,50,117.863252559341,117.863252559385,4.40678604718414e-11
E3_SITE_18,50,1,H,20,117.615188351318,117.61518835177,4.51919390798139e-10
E3_SITE_18,50,1,H,10,117.485394719533,117.485394720917,1.38349776079849e-09
E3_SITE_18,50,1,H,1,116.958700340829,116.958700365438,2.46093065925379e-08
E3_SITE_18,50,1,H,0.1,116.426288007663,116.426288261619,2.53956130791266e-07
E3_SITE_18,50,1,H,0.01,115.89387417421,115.8938761578,1.9835899820464e-06
E3_SITE_18,50,1,H,0.005,115.73360060041,115.733604144496,3.54408582836641e-06
E3_SITE_18,50,2,V,50,117.863252559341,117.863252559385,4.40678604718414e-11
E3_SITE_18,50,2,V,20,117.615188351318,117.61518835177,4.51919390798139e-10
E3_SITE_18,50,2,V,10,117.485394719533,117.485394720917,1.38349776079849e-09
E3_SITE_18,50,2,V,1,116.958700340829,116.958700365438,2.46093065925379e-08
E3_SITE_18,50,2,V,0.1,116.426288007663,116.426288261619,2.53956130791266e-07
E3_SITE_18,50,2,V,0.01,115.89387417421,115.8938761578,1.9835899820464e-06
E3_SITE_18,50,2,V,0.005,115.73360060041,115.733604144496,3.54408582836641e-06
E3_SITE_18,200,1,H,50,117.863252559341,117.863252559385,4.40678604718414e-11
E3_SITE_18,200,1,H,20,117.615188351318,117.61518835177,4.51919390798139e-10
E3_SITE_18,200,1,H,10,117.485394719533,117.485394720917,1.38349776079849e-09
E3_SITE_18,200,1,H,1,116.958700340829,116.958700365438,2.46093065925379e-08
E3_SITE_18,200,1,H,0.1,116.426288007663,116.426288261619,2.53956130791266e-07
E3_SITE_18,200,1,H,0.01,115.89387417421,115.8938761578,1.9835899820464e-06
E3_SITE_18,200,1,H,0.005,115.73360060041,115.733604144496,3.54408582836641e-06
E3_SITE_18,200,2,V,50,117.863252559341,117.863252559385,4.40678604718414e-11
E3_SITE_18,200,2,V,20,117.615188351318,117.61518835177,4.51919390798139e-10
E3_SITE_18,200,2,V,10,117.485394719533,117.485394720917,1.38349776079849e-09
E3_SITE_18,200,2,V,1,116.958700340829,116.958700365438,2.46093065925379e-08
E3_SITE_18,200,2,V,0.1,116.426288007663,116.426288261619,2.53956130791266e-07
E3_SITE_18,200,2,V,0.01,115.89387417421,115.8938761578,1.9835899820464e-06
E3_SITE_18,200,2,V,0.005,115.73360060041,115.733604144496,3.54408582836641e-06
E3_SITE_19,5,1,H,50,116.68059257543,116.680592575474,4.44941861132975e-11
E3_SITE_19,5,1,H,20,116.461273131842,116.461273132299,4.57376359008776e-10
E3_SITE_19,5,1,H,10,116.346519506734,116.346519508147,1.41251632612693e-09
E3_SITE_19,5,1,H,1,115.879867915596,115.879867941422,2.58258978647063e-08
E3_SITE_19,5,1,H,0.1,115.408567625315,115.408567899425,2.74109893894092e-07
E3_SITE_19,5,1,H,0.01,114.937265655311,114.937267857428,2.20211694568206e-06
E3_SITE_19,5,1,H,0.005,114.795388439828,114.795392407829,3.96800113833251e-06
E3_SITE_19,5,2,V,50,116.68059257543,116.680592575474,4.44941861132975e-11
E3_SITE_19,5,2,V,20,116.461273131842,116.461273132299,4.57376359008776e-10
E3_SITE_19,5,2,V,10,116.346519506734,116.346519508147,1.41251632612693e-09
E3_SITE_19,5,2,V,1,115.879867915596,115.879867941422,2.58258978647063e-08
E3_SITE_19,5,2,V,0.1,115.408567625315,115.408567899425,2.74109893894092e-07
E3_SITE_19,5,2,V,0.01,114.937265655311,114.937267857428,2.20211694568206e-06
E3_SITE_19,5,2,V,0.005,114.795388439828,114.795392407829,3.96800113833251e-06
E3_SITE_19,50,1,H,50,116.68059257543,116.680592575474,4.44941861132975e-11
E3_SITE_19,50,1,H,20,116.461273131842,116.461273132299,4.57376359008776e-10
E3_SITE_19,50,1,H,10,116.346519506734,116.346519508147,1.41251632612693e-09
E3_SITE_19,50,1,H,1,115.879867915596,115.879867941422,2.58258978647063e-08
E3_SITE_19,50,1,H,0.1,115.408567625315,115.408567899425,2.74109893894092e-07
E3_SITE_19,50,1,H,0.01,114.937265655311,114.937267857428,2.20211694568206e-06
E3_SITE_19,50,1,H,0.005,114.795388439828,114.795392407829,3.96800113833251e-06
E3_SITE_19,50,2,V,50,116.68059257543,116.680592575474,4.44941861132975e-11
E3_SITE_19,50,2,V,20,116.461273131842,116.461273132299,4.57376359008776e-10
E3_SITE_19,50,2,V,10,116.346519506734,116.346519508147,1.41251632612693e-09
E3_SITE_19,50,2,V,1,115.879867915596,115.879867941422,2.58258978647063e-08
E3_SITE_19,50,2,V,0.1,115.408567625315,115.408567899425,2.74109893894092e-07
E3_SITE_19,50,2,V,0.01,114.937265655311,114.937267857428,2.20211694568206e-06
E3_SITE_19,50,2,V,0.005,114.795388439828,114.795392407829,3.96800113833251e-06
E3_SITE_19,200,1,H,50,116.68059257543,116.680592575474,4.44941861132975e-11
E3_SITE_19,200,1,H,20,116.461273131842,116.461273132299,4.57376359008776e-10
E3_SITE_19,200,1,H,10,116.346519506734,116.346519508147,1.41251632612693e-09
E3_SITE_19,200,1,H,1,115.879867915596,115.879867941422,2.58258978647063e-08
E3_SITE_19,200,1,H,0.1,115.408567625315,115.408567899425,2.74109893894092e-07
E3_SITE_19,200,1,H,0.01,114.937265655311,114.937267857428,2.20211694568206e-06
E3_SITE_19,200,1,H,0.005,114.795388439828,114.795392407829,3.96800113833251e-06
E3_SITE_19,200,2,V,50,116.68059257543,116.680592575474,4.44941861132975e-11
E3_SITE_19,200,2,V,20,116.461273131842,116.461273132299,4.57376359008776e-10
E3_SITE_19,200,2,V,10,116.346519506734,116.346519508147,1.41251632612693e-09
E3_SITE_19,200,2,V,1,115.879867915596,115.879867941422,2.58258978647063e-08
E3_SITE_19,200,2,V,0.1,115.408567625315,115.408567899425,2.74109893894092e-07
E3_SITE_19,200,2,V,0.01,114.937265655311,114.937267857428,2.20211694568206e-06
E3_SITE_19,200,2,V,0.005,114.795388439828,114.795392407829,3.96800113833251e-06
