method_id,long_violation_seconds,short_violation_seconds,long_maximum_excess_db,short_maximum_excess_db,eligible_floor_violation_user_intervals,eligible_floor_violation_user_seconds,total_normalized_floor_shortfall,final_moving_pf_utility,duration_weighted_mean_moving_pf_utility,protected_active_eligible_p05_bps_hz,protected_active_eligible_geometric_mean_bps_hz,total_active_eligible_p05_bps_hz,total_active_eligible_geometric_mean_bps_hz,sector_mute_interval_count,intervals_with_any_sector_mute,maximum_muted_sector_count,runtime_seconds,extra,pass_slot,protected_sample_count,interval_count,method_action_sha256,method_sector_scale_sha256,method_stream_action_sha256,runtime_scope,candidate_strict_local_scope_gate,candidate_strict_post_mode_power_gate,candidate_q0_envelope_deployable_actions,candidate_unresolved_deployable_intervals,candidate_network_wide_shutdown_intervals,candidate_maximum_mutable_sector_count,candidate_maximum_external_interferers_per_violating_user,candidate_maximum_eess_backoff_sectors,candidate_maximum_strict_post_mode_power_ratio,candidate_maximum_q0_power_envelope_ratio,candidate_maximum_normalized_floor_shortfall,candidate_baseline_noop_intervals,candidate_local_grid_repair_intervals,candidate_local_stream_repair_intervals,candidate_information_exchange_locality_certified,candidate_action_scope_locality_verified,candidate_global_oracles_classification_only,candidate_local_table_build_seconds_sum,candidate_repair_solver_seconds_sum,candidate_local_table_build_seconds_max,candidate_repair_solver_seconds_max,candidate_repair_solver_seconds_p95_nonzero,candidate_changed_stream_coefficient_count_sum,candidate_changed_sector_interval_count_sum,candidate_maximum_changed_stream_coefficients_per_interval,candidate_maximum_changed_sectors_per_interval,candidate_incremental_float32_payload_lower_bound_bytes_sum,candidate_payload_claim_boundary,campaign_seed,development_replay
candidate_v4_4_floor_first_protected_subband_scheduling,0,0,-0.0035037536217033143,-14.332598245893099,60,300,6.479739514199997,45.52680791046238,86.21049290085479,0.23285933032031247,1.8785388363275883,0.3642743714477094,2.214409985783328,163,18,10,2.1805158159695566,"{'action_class_counts': {'SPARSE_LOCAL_STREAM_POWER_REPAIR': 40, 'BASELINE_NOOP': 58, 'NO_FEASIBLE_DEPLOYABLE_ACTION_FOUND': 20}, 'strict_local_scope_gate': 'PASS', 'strict_local_scope_violation_intervals': 0, 'strict_post_mode_selected_power_gate': 'PASS', 'strict_post_mode_power_violation_intervals': 0, 'q0_envelope_deployable_actions': 0, 'unresolved_deployable_intervals': 20, 'diagnostic_g8_scheduling_feasible_intervals': 0, 'network_wide_shutdown_intervals': 0, 'maximum_normalized_floor_shortfall': 0.29100564391646655, 'maximum_mutable_sector_count': 11, 'maximum_external_interferers_per_violating_user': 2, 'maximum_eess_backoff_sectors': 2, 'maximum_post_mode_selected_power_ratio': 1.0, 'maximum_strict_post_mode_selected_power_ratio': 1.0, 'maximum_q0_nominal_power_envelope_ratio': 1.0, 'protected_subband_scheduling_intervals': 0, 'protected_subband_scheduling_success_intervals': 0, 'protected_subband_scheduling_failure_intervals': 20, 'protected_subband_scheduling_guard_limit_counts': {}, 'maximum_schedule_mode_count': 64, 'maximum_schedule_guard_sector_count': 0, 'schedule_slots_per_second': 2000, 'scheduled_nonbaseline_slots_per_second_sum': 0, 'maximum_scheduled_nonbaseline_slots_per_second': 0, 'maximum_protected_subband_scheduled_fraction': 0.0, 'maximum_schedule_nonzero_mode_count': 0, 'maximum_schedule_critical_sector_count': 0, 'maximum_schedule_mutable_sector_count': 0, 'local_table_build_seconds_sum': 0.40758078068029135, 'local_table_build_seconds_max': 0.003838235978037119, 'repair_solver_seconds_sum': 0.9219751763157547, 'repair_solver_seconds_max': 0.054813651950098574, 'repair_solver_seconds_p95_nonzero': 0.019295197556493775, 'schedule_solver_seconds_sum': 0.6452088565565646, 'schedule_solver_seconds_max': 0.032832587021403015, 'candidate_end_to_end_seconds': 2.1804841860430315, 'information_exchange_locality_certified': False, 'action_scope_locality_verified': True, 'global_oracles_classification_only': True, 'changed_stream_coefficient_count_sum': 132, 'changed_sector_interval_count_sum': 80, 'maximum_changed_stream_coefficients_per_interval': 5, 'maximum_changed_sectors_per_interval': 2, 'incremental_float32_payload_lower_bound_bytes_sum': 528, 'payload_claim_boundary': 'LOWER_BOUND_FOR_CHANGED_FLOAT32_STREAM_COEFFICIENTS_PLUS_SCHEDULE_COUNTS_NOT_A_SERIALIZED_PROTOCOL_MEASUREMENT', 'claim_boundary': 'DEVELOPMENT_REPLAY_ON_PREVIOUSLY_OBSERVED_SEEDS_NOT_CONFIRMATORY_NOT_CALIBRATION_NOT_REGULATORY_COMPLIANCE'}",0,587,118,0874caf50a193daad018b8c3c8944619895d81216f9f63aae1df5efdd25e7a8b,e36f7b1c367332397d2cd6cc951f34b2b2f5186e7f4c09d907c608e791ae8547,3158965b1d1873e778013fc9f08b4ad18b22c686cb10ef4b3c32ed895c0e1809,candidate_end_to_end_including_sequential_fallback_and_repair_oracles,PASS,PASS,0.0,20.0,0.0,11.0,2.0,2.0,1.0,1.0,0.29100564391646655,58.0,0.0,40.0,False,True,True,0.40758078068029135,0.9219751763157547,0.003838235978037119,0.054813651950098574,0.019295197556493775,132.0,80.0,5.0,2.0,528.0,LOWER_BOUND_FOR_CHANGED_FLOAT32_STREAM_COEFFICIENTS_PLUS_SCHEDULE_COUNTS_NOT_A_SERIALIZED_PROTOCOL_MEASUREMENT,44017,True
robust_predictive_constrained_pf_with_sector_selective_fallback,0,0,-0.0035037536217033143,-14.332598245893099,180,900,10.821095583163093,45.539088110598456,86.1620906101533,0.2328558346576206,1.872804067641451,0.36400126094697777,2.2135632471331834,163,18,10,7.199089671019465,{'mode_command_feasible': True},0,587,118,0874caf50a193daad018b8c3c8944619895d81216f9f63aae1df5efdd25e7a8b,e835568440b5c7de7ed749173266048d9e6190cf2ab9ff31d6244ce30bb9a184,NOT_APPLICABLE,legacy_method_specific_not_cross_method_comparable,,,,,,,,,,,,,,,,,,,,,,,,,,,,,44017,True
static_robust_constrained_pf_with_sector_selective_fallback,0,0,-0.03689572725857062,-14.660900998442326,180,900,10.841146404947722,45.113308623848006,85.94833563033933,0.23291123167865047,1.8583670600224098,0.3640208257638178,2.211363224862174,0,0,0,0.5515000809682533,"{'static_mode_feasible': True, 'static_pre_fallback_ratio': 0.40285427028922394}",0,587,118,29038dff103b89279e97f140545d1f7866f4e8f93e941142a829f8572bfc9a24,31441ec7384272c5461749c42dd70ef38bbf311778843d2748299d8f6c9f5adf,NOT_APPLICABLE,legacy_method_specific_not_cross_method_comparable,,,,,,,,,,,,,,,,,,,,,,,,,,,,,44017,True
delayed_myopic_constrained_pf_with_reactive_sector_fallback,0,0,-0.0025406126858224807,-14.341377865977666,180,900,10.799252830836446,45.494508802962805,86.14070928230551,0.23282373278582177,1.8715792225964967,0.3639949761151048,2.213381005527881,148,15,10,0.5183516219258308,{},0,587,118,c929bce58ca5d6267dcc21235f242cba5234093373416ff3be6c82da22224333,72c5f021b3e872d163f766220f54183faf613c07c7ec77884e226acf2f096955,NOT_APPLICABLE,legacy_method_specific_not_cross_method_comparable,,,,,,,,,,,,,,,,,,,,,,,,,,,,,44017,True
delayed_myopic_constrained_pf_unshielded,51,0,4.6995212841852005,-10.070189235859324,180,900,10.76030343601542,45.29702164590892,86.06130593777307,0.23247841178512088,1.8726559556091402,0.3639949806420992,2.2129789092558836,0,0,0,6.6750444560311735,{'mode_interval_max_ratio': 2.9508839375534675},0,587,118,21789affc7574a87aff7fa85e3d645023977db99ad0c40d8ccd28bd5f7798f79,206c55dc4e9a354aa3b3bcce52880cfde503dc24c7eda24b47d152d9e965c2f8,NOT_APPLICABLE,legacy_method_specific_not_cross_method_comparable,,,,,,,,,,,,,,,,,,,,,,,,,,,,,44017,True
virtual_queue_unshielded,142,0,6.168081762058652,-8.502606057928494,180,900,10.831438600723649,45.12208271108139,85.95125350212317,0.23286657730741986,1.8589705111855925,0.36401901565956263,2.211394066382951,0,0,0,4.8437367010628805,"{'maximum_queue': 6.637134548112482, 'price_gain': 1.0}",0,587,118,8fcd651a580034a44df29b35bc4d2c72605adaa3861e79c8cff35dd5048a9d9b,206c55dc4e9a354aa3b3bcce52880cfde503dc24c7eda24b47d152d9e965c2f8,NOT_APPLICABLE,legacy_method_specific_not_cross_method_comparable,,,,,,,,,,,,,,,,,,,,,,,,,,,,,44017,True
uniform_protected_tone_backoff,0,0,1.928654933106574e-15,-14.26805219821862,180,900,10.765584325124271,45.22976422658408,85.86616953488705,0.2326473328088492,1.849810407311659,0.36168525871099716,2.210433137615964,0,0,0,0.07619690103456378,{},0,587,118,0874caf50a193daad018b8c3c8944619895d81216f9f63aae1df5efdd25e7a8b,c1cb8ebb340cb89ef173234d73bd97e4843288fe6c872e4df7158bea89349743,NOT_APPLICABLE,legacy_method_specific_not_cross_method_comparable,,,,,,,,,,,,,,,,,,,,,,,,,,,,,44017,True
hard_spatial_null_or_exact_mute,0,0,-0.3571490527700522,-14.981382993402638,414,2070,16.380860660283297,45.067543273599014,85.39750190953508,0.037920301455800845,1.4096400803115372,0.35181487411793866,2.203078998604741,171,3,57,0.016957798041403294,{},0,587,118,1b8552d981e4c61086437d2c5e5afe67390605d69d7669e7a325e611ebb48417,540067f507adb262d40f6694afbf09a103ab9e6e18208f954e8774688261c364,NOT_APPLICABLE,legacy_method_specific_not_cross_method_comparable,,,,,,,,,,,,,,,,,,,,,,,,,,,,,44017,True
common_scale_instantaneous_noncausal_reference,0,0,1.157192959863943e-14,-14.504950316046752,180,900,10.830973694353945,45.08850020058363,85.92505377401791,0.23287395975712616,1.8555386677855157,0.364021301480928,2.2110206537487387,0,0,0,0.2208999440772459,"{'time_resolution_seconds': 1, 'delay_intervals': 0, 'slew_constraint': False}",0,587,118,16deebb0fbe7c61106a7ea79f6fafa1f00d0ed96ca8ebbd19a63e7d1a3cea78a,206c55dc4e9a354aa3b3bcce52880cfde503dc24c7eda24b47d152d9e965c2f8,NOT_APPLICABLE,legacy_method_specific_not_cross_method_comparable,,,,,,,,,,,,,,,,,,,,,,,,,,,,,44017,True
candidate_v4_4_floor_first_protected_subband_scheduling,0,0,-0.003096383862940489,-14.319154909979261,60,300,6.479054637949778,57.538641125782775,87.17127818043771,0.22550753490347042,1.8680592117047357,0.36409419832579887,2.2031283914140225,173,18,10,2.072174464003183,"{'action_class_counts': {'SPARSE_LOCAL_STREAM_POWER_REPAIR': 40, 'BASELINE_NOOP': 55, 'NO_FEASIBLE_DEPLOYABLE_ACTION_FOUND': 20}, 'strict_local_scope_gate': 'PASS', 'strict_local_scope_violation_intervals': 0, 'strict_post_mode_selected_power_gate': 'PASS', 'strict_post_mode_power_violation_intervals': 0, 'q0_envelope_deployable_actions': 0, 'unresolved_deployable_intervals': 20, 'diagnostic_g8_scheduling_feasible_intervals': 0, 'network_wide_shutdown_intervals': 0, 'maximum_normalized_floor_shortfall': 0.2910056436785502, 'maximum_mutable_sector_count': 11, 'maximum_external_interferers_per_violating_user': 2, 'maximum_eess_backoff_sectors': 2, 'maximum_post_mode_selected_power_ratio': 1.0, 'maximum_strict_post_mode_selected_power_ratio': 1.0, 'maximum_q0_nominal_power_envelope_ratio': 1.0, 'protected_subband_scheduling_intervals': 0, 'protected_subband_scheduling_success_intervals': 0, 'protected_subband_scheduling_failure_intervals': 20, 'protected_subband_scheduling_guard_limit_counts': {}, 'maximum_schedule_mode_count': 64, 'maximum_schedule_guard_sector_count': 0, 'schedule_slots_per_second': 2000, 'scheduled_nonbaseline_slots_per_second_sum': 0, 'maximum_scheduled_nonbaseline_slots_per_second': 0, 'maximum_protected_subband_scheduled_fraction': 0.0, 'maximum_schedule_nonzero_mode_count': 0, 'maximum_schedule_critical_sector_count': 0, 'maximum_schedule_mutable_sector_count': 0, 'local_table_build_seconds_sum': 0.3975190401542932, 'local_table_build_seconds_max': 0.0038224459858611226, 'repair_solver_seconds_sum': 0.8188985872548074, 'repair_solver_seconds_max': 0.01874474505893886, 'repair_solver_seconds_p95_nonzero': 0.018593331944430247, 'schedule_solver_seconds_sum': 0.6569318160181865, 'schedule_solver_seconds_max': 0.03778694290667772, 'candidate_end_to_end_seconds': 2.0721359540475532, 'information_exchange_locality_certified': False, 'action_scope_locality_verified': True, 'global_oracles_classification_only': True, 'changed_stream_coefficient_count_sum': 136, 'changed_sector_interval_count_sum': 80, 'maximum_changed_stream_coefficients_per_interval': 5, 'maximum_changed_sectors_per_interval': 2, 'incremental_float32_payload_lower_bound_bytes_sum': 544, 'payload_claim_boundary': 'LOWER_BOUND_FOR_CHANGED_FLOAT32_STREAM_COEFFICIENTS_PLUS_SCHEDULE_COUNTS_NOT_A_SERIALIZED_PROTOCOL_MEASUREMENT', 'claim_boundary': 'DEVELOPMENT_REPLAY_ON_PREVIOUSLY_OBSERVED_SEEDS_NOT_CONFIRMATORY_NOT_CALIBRATION_NOT_REGULATORY_COMPLIANCE'}",1,571,115,eaf10dd3876fe93f3911d1fad6fd59b79b7d0cb95402e4efcec27efb7035bfcf,f934adbe58dcb0f04c6d646cb636e45e8c52c4c71d0248acdd303f848cb9c71a,2aa8b76140791f2d4180e157e86e853697439b4dbb0f2da7fdaffc079a796fd2,candidate_end_to_end_including_sequential_fallback_and_repair_oracles,PASS,PASS,0.0,20.0,0.0,11.0,2.0,2.0,1.0,1.0,0.2910056436785502,55.0,0.0,40.0,False,True,True,0.3975190401542932,0.8188985872548074,0.0038224459858611226,0.01874474505893886,0.018593331944430247,136.0,80.0,5.0,2.0,544.0,LOWER_BOUND_FOR_CHANGED_FLOAT32_STREAM_COEFFICIENTS_PLUS_SCHEDULE_COUNTS_NOT_A_SERIALIZED_PROTOCOL_MEASUREMENT,44017,True
robust_predictive_constrained_pf_with_sector_selective_fallback,0,0,-0.0011296239112546195,-14.319154909979261,180,900,10.791289351530747,57.55000332831107,87.12050240408492,0.22846066378123636,1.8627625851455916,0.3518057224268993,2.202241547034941,173,18,10,6.977370850043371,{'mode_command_feasible': True},1,571,115,eaf10dd3876fe93f3911d1fad6fd59b79b7d0cb95402e4efcec27efb7035bfcf,c3b4ba93e544574d5946c6aea5149fbad759e0c958d27efa58ca937a88d96acd,NOT_APPLICABLE,legacy_method_specific_not_cross_method_comparable,,,,,,,,,,,,,,,,,,,,,,,,,,,,,44017,True
static_robust_constrained_pf_with_sector_selective_fallback,0,0,-1.3468834478590586,-15.98402552632793,180,900,10.84117550646101,57.108586056803084,86.90273184148768,0.22846129291111134,1.8468634365884466,0.35181523183728014,2.19997584034246,0,0,0,0.5327586870407686,"{'static_mode_feasible': True, 'static_pre_fallback_ratio': 0.24673511742510862}",1,571,115,a2ff226dfbeb012ff26be85ad571205d9ba8c0775b441e3b3b71223c9e6f2e07,195cac71afed644ddf470842e7901fac29bfc04a8d3f661f1a23005cae87995b,NOT_APPLICABLE,legacy_method_specific_not_cross_method_comparable,,,,,,,,,,,,,,,,,,,,,,,,,,,,,44017,True
delayed_myopic_constrained_pf_with_reactive_sector_fallback,0,0,-8.595897146472428e-05,-14.350747849039344,180,900,10.784417734360026,57.535166396964605,87.11064767422766,0.22846959058192337,1.8615663831020033,0.35180486501692443,2.2021241757490895,177,18,10,0.5053035099990666,{},1,571,115,c6c5a7e3c9516cd82206ba233182f2f10a30a3cec2a6451dd95b7ac2b8a8f03f,a839891f1589a8a44d6825bfa7a7afda1b0ef0c7c250cb413b282aa51a5dd2e7,NOT_APPLICABLE,legacy_method_specific_not_cross_method_comparable,,,,,,,,,,,,,,,,,,,,,,,,,,,,,44017,True
delayed_myopic_constrained_pf_unshielded,62,0,4.565605626312646,-10.215088851984273,180,900,10.757355089721877,57.289042818907035,87.01560255873957,0.22866515180730168,1.8609160797464008,0.3518048414151367,2.2015782734376312,0,0,0,6.427924938034266,{'mode_interval_max_ratio': 2.86128134024142},1,571,115,49556d129fbccb81f8243acdf40606e1df45573507af73795503e7bf840b119f,195cac71afed644ddf470842e7901fac29bfc04a8d3f661f1a23005cae87995b,NOT_APPLICABLE,legacy_method_specific_not_cross_method_comparable,,,,,,,,,,,,,,,,,,,,,,,,,,,,,44017,True
virtual_queue_unshielded,143,0,5.982823157887038,-8.602232563614692,180,900,10.83521680476466,57.12578104388118,86.90767837222397,0.22876350754239744,1.8475103417342742,0.35181509265382727,2.200036068414284,0,0,0,4.619574657059275,"{'maximum_queue': 4.306551748350259, 'price_gain': 1.0}",1,571,115,46ed36d8be99984663e8830930d3aa5bf2591959fbaef9d2eac3d17888d28bf8,195cac71afed644ddf470842e7901fac29bfc04a8d3f661f1a23005cae87995b,NOT_APPLICABLE,legacy_method_specific_not_cross_method_comparable,,,,,,,,,,,,,,,,,,,,,,,,,,,,,44017,True
uniform_protected_tone_backoff,0,0,1.928654933106574e-15,-14.266383065553896,180,900,10.759727005186186,57.2231588594802,86.9026748716891,0.2285888413376873,1.8483917132462317,0.351743911770551,2.2001640714263946,0,0,0,0.07529839291237295,{},1,571,115,eaf10dd3876fe93f3911d1fad6fd59b79b7d0cb95402e4efcec27efb7035bfcf,fa892e6d1c089f7369f5825d0fb8ba6e9d0dd6b30597cc8596ab53826432de24,NOT_APPLICABLE,legacy_method_specific_not_cross_method_comparable,,,,,,,,,,,,,,,,,,,,,,,,,,,,,44017,True
hard_spatial_null_or_exact_mute,0,0,-1.3842560269193411,-16.025248313922166,180,900,10.842512113670589,57.08084391572638,86.87712781856288,0.22846143604057978,1.8436050786406477,0.35181487411793866,2.1996031802315406,0,0,0,0.017096749041229486,{},1,571,115,a35293ac0832b0d2c8d57a59e0a37f2bd7697d51a1542e5f7b9aff86fa1e7d6f,195cac71afed644ddf470842e7901fac29bfc04a8d3f661f1a23005cae87995b,NOT_APPLICABLE,legacy_method_specific_not_cross_method_comparable,,,,,,,,,,,,,,,,,,,,,,,,,,,,,44017,True
common_scale_instantaneous_noncausal_reference,0,0,4.821637332766433e-15,-14.50494935307548,180,900,10.830812222388445,57.0842912245874,86.87910638221679,0.2290353447165612,1.8440152816933337,0.35181437443826646,2.1996304031149334,0,0,0,0.2176755629479885,"{'time_resolution_seconds': 1, 'delay_intervals': 0, 'slew_constraint': False}",1,571,115,23ec88bcf5e74732cae6acf78a6f5d437029c879def6b05bc938a91abb448fc5,195cac71afed644ddf470842e7901fac29bfc04a8d3f661f1a23005cae87995b,NOT_APPLICABLE,legacy_method_specific_not_cross_method_comparable,,,,,,,,,,,,,,,,,,,,,,,,,,,,,44017,True
candidate_v4_4_floor_first_protected_subband_scheduling,0,0,-0.0010619344145693969,-14.30737195907956,60,300,6.506333697491723,49.65684713763505,86.60327889947618,0.2255018775872994,1.873000150758726,0.3641423126345515,2.2107791393239027,122,18,10,2.0827011429937556,"{'action_class_counts': {'SPARSE_LOCAL_STREAM_POWER_REPAIR': 40, 'BASELINE_NOOP': 57, 'NO_FEASIBLE_DEPLOYABLE_ACTION_FOUND': 20}, 'strict_local_scope_gate': 'PASS', 'strict_local_scope_violation_intervals': 0, 'strict_post_mode_selected_power_gate': 'PASS', 'strict_post_mode_power_violation_intervals': 0, 'q0_envelope_deployable_actions': 0, 'unresolved_deployable_intervals': 20, 'diagnostic_g8_scheduling_feasible_intervals': 0, 'network_wide_shutdown_intervals': 0, 'maximum_normalized_floor_shortfall': 0.2911071437554567, 'maximum_mutable_sector_count': 11, 'maximum_external_interferers_per_violating_user': 2, 'maximum_eess_backoff_sectors': 2, 'maximum_post_mode_selected_power_ratio': 1.0, 'maximum_strict_post_mode_selected_power_ratio': 1.0, 'maximum_q0_nominal_power_envelope_ratio': 1.0, 'protected_subband_scheduling_intervals': 0, 'protected_subband_scheduling_success_intervals': 0, 'protected_subband_scheduling_failure_intervals': 20, 'protected_subband_scheduling_guard_limit_counts': {}, 'maximum_schedule_mode_count': 64, 'maximum_schedule_guard_sector_count': 0, 'schedule_slots_per_second': 2000, 'scheduled_nonbaseline_slots_per_second_sum': 0, 'maximum_scheduled_nonbaseline_slots_per_second': 0, 'maximum_protected_subband_scheduled_fraction': 0.0, 'maximum_schedule_nonzero_mode_count': 0, 'maximum_schedule_critical_sector_count': 0, 'maximum_schedule_mutable_sector_count': 0, 'local_table_build_seconds_sum': 0.4042963366955519, 'local_table_build_seconds_max': 0.00372551498003304, 'repair_solver_seconds_sum': 0.8106493330560625, 'repair_solver_seconds_max': 0.018333091982640326, 'repair_solver_seconds_p95_nonzero': 0.018262988090282307, 'schedule_solver_seconds_sum': 0.6665651455987245, 'schedule_solver_seconds_max': 0.04512132203672081, 'candidate_end_to_end_seconds': 2.0826738129835576, 'information_exchange_locality_certified': False, 'action_scope_locality_verified': True, 'global_oracles_classification_only': True, 'changed_stream_coefficient_count_sum': 122, 'changed_sector_interval_count_sum': 80, 'maximum_changed_stream_coefficients_per_interval': 4, 'maximum_changed_sectors_per_interval': 2, 'incremental_float32_payload_lower_bound_bytes_sum': 488, 'payload_claim_boundary': 'LOWER_BOUND_FOR_CHANGED_FLOAT32_STREAM_COEFFICIENTS_PLUS_SCHEDULE_COUNTS_NOT_A_SERIALIZED_PROTOCOL_MEASUREMENT', 'claim_boundary': 'DEVELOPMENT_REPLAY_ON_PREVIOUSLY_OBSERVED_SEEDS_NOT_CONFIRMATORY_NOT_CALIBRATION_NOT_REGULATORY_COMPLIANCE'}",2,581,117,6dd77650b53866104c484db31b2e5caae03022a9e9d58ad86e3b2318161aac93,e12791eef8d0c7fe5e2cd06e98a1039fd1ba7377ae3268d3678f11f130239b59,a2cb0928dfa0137355cf1e2f61f34128af1867b2ad216f8f2ef2183993ea94d7,candidate_end_to_end_including_sequential_fallback_and_repair_oracles,PASS,PASS,0.0,20.0,0.0,11.0,2.0,2.0,1.0,1.0,0.2911071437554567,57.0,0.0,40.0,False,True,True,0.4042963366955519,0.8106493330560625,0.00372551498003304,0.018333091982640326,0.018262988090282307,122.0,80.0,4.0,2.0,488.0,LOWER_BOUND_FOR_CHANGED_FLOAT32_STREAM_COEFFICIENTS_PLUS_SCHEDULE_COUNTS_NOT_A_SERIALIZED_PROTOCOL_MEASUREMENT,44017,True
robust_predictive_constrained_pf_with_sector_selective_fallback,0,0,-0.0008102645132173143,-14.30737195907956,180,900,10.781950389320023,49.669344270329574,86.5520647679242,0.22939883806885136,1.8677190050913586,0.3518150117270905,2.20985895640568,122,18,10,7.0471764309331775,{'mode_command_feasible': True},2,581,117,6dd77650b53866104c484db31b2e5caae03022a9e9d58ad86e3b2318161aac93,7de400c6a4912693dcc96372476b864cb217ae356063291ee0bd73183163e69d,NOT_APPLICABLE,legacy_method_specific_not_cross_method_comparable,,,,,,,,,,,,,,,,,,,,,,,,,,,,,44017,True
static_robust_constrained_pf_with_sector_selective_fallback,0,0,-0.06321006502908688,-14.973965152517684,180,900,10.841439228472744,49.196209739147434,86.36088816836218,0.2284613882720941,1.8573297172709524,0.35180743839107526,2.2078310920922206,0,0,0,0.5462808019947261,"{'static_mode_feasible': True, 'static_pre_fallback_ratio': 0.6490045563890697}",2,581,117,35c2c86dfdf637408b6a82a65410b1934ece4026a77168581826745ced3e014c,5180ee1195dcd2f5b345af515800e9ba01c1ba0cb7a006dd75ef68d6b2feb574,NOT_APPLICABLE,legacy_method_specific_not_cross_method_comparable,,,,,,,,,,,,,,,,,,,,,,,,,,,,,44017,True
delayed_myopic_constrained_pf_with_reactive_sector_fallback,0,0,-0.00017208083936776455,-14.194502857680655,180,900,10.778658705446027,49.75258145563832,86.55360443080978,0.22877095608113995,1.8627832881356507,0.3518150117270905,2.2099143612018826,133,24,10,0.5205731330206618,{},2,581,117,1717b22d545382e34f7c7e342f77cb1701c5b4d05adbb552be344cda7eac2ae8,23b8174dfec066c5c0ec6f3261d8d91a52c583e1ac8379f4215e635f36b61a9a,NOT_APPLICABLE,legacy_method_specific_not_cross_method_comparable,,,,,,,,,,,,,,,,,,,,,,,,,,,,,44017,True
delayed_myopic_constrained_pf_unshielded,256,0,6.813123022744486,-8.015095100923729,180,900,10.779291986671387,49.30276007406068,86.45981669611508,0.23018557767628073,1.868477941442551,0.35181517460097506,2.209135730619646,0,0,0,6.508899494074285,{'mode_interval_max_ratio': 4.800785502553723},2,581,117,7b67a5abad16e2df318f957ea677b625b80969814262da01920dd780c79fb4e8,d4553b5f3fa4ffa25e4cafdaae7ead3634a56cebb6e17496d126564724cf84d1,NOT_APPLICABLE,legacy_method_specific_not_cross_method_comparable,,,,,,,,,,,,,,,,,,,,,,,,,,,,,44017,True
virtual_queue_unshielded,142,0,6.496277090120863,-8.387980247465263,180,900,10.835735776390298,49.1830856788816,86.35793458992018,0.22988865320246732,1.8563424669473423,0.3518152763420051,2.2077592350736426,0,0,0,4.709192045032978,"{'maximum_queue': 6.355720333954578, 'price_gain': 1.0}",2,581,117,ffc54df1ad08a71bf8b740830b7312514ff881163cd2b30c899fe5ea328b6089,d4553b5f3fa4ffa25e4cafdaae7ead3634a56cebb6e17496d126564724cf84d1,NOT_APPLICABLE,legacy_method_specific_not_cross_method_comparable,,,,,,,,,,,,,,,,,,,,,,,,,,,,,44017,True
uniform_protected_tone_backoff,0,0,1.928654933106574e-15,-14.257818071882394,180,900,10.783268874186941,48.645106009967726,86.34110705955045,0.22909578500903893,1.8429234965279275,0.3518150117270905,2.2063528930363328,0,0,0,0.07700378901790828,{},2,581,117,6dd77650b53866104c484db31b2e5caae03022a9e9d58ad86e3b2318161aac93,13fe12c1d11055d98d2cae5fec2c5ae977b5766d29ed03ed50b9f1b150f18a54,NOT_APPLICABLE,legacy_method_specific_not_cross_method_comparable,,,,,,,,,,,,,,,,,,,,,,,,,,,,,44017,True
hard_spatial_null_or_exact_mute,0,0,-0.12273440797356988,-15.044529792756185,474,2174,16.586514517000015,46.06178693455188,86.23953011754114,0.037920301455800845,1.3669860323259246,0.35181487411793866,2.1988675350903844,342,6,57,0.017221621004864573,{},2,581,117,b2626b9eb90205891807bfe3dcb22672499482c0313086851850a3140002fadc,d2e283c1d6d587be83d616c11e99dc4a0175f70e681f4e5ba882eb8c25ff0347,NOT_APPLICABLE,legacy_method_specific_not_cross_method_comparable,,,,,,,,,,,,,,,,,,,,,,,,,,,,,44017,True
common_scale_instantaneous_noncausal_reference,0,0,1.2536257065192713e-14,-14.50651717271965,180,900,10.830854800387947,49.1542877304573,86.31887174503663,0.22934219733602573,1.8517115337676762,0.35181391500229764,2.207264102513619,0,0,0,0.22203329403419048,"{'time_resolution_seconds': 1, 'delay_intervals': 0, 'slew_constraint': False}",2,581,117,3d3e921a2755de47eff44b297e3ade934ba52bbbeb3d40f8bf18abb6726a28f3,d4553b5f3fa4ffa25e4cafdaae7ead3634a56cebb6e17496d126564724cf84d1,NOT_APPLICABLE,legacy_method_specific_not_cross_method_comparable,,,,,,,,,,,,,,,,,,,,,,,,,,,,,44017,True
candidate_v4_4_floor_first_protected_subband_scheduling,0,0,-0.00012918860216017366,-14.371217710808725,60,300,6.509445310439445,50.62254288598321,85.77020598675362,0.2328084270873924,1.8792361061663656,0.36427437144770947,2.2177869539538975,128,17,10,2.451678829966113,"{'action_class_counts': {'SPARSE_LOCAL_STREAM_POWER_REPAIR': 40, 'BASELINE_NOOP': 58, 'NO_FEASIBLE_DEPLOYABLE_ACTION_FOUND': 20, 'SPARSE_LOCAL_FROZEN_GRID_SECTOR_REPAIR': 1}, 'strict_local_scope_gate': 'PASS', 'strict_local_scope_violation_intervals': 0, 'strict_post_mode_selected_power_gate': 'PASS', 'strict_post_mode_power_violation_intervals': 0, 'q0_envelope_deployable_actions': 0, 'unresolved_deployable_intervals': 20, 'diagnostic_g8_scheduling_feasible_intervals': 0, 'network_wide_shutdown_intervals': 0, 'maximum_normalized_floor_shortfall': 0.2911301509839799, 'maximum_mutable_sector_count': 11, 'maximum_external_interferers_per_violating_user': 2, 'maximum_eess_backoff_sectors': 2, 'maximum_post_mode_selected_power_ratio': 1.0, 'maximum_strict_post_mode_selected_power_ratio': 1.0, 'maximum_q0_nominal_power_envelope_ratio': 1.0, 'protected_subband_scheduling_intervals': 0, 'protected_subband_scheduling_success_intervals': 0, 'protected_subband_scheduling_failure_intervals': 20, 'protected_subband_scheduling_guard_limit_counts': {}, 'maximum_schedule_mode_count': 64, 'maximum_schedule_guard_sector_count': 0, 'schedule_slots_per_second': 2000, 'scheduled_nonbaseline_slots_per_second_sum': 0, 'maximum_scheduled_nonbaseline_slots_per_second': 0, 'maximum_protected_subband_scheduled_fraction': 0.0, 'maximum_schedule_nonzero_mode_count': 0, 'maximum_schedule_critical_sector_count': 0, 'maximum_schedule_mutable_sector_count': 0, 'local_table_build_seconds_sum': 0.4118536823661998, 'local_table_build_seconds_max': 0.0037194950273260474, 'repair_solver_seconds_sum': 1.1267162131844088, 'repair_solver_seconds_max': 0.04998181702103466, 'repair_solver_seconds_p95_nonzero': 0.043126843054778874, 'schedule_solver_seconds_sum': 0.7058175710262731, 'schedule_solver_seconds_max': 0.09101872006431222, 'candidate_end_to_end_seconds': 2.451649599010125, 'information_exchange_locality_certified': False, 'action_scope_locality_verified': True, 'global_oracles_classification_only': True, 'changed_stream_coefficient_count_sum': 130, 'changed_sector_interval_count_sum': 82, 'maximum_changed_stream_coefficients_per_interval': 8, 'maximum_changed_sectors_per_interval': 2, 'incremental_float32_payload_lower_bound_bytes_sum': 520, 'payload_claim_boundary': 'LOWER_BOUND_FOR_CHANGED_FLOAT32_STREAM_COEFFICIENTS_PLUS_SCHEDULE_COUNTS_NOT_A_SERIALIZED_PROTOCOL_MEASUREMENT', 'claim_boundary': 'DEVELOPMENT_REPLAY_ON_PREVIOUSLY_OBSERVED_SEEDS_NOT_CONFIRMATORY_NOT_CALIBRATION_NOT_REGULATORY_COMPLIANCE'}",3,594,119,c3784debf112668d0ab10838fa9dd9420440b98b67f6cbce8ff2593d0a500aa1,d3cb2a5e6e33eeaa775d81732e42592c13f26cfec4c394e282d47ca51dc6dd2f,5d2e841d5be72867883b6b57cba13809b8b144276104cbb8811931aa7d4b0184,candidate_end_to_end_including_sequential_fallback_and_repair_oracles,PASS,PASS,0.0,20.0,0.0,11.0,2.0,2.0,1.0,1.0,0.2911301509839799,58.0,1.0,40.0,False,True,True,0.4118536823661998,1.1267162131844088,0.0037194950273260474,0.04998181702103466,0.043126843054778874,130.0,82.0,8.0,2.0,520.0,LOWER_BOUND_FOR_CHANGED_FLOAT32_STREAM_COEFFICIENTS_PLUS_SCHEDULE_COUNTS_NOT_A_SERIALIZED_PROTOCOL_MEASUREMENT,44017,True
robust_predictive_constrained_pf_with_sector_selective_fallback,0,0,-0.000129188602161138,-14.371217710808725,181,904,11.024967494649054,50.63116229650295,85.72033009571985,0.2328084270873924,1.8748232908754372,0.36400987826277403,2.2168411631410634,127,17,10,7.152764277998358,{'mode_command_feasible': False},3,594,119,c3784debf112668d0ab10838fa9dd9420440b98b67f6cbce8ff2593d0a500aa1,95400f6f3e86edc7226ad02fcda4ea3456e5be8845337437de26c93f0152b5e9,NOT_APPLICABLE,legacy_method_specific_not_cross_method_comparable,,,,,,,,,,,,,,,,,,,,,,,,,,,,,44017,True
static_robust_constrained_pf_with_sector_selective_fallback,0,0,-0.00437358360387211,-14.683378876800244,181,904,11.080165754322062,50.24126459413004,85.47671895834887,0.23291248629975075,1.8567994678009914,0.36402113192826535,2.21434021864973,1,1,1,0.5479493080638349,"{'static_mode_feasible': False, 'static_pre_fallback_ratio': 1.0922863631196913}",3,594,119,dcc9de02caf026c6d79086ddc8a03bec129c676d55e3295f6e75486cdc28ff0a,26aea0754e93b711f22200b9664470b553a3a753a2adc22994cd9eb82e566f46,NOT_APPLICABLE,legacy_method_specific_not_cross_method_comparable,,,,,,,,,,,,,,,,,,,,,,,,,,,,,44017,True
delayed_myopic_constrained_pf_with_reactive_sector_fallback,0,0,-0.00011713467466627161,-14.192312939779764,181,904,11.023436605817489,50.69608670529686,85.72206333622782,0.23010141111537052,1.8699844820238145,0.3640109364274462,2.2168512607625717,152,21,10,0.5297064869664609,{},3,594,119,46e6418a5dc33584971ce6435a6d5c2a182dd8f5a9f9d9ab6cc0e625ef9412ee,4d82784758705e07833eb9a023f7063661d29f2674f234a93138f5069dbd24cb,NOT_APPLICABLE,legacy_method_specific_not_cross_method_comparable,,,,,,,,,,,,,,,,,,,,,,,,,,,,,44017,True
delayed_myopic_constrained_pf_unshielded,255,0,6.717718232159379,-8.116379137217558,181,904,11.025069328495446,50.42148984855903,85.62042304720278,0.23286209230307583,1.8759702587889286,0.36401088593419817,2.2162617070245796,0,0,0,6.573891240986995,{'mode_interval_max_ratio': 4.696472927470187},3,594,119,a462d574fb89b25a067a4b696aed12bd3b3300c4c14b7060ce3be4fa7ecb25cc,bc694d6425cbdc12f11b0f246f0b2e98719c027e0af655f74f11f955d7c490a7,NOT_APPLICABLE,legacy_method_specific_not_cross_method_comparable,,,,,,,,,,,,,,,,,,,,,,,,,,,,,44017,True
virtual_queue_unshielded,144,0,6.076321040927328,-8.769649607189594,181,904,11.074285218260437,50.30085634286978,85.51535117293541,0.2328491002115972,1.8631646587847404,0.364019578958726,2.2148463297514245,0,0,0,4.698759527062066,"{'maximum_queue': 5.360460757029546, 'price_gain': 1.0}",3,594,119,06ec328bc486040035d1285139d01c5853219a0dfa4738e98df304ac5cdd37ae,bc694d6425cbdc12f11b0f246f0b2e98719c027e0af655f74f11f955d7c490a7,NOT_APPLICABLE,legacy_method_specific_not_cross_method_comparable,,,,,,,,,,,,,,,,,,,,,,,,,,,,,44017,True
uniform_protected_tone_backoff,0,0,1.928654933106574e-15,-14.284105272545753,181,904,11.0302292360653,49.51285436118444,85.48826541480449,0.23010141111537052,1.847955385657488,0.3639761561302973,2.2132423319007604,0,0,0,0.07765877607744187,{},3,594,119,c3784debf112668d0ab10838fa9dd9420440b98b67f6cbce8ff2593d0a500aa1,6870e91d8fcdeacf9c13251faa695acff2ca987c0e03da1a46c0678bb5bd71c8,NOT_APPLICABLE,legacy_method_specific_not_cross_method_comparable,,,,,,,,,,,,,,,,,,,,,,,,,,,,,44017,True
hard_spatial_null_or_exact_mute,0,0,-0.1229896711132577,-15.018567171808048,521,2558,17.69244831731894,45.995895674031566,85.35269147308988,0.008659015731680104,1.3147909831683458,0.36402113192826535,2.2047763027428156,399,7,57,0.017333321971818805,{},3,594,119,dcc9de02caf026c6d79086ddc8a03bec129c676d55e3295f6e75486cdc28ff0a,858a1d84801e85bb2631a3b5ce49a548d58ea46b403133255f49436dc71de894,NOT_APPLICABLE,legacy_method_specific_not_cross_method_comparable,,,,,,,,,,,,,,,,,,,,,,,,,,,,,44017,True
common_scale_instantaneous_noncausal_reference,0,0,1.157192959863943e-14,-14.50651717271965,181,904,11.069506385833733,50.277346760927784,85.47884821509955,0.2328903667455118,1.8589745972178073,0.3640288456320155,2.214393394372407,0,0,0,0.22273719997610897,"{'time_resolution_seconds': 1, 'delay_intervals': 0, 'slew_constraint': False}",3,594,119,60be9ac3afcadf5cc7c24336ebb197097c637627b11b07f7f39fb821f55c4015,bc694d6425cbdc12f11b0f246f0b2e98719c027e0af655f74f11f955d7c490a7,NOT_APPLICABLE,legacy_method_specific_not_cross_method_comparable,,,,,,,,,,,,,,,,,,,,,,,,,,,,,44017,True
candidate_v4_4_floor_first_protected_subband_scheduling,0,0,-0.00014834839739648724,-14.320153708560339,60,300,6.511297934569933,54.44586385632239,85.19614925229818,0.2329057965748007,1.8830819410517707,0.36427437144770947,2.224441800506174,162,21,10,2.1820102310739458,"{'action_class_counts': {'SPARSE_LOCAL_STREAM_POWER_REPAIR': 40, 'BASELINE_NOOP': 58, 'NO_FEASIBLE_DEPLOYABLE_ACTION_FOUND': 20, 'SPARSE_LOCAL_FROZEN_GRID_SECTOR_REPAIR': 3}, 'strict_local_scope_gate': 'PASS', 'strict_local_scope_violation_intervals': 0, 'strict_post_mode_selected_power_gate': 'PASS', 'strict_post_mode_power_violation_intervals': 0, 'q0_envelope_deployable_actions': 0, 'unresolved_deployable_intervals': 20, 'diagnostic_g8_scheduling_feasible_intervals': 0, 'network_wide_shutdown_intervals': 0, 'maximum_normalized_floor_shortfall': 0.29115318690202396, 'maximum_mutable_sector_count': 11, 'maximum_external_interferers_per_violating_user': 2, 'maximum_eess_backoff_sectors': 2, 'maximum_post_mode_selected_power_ratio': 1.0, 'maximum_strict_post_mode_selected_power_ratio': 1.0, 'maximum_q0_nominal_power_envelope_ratio': 1.0, 'protected_subband_scheduling_intervals': 0, 'protected_subband_scheduling_success_intervals': 0, 'protected_subband_scheduling_failure_intervals': 20, 'protected_subband_scheduling_guard_limit_counts': {}, 'maximum_schedule_mode_count': 64, 'maximum_schedule_guard_sector_count': 0, 'schedule_slots_per_second': 2000, 'scheduled_nonbaseline_slots_per_second_sum': 0, 'maximum_scheduled_nonbaseline_slots_per_second': 0, 'maximum_protected_subband_scheduled_fraction': 0.0, 'maximum_schedule_nonzero_mode_count': 0, 'maximum_schedule_critical_sector_count': 0, 'maximum_schedule_mutable_sector_count': 0, 'local_table_build_seconds_sum': 0.4153310019755736, 'local_table_build_seconds_max': 0.003644533921033144, 'repair_solver_seconds_sum': 0.856967814033851, 'repair_solver_seconds_max': 0.024853141978383064, 'repair_solver_seconds_p95_nonzero': 0.018423152004834263, 'schedule_solver_seconds_sum': 0.700251761241816, 'schedule_solver_seconds_max': 0.08754459791816771, 'candidate_end_to_end_seconds': 2.1819811310851946, 'information_exchange_locality_certified': False, 'action_scope_locality_verified': True, 'global_oracles_classification_only': True, 'changed_stream_coefficient_count_sum': 146, 'changed_sector_interval_count_sum': 86, 'maximum_changed_stream_coefficients_per_interval': 8, 'maximum_changed_sectors_per_interval': 2, 'incremental_float32_payload_lower_bound_bytes_sum': 584, 'payload_claim_boundary': 'LOWER_BOUND_FOR_CHANGED_FLOAT32_STREAM_COEFFICIENTS_PLUS_SCHEDULE_COUNTS_NOT_A_SERIALIZED_PROTOCOL_MEASUREMENT', 'claim_boundary': 'DEVELOPMENT_REPLAY_ON_PREVIOUSLY_OBSERVED_SEEDS_NOT_CONFIRMATORY_NOT_CALIBRATION_NOT_REGULATORY_COMPLIANCE'}",4,605,121,51a753e4e47e9b55b0bbaf4a77d848db22330ec4d681d9a1d2a3466772fe492f,2037fb8525ff11cb4fdc5fb4e87adb045cc8e2292dd71f767e7eb2dbea63c89c,ac4aa20d5c8cd079ed5c0c4d397d20db0f4d91488d9667ab4ef03af9a131f926,candidate_end_to_end_including_sequential_fallback_and_repair_oracles,PASS,PASS,0.0,20.0,0.0,11.0,2.0,2.0,1.0,1.0,0.29115318690202396,58.0,3.0,40.0,False,True,True,0.4153310019755736,0.856967814033851,0.003644533921033144,0.024853141978383064,0.018423152004834263,146.0,86.0,8.0,2.0,584.0,LOWER_BOUND_FOR_CHANGED_FLOAT32_STREAM_COEFFICIENTS_PLUS_SCHEDULE_COUNTS_NOT_A_SERIALIZED_PROTOCOL_MEASUREMENT,44017,True
robust_predictive_constrained_pf_with_sector_selective_fallback,0,0,-0.00014834839739648724,-14.320153708560337,183,915,11.504556709943431,54.427653452260884,85.14683322164271,0.2329057965748007,1.880476556911835,0.364008774614224,2.2234230418575662,159,21,10,7.272150072967634,{'mode_command_feasible': False},4,605,121,51a753e4e47e9b55b0bbaf4a77d848db22330ec4d681d9a1d2a3466772fe492f,2f711acec86648768a0ade31e74eb1a36555305e960e456cc3b1a041d26b3e9a,NOT_APPLICABLE,legacy_method_specific_not_cross_method_comparable,,,,,,,,,,,,,,,,,,,,,,,,,,,,,44017,True
static_robust_constrained_pf_with_sector_selective_fallback,0,0,-0.055867047365189645,-14.783571463693736,183,915,11.55619889135703,54.17235970784774,84.90805355562814,0.23291440040799982,1.867080073050382,0.364021144436153,2.2212012458601653,0,0,0,0.5638145559933037,"{'static_mode_feasible': True, 'static_pre_fallback_ratio': 0.8292673590605886}",4,605,121,4229a4fa639ee861cc52c53078be44439f14c8f392a13bf3bc1df389981e2699,f060d9df7eb0fb76185bd0c9ed334ad5d424dae40d8c31aa215e6a43a4ad3641,NOT_APPLICABLE,legacy_method_specific_not_cross_method_comparable,,,,,,,,,,,,,,,,,,,,,,,,,,,,,44017,True
delayed_myopic_constrained_pf_with_reactive_sector_fallback,0,0,-0.0017011327591192609,-14.29881419764806,183,915,11.503516465537649,54.383053978288444,85.11045038996522,0.23270784928409524,1.8766969294359173,0.36401168549670926,2.2230777145581335,116,17,10,0.5399889840045944,{},4,605,121,39044ace6c6f788062213c0ed04d46649b3d1f414ca311791733470687f9af9c,8012664ec12b6217824c8eea82a8c7da0a26cd10dd60c20e1d041ea0c55b2dd6,NOT_APPLICABLE,legacy_method_specific_not_cross_method_comparable,,,,,,,,,,,,,,,,,,,,,,,,,,,,,44017,True
delayed_myopic_constrained_pf_unshielded,249,0,4.056379625509934,-10.692988934021594,183,915,11.505891598431193,54.34021067311879,85.0368842533592,0.23291513037684014,1.8828897302616705,0.3640116805012551,2.22291601074713,0,0,0,6.722369777970016,{'mode_interval_max_ratio': 2.544732160629193},4,605,121,525001644ee1f6b808c585632bf32d6096a41533cd00ec8695485dae2591746f,efb5c729f83d55350ff88639803283e5f8a858de11a3c23a530bae3e606ce0ac,NOT_APPLICABLE,legacy_method_specific_not_cross_method_comparable,,,,,,,,,,,,,,,,,,,,,,,,,,,,,44017,True
virtual_queue_unshielded,141,0,6.00726784533283,-8.690607143380811,183,915,11.551660429692069,54.223598524580964,84.92430683076805,0.23289397256802832,1.8696185641608882,0.3640192516879289,2.2214375864263305,0,0,0,4.951901252032258,"{'maximum_queue': 4.94465923511687, 'price_gain': 1.0}",4,605,121,699e74a155916a0be0cd5424386f9f5073544ca10929678bf353c3f54545ef72,efb5c729f83d55350ff88639803283e5f8a858de11a3c23a530bae3e606ce0ac,NOT_APPLICABLE,legacy_method_specific_not_cross_method_comparable,,,,,,,,,,,,,,,,,,,,,,,,,,,,,44017,True
uniform_protected_tone_backoff,0,0,1.928654933106574e-15,-14.286253643711667,183,915,11.513080639159883,53.40307197887014,84.90066789572762,0.23262470432234925,1.8561316056938368,0.36398108494176185,2.2200019037860472,0,0,0,0.08017571899108589,{},4,605,121,51a753e4e47e9b55b0bbaf4a77d848db22330ec4d681d9a1d2a3466772fe492f,4c654091073db198fcc63f0851c8e7721824f1ae8e2b6f6265bcb7792daf1d91,NOT_APPLICABLE,legacy_method_specific_not_cross_method_comparable,,,,,,,,,,,,,,,,,,,,,,,,,,,,,44017,True
hard_spatial_null_or_exact_mute,0,0,-0.1056597364976357,-14.835836519643188,370,1850,15.117647248515603,50.75994604979071,84.82059675195089,0.07378638841474945,1.5466229973032752,0.36402113192826535,2.2157763047547103,228,4,57,0.017620624043047428,{},4,605,121,311dc5e0bca2e9c2130db27fe1d9be13ba82da4fa3f6f7da7f79b2b9c51293f7,13d82d26776cee872b81cf244f4d021a11d3178ed4e0306bf8687523e933e235,NOT_APPLICABLE,legacy_method_specific_not_cross_method_comparable,,,,,,,,,,,,,,,,,,,,,,,,,,,,,44017,True
common_scale_instantaneous_noncausal_reference,0,0,1.2536257065192713e-14,-14.50651717271965,183,915,11.546228995350509,54.205932404007754,84.89400262045609,0.23289328088513028,1.8658021477252376,0.36402887222931724,2.221039717575924,0,0,0,0.23222782905213535,"{'time_resolution_seconds': 1, 'delay_intervals': 0, 'slew_constraint': False}",4,605,121,6af6bec8d584ab0260fa68f72c303d746e59c3523f91fd71fccb6429c70275d9,efb5c729f83d55350ff88639803283e5f8a858de11a3c23a530bae3e606ce0ac,NOT_APPLICABLE,legacy_method_specific_not_cross_method_comparable,,,,,,,,,,,,,,,,,,,,,,,,,,,,,44017,True
