time_utc,time_s,satellite_name,azimuth_deg,elevation_deg,slant_range_km,orbit_engine
2026-07-30T11:07:21+00:00,111.0,RCM-1,20.22577944452289,5.02018932099517,2326.1539616292243,skyfield_earthsatellite
2026-07-30T11:07:22+00:00,112.0,RCM-1,20.26953773872876,5.095720331738324,2319.3834653913937,skyfield_earthsatellite
2026-07-30T11:07:23+00:00,113.0,RCM-1,20.313538674027715,5.171504203403323,2312.614691436785,skyfield_earthsatellite
2026-07-30T11:07:24+00:00,114.0,RCM-1,20.357784552923583,5.247543007340081,2305.8476634204194,skyfield_earthsatellite
2026-07-30T11:07:25+00:00,115.0,RCM-1,20.40227770634328,5.323838836036178,2299.082405247223,skyfield_earthsatellite
2026-07-30T11:07:26+00:00,116.0,RCM-1,20.447020494073836,5.400393803388398,2292.318941073145,skyfield_earthsatellite
2026-07-30T11:07:27+00:00,117.0,RCM-1,20.492015305201985,5.477210044939635,2285.5572953095048,skyfield_earthsatellite
2026-07-30T11:07:28+00:00,118.0,RCM-1,20.53726455855587,5.554289718104357,2278.797492628846,skyfield_earthsatellite
2026-07-30T11:07:29+00:00,119.0,RCM-1,20.5827707031662,5.631635002461183,2272.0395579650667,skyfield_earthsatellite
2026-07-30T11:07:30+00:00,120.0,RCM-1,20.628536218738923,5.709248099988076,2265.283516518886,skyfield_earthsatellite
2026-07-30T11:07:31+00:00,121.0,RCM-1,20.67456361610803,5.787131235317107,2258.5293937620304,skyfield_earthsatellite
2026-07-30T11:07:32+00:00,122.0,RCM-1,20.72085543773733,5.865286656005614,2251.777215440228,skyfield_earthsatellite
2026-07-30T11:07:33+00:00,123.0,RCM-1,20.767414258203036,5.943716632796553,2245.0270075774006,skyfield_earthsatellite
2026-07-30T11:07:34+00:00,124.0,RCM-1,20.81424268469084,6.022423459898336,2238.278796478668,skyfield_earthsatellite
2026-07-30T11:07:35+00:00,125.0,RCM-1,20.86134335750914,6.10140945521909,2231.532608737436,skyfield_earthsatellite
2026-07-30T11:07:36+00:00,126.0,RCM-1,20.908718950606005,6.1806769606896985,2224.788471235248,skyfield_earthsatellite
2026-07-30T11:07:37+00:00,127.0,RCM-1,20.95637217208455,6.260228342499494,2218.046411149479,skyfield_earthsatellite
2026-07-30T11:07:38+00:00,128.0,RCM-1,21.004305764765288,6.340065991408484,2211.3064559547547,skyfield_earthsatellite
2026-07-30T11:07:39+00:00,129.0,RCM-1,21.05252250671434,6.420192323001194,2204.568633429716,skyfield_earthsatellite
2026-07-30T11:07:40+00:00,130.0,RCM-1,21.101025211795942,6.50060977798847,2197.832971660063,skyfield_earthsatellite
2026-07-30T11:07:41+00:00,131.0,RCM-1,21.14981673027299,6.581320822501895,2191.099499042475,skyfield_earthsatellite
2026-07-30T11:07:42+00:00,132.0,RCM-1,21.1988999493443,6.662327948368476,2184.368244290672,skyfield_earthsatellite
2026-07-30T11:07:43+00:00,133.0,RCM-1,21.248277793759044,6.743633673427738,2177.639236438082,skyfield_earthsatellite
2026-07-30T11:07:44+00:00,134.0,RCM-1,21.297953226401575,6.825240541794923,2170.912504845501,skyfield_earthsatellite
2026-07-30T11:07:45+00:00,135.0,RCM-1,21.34792924891635,6.907151124203584,2164.188079202383,skyfield_earthsatellite
2026-07-30T11:07:46+00:00,136.0,RCM-1,21.39820890233544,6.989368018294278,2157.4659895330005,skyfield_earthsatellite
2026-07-30T11:07:47+00:00,137.0,RCM-1,21.448795267676413,7.071893848892008,2150.746266203848,skyfield_earthsatellite
2026-07-30T11:07:48+00:00,138.0,RCM-1,21.499691466651065,7.154731268386164,2144.02893992297,skyfield_earthsatellite
2026-07-30T11:07:49+00:00,139.0,RCM-1,21.550900662272387,7.237882956978076,2137.314041750481,skyfield_earthsatellite
2026-07-30T11:07:50+00:00,140.0,RCM-1,21.602426059541862,7.321351623029896,2130.6016031011486,skyfield_earthsatellite
2026-07-30T11:07:51+00:00,141.0,RCM-1,21.654270906130808,7.405140003359662,2123.8916557516814,skyfield_earthsatellite
2026-07-30T11:07:52+00:00,142.0,RCM-1,21.706438493097075,7.489250863622097,2117.184231841474,skyfield_earthsatellite
2026-07-30T11:07:53+00:00,143.0,RCM-1,21.75893215559244,7.573686998579954,2110.479363882509,skyfield_earthsatellite
2026-07-30T11:07:54+00:00,144.0,RCM-1,21.8117552735426,7.65845123244084,2103.777084764306,skyfield_earthsatellite
2026-07-30T11:07:55+00:00,145.0,RCM-1,21.864911272454627,7.743546419223313,2097.0774277568967,skyfield_earthsatellite
2026-07-30T11:07:56+00:00,146.0,RCM-1,21.91840362411049,7.828975443047775,2090.3804265201597,skyfield_earthsatellite
2026-07-30T11:07:57+00:00,147.0,RCM-1,21.972235847372502,7.914741218517335,2083.6861151063604,skyfield_earthsatellite
2026-07-30T11:07:58+00:00,148.0,RCM-1,22.026411508952688,8.000846691032912,2076.9945279681933,skyfield_earthsatellite
2026-07-30T11:07:59+00:00,149.0,RCM-1,22.080934224213475,8.087294837169736,2070.305699962419,skyfield_earthsatellite
2026-07-30T11:08:00+00:00,150.0,RCM-1,22.135807657986405,8.174088664983433,2063.6196663592946,skyfield_earthsatellite
2026-07-30T11:08:01+00:00,151.0,RCM-1,22.191035525360704,8.261231214381828,2056.936462847186,skyfield_earthsatellite
2026-07-30T11:08:02+00:00,152.0,RCM-1,22.246621592612463,8.348725557507443,2050.256125536864,skyfield_earthsatellite
2026-07-30T11:08:03+00:00,153.0,RCM-1,22.30256967797417,8.436574799044138,2043.5786909717883,skyfield_earthsatellite
2026-07-30T11:08:04+00:00,154.0,RCM-1,22.358883652584616,8.524782076624701,2036.9041961311511,skyfield_earthsatellite
2026-07-30T11:08:05+00:00,155.0,RCM-1,22.415567441342457,8.613350561168515,2030.232678438506,skyfield_earthsatellite
2026-07-30T11:08:06+00:00,156.0,RCM-1,22.472625023839324,8.702283457237623,2023.564175769335,skyfield_earthsatellite
2026-07-30T11:08:07+00:00,157.0,RCM-1,22.530060435298825,8.791584003455112,2016.898726454329,skyfield_earthsatellite
2026-07-30T11:08:08+00:00,158.0,RCM-1,22.587877767510665,8.881255472831699,2010.2363692897768,skyfield_earthsatellite
2026-07-30T11:08:09+00:00,159.0,RCM-1,22.646081169815595,8.971301173155359,2003.577143543691,skyfield_earthsatellite
2026-07-30T11:08:10+00:00,160.0,RCM-1,22.704674850071456,9.061724447358753,1996.9210889638396,skyfield_earthsatellite
2026-07-30T11:08:11+00:00,161.0,RCM-1,22.76366307571346,9.1525286739473,1990.2682457816131,skyfield_earthsatellite
2026-07-30T11:08:12+00:00,162.0,RCM-1,22.82305017471107,9.243717267297177,1983.618654725817,skyfield_earthsatellite
2026-07-30T11:08:13+00:00,163.0,RCM-1,22.882840536706077,9.335293678146613,1976.9723570226345,skyfield_earthsatellite
2026-07-30T11:08:14+00:00,164.0,RCM-1,22.94303861399796,9.427261393878016,1970.329394411096,skyfield_earthsatellite
2026-07-30T11:08:15+00:00,165.0,RCM-1,23.003648922705526,9.519623939004614,1963.689809144097,skyfield_earthsatellite
2026-07-30T11:08:16+00:00,166.0,RCM-1,23.06467604384769,9.612384875487704,1957.0536440018757,skyfield_earthsatellite
2026-07-30T11:08:17+00:00,167.0,RCM-1,23.126124624475864,9.705547803179757,1950.4209422968047,skyfield_earthsatellite
2026-07-30T11:08:18+00:00,168.0,RCM-1,23.187999378884783,9.799116360197004,1943.7917478834847,skyfield_earthsatellite
2026-07-30T11:08:19+00:00,169.0,RCM-1,23.250305089732382,9.893094223332342,1937.1661051662684,skyfield_earthsatellite
2026-07-30T11:08:20+00:00,170.0,RCM-1,23.313046609325223,9.987485108464195,1930.544059107351,skyfield_earthsatellite
2026-07-30T11:08:21+00:00,171.0,RCM-1,23.3762288607717,10.082292770931891,1923.9256552375784,skyfield_earthsatellite
2026-07-30T11:08:22+00:00,172.0,RCM-1,23.439856839313475,10.17752100596028,1917.310939663903,skyfield_earthsatellite
2026-07-30T11:08:23+00:00,173.0,RCM-1,23.503935613575404,10.27317364906628,1910.6999590785192,skyfield_earthsatellite
2026-07-30T11:08:24+00:00,174.0,RCM-1,23.56847032689956,10.36925457647246,1904.092760767701,skyfield_earthsatellite
2026-07-30T11:08:25+00:00,175.0,RCM-1,23.633466198656976,10.465767705477072,1897.489392623908,skyfield_earthsatellite
2026-07-30T11:08:26+00:00,176.0,RCM-1,23.69892852565664,10.562716994924418,1890.88990315118,skyfield_earthsatellite
2026-07-30T11:08:27+00:00,177.0,RCM-1,23.76486268352305,10.660106445580828,1884.29434147739,skyfield_earthsatellite
2026-07-30T11:08:28+00:00,178.0,RCM-1,23.8312741281248,10.757940100551318,1877.70275736373,skyfield_earthsatellite
2026-07-30T11:08:29+00:00,179.0,RCM-1,23.898168397012864,10.85622204566106,1871.1152012169375,skyfield_earthsatellite
2026-07-30T11:08:30+00:00,180.0,RCM-1,23.96555111097885,10.954956409952096,1864.531724093901,skyfield_earthsatellite
2026-07-30T11:08:31+00:00,181.0,RCM-1,24.0334279754798,11.054147366000564,1857.9523777185063,skyfield_earthsatellite
2026-07-30T11:08:32+00:00,182.0,RCM-1,24.10180478224774,11.15379913036735,1851.3772144897296,skyfield_earthsatellite
2026-07-30T11:08:33+00:00,183.0,RCM-1,24.17068741089136,11.253915964062728,1844.806287489047,skyfield_earthsatellite
2026-07-30T11:08:34+00:00,184.0,RCM-1,24.240081830458788,11.354502172855204,1838.2396504981973,skyfield_earthsatellite
2026-07-30T11:08:35+00:00,185.0,RCM-1,24.30999410114367,11.455562107779466,1831.6773580040533,skyfield_earthsatellite
2026-07-30T11:08:36+00:00,186.0,RCM-1,24.380430375916884,11.557100165449391,1825.1194652163424,skyfield_earthsatellite
2026-07-30T11:08:37+00:00,187.0,RCM-1,24.451396902343905,11.659120788578065,1818.5660280719796,skyfield_earthsatellite
2026-07-30T11:08:38+00:00,188.0,RCM-1,24.52290002422449,11.76162846627422,1812.017103254055,skyfield_earthsatellite
2026-07-30T11:08:39+00:00,189.0,RCM-1,24.59494618351396,11.864627734525406,1805.4727481987743,skyfield_earthsatellite
2026-07-30T11:08:40+00:00,190.0,RCM-1,24.66754192208216,11.96812317657826,1798.933021109117,skyfield_earthsatellite
2026-07-30T11:08:41+00:00,191.0,RCM-1,24.740693883624644,12.072119423296394,1792.3979809699504,skyfield_earthsatellite
2026-07-30T11:08:42+00:00,192.0,RCM-1,24.81440881556923,12.176621153623968,1785.8676875564297,skyfield_earthsatellite
2026-07-30T11:08:43+00:00,193.0,RCM-1,24.88869357106861,12.281633094922988,1779.3422014503867,skyfield_earthsatellite
2026-07-30T11:08:44+00:00,194.0,RCM-1,24.963555110949432,12.387160023378351,1772.8215840524751,skyfield_earthsatellite
2026-07-30T11:08:45+00:00,195.0,RCM-1,25.039000505820606,12.493206764395325,1766.305897594665,skyfield_earthsatellite
2026-07-30T11:08:46+00:00,196.0,RCM-1,25.115036938131,12.5997781929702,1759.7952051544771,skyfield_earthsatellite
2026-07-30T11:08:47+00:00,197.0,RCM-1,25.191671704319223,12.70687923404607,1753.2895706698878,skyfield_earthsatellite
2026-07-30T11:08:48+00:00,198.0,RCM-1,25.268912216993986,12.814514862901731,1746.789058952212,skyfield_earthsatellite
2026-07-30T11:08:49+00:00,199.0,RCM-1,25.346766007186915,12.922690105507266,1740.2937357007754,skyfield_earthsatellite
2026-07-30T11:08:50+00:00,200.0,RCM-1,25.425240726610404,13.031410038858484,1733.8036675188143,skyfield_earthsatellite
2026-07-30T11:08:51+00:00,201.0,RCM-1,25.50434415001791,13.14067979136248,1727.3189219259662,skyfield_earthsatellite
2026-07-30T11:08:52+00:00,202.0,RCM-1,25.58408417757637,13.25050454313146,1720.839567376179,skyfield_earthsatellite
2026-07-30T11:08:53+00:00,203.0,RCM-1,25.6644688372992,13.360889526334848,1714.3656732717632,skyfield_earthsatellite
2026-07-30T11:08:54+00:00,204.0,RCM-1,25.745506287572745,13.471840025535542,1707.89730997815,skyfield_earthsatellite
2026-07-30T11:08:55+00:00,205.0,RCM-1,25.82720481967354,13.58336137793936,1701.4345488434444,skyfield_earthsatellite
2026-07-30T11:08:56+00:00,206.0,RCM-1,25.909572860389083,13.69545897377218,1694.9774622101177,skyfield_earthsatellite
2026-07-30T11:08:57+00:00,207.0,RCM-1,25.99261897467294,13.808138256491986,1688.5261234359652,skyfield_earthsatellite
2026-07-30T11:08:58+00:00,208.0,RCM-1,26.076351868379064,13.921404723100643,1682.0806069087305,skyfield_earthsatellite
2026-07-30T11:08:59+00:00,209.0,RCM-1,26.16078039106648,14.035263924406667,1675.6409880632716,skyfield_earthsatellite
2026-07-30T11:09:00+00:00,210.0,RCM-1,26.24591353882256,14.149721465262296,1669.2073433994865,skyfield_earthsatellite
2026-07-30T11:09:01+00:00,211.0,RCM-1,26.33176045719143,14.264783004784016,1662.7797505007795,skyfield_earthsatellite
2026-07-30T11:09:02+00:00,212.0,RCM-1,26.41833044413621,14.380454256561292,1656.358288052449,skyfield_earthsatellite
2026-07-30T11:09:03+00:00,213.0,RCM-1,26.505632953123826,14.496740988879688,1649.943035858739,skyfield_earthsatellite
2026-07-30T11:09:04+00:00,214.0,RCM-1,26.59367759621589,14.613649024883504,1643.5340748624767,skyfield_earthsatellite
2026-07-30T11:09:05+00:00,215.0,RCM-1,26.682474147260415,14.731184242725432,1637.131487164748,skyfield_earthsatellite
2026-07-30T11:09:06+00:00,216.0,RCM-1,26.7720325451492,14.849352575696283,1630.7353560447912,skyfield_earthsatellite
2026-07-30T11:09:07+00:00,217.0,RCM-1,26.862362897164363,14.96816001236701,1624.34576597842,skyfield_earthsatellite
2026-07-30T11:09:08+00:00,218.0,RCM-1,26.95347548242016,15.087612596687087,1617.9628026579323,skyfield_earthsatellite
2026-07-30T11:09:09+00:00,219.0,RCM-1,27.045380755276284,15.20771642799017,1611.5865530159906,skyfield_earthsatellite
2026-07-30T11:09:10+00:00,220.0,RCM-1,27.138089348971207,15.328477661076285,1605.2171052443489,skyfield_earthsatellite
2026-07-30T11:09:11+00:00,221.0,RCM-1,27.23161207928265,15.449902506262983,1598.854548813213,skyfield_earthsatellite
2026-07-30T11:09:12+00:00,222.0,RCM-1,27.325959948208357,15.571997229275665,1592.4989744979216,skyfield_earthsatellite
2026-07-30T11:09:13+00:00,223.0,RCM-1,27.42114414787558,15.694768151317648,1586.1504743949445,skyfield_earthsatellite
2026-07-30T11:09:14+00:00,224.0,RCM-1,27.51717606434628,15.818221648848109,1579.8091419518448,skyfield_earthsatellite
2026-07-30T11:09:15+00:00,225.0,RCM-1,27.61406728171753,15.942364153597923,1573.475071983432,skyfield_earthsatellite
2026-07-30T11:09:16+00:00,226.0,RCM-1,27.711829586168054,16.06720215236416,1567.1483606980994,skyfield_earthsatellite
2026-07-30T11:09:17+00:00,227.0,RCM-1,27.81047497016572,16.192742186808694,1560.8291057221763,skyfield_earthsatellite
2026-07-30T11:09:18+00:00,228.0,RCM-1,27.910015636730037,16.318990853263166,1554.5174061224784,skyfield_earthsatellite
2026-07-30T11:09:19+00:00,229.0,RCM-1,28.010464003855525,16.445954802432563,1548.213362432268,skyfield_earthsatellite
2026-07-30T11:09:20+00:00,230.0,RCM-1,28.11183270902934,16.57364073912205,1541.917076674255,skyfield_earthsatellite
2026-07-30T11:09:21+00:00,231.0,RCM-1,28.21413461371655,16.702055421804737,1535.628652389632,skyfield_earthsatellite
2026-07-30T11:09:22+00:00,232.0,RCM-1,28.31738280817949,16.8312056622826,1529.3481946605225,skyfield_earthsatellite
2026-07-30T11:09:23+00:00,233.0,RCM-1,28.42159061622283,16.961098325191173,1523.0758101380777,skyfield_earthsatellite
2026-07-30T11:09:24+00:00,234.0,RCM-1,28.52677160018236,17.091740327522622,1516.811607067508,skyfield_earthsatellite
2026-07-30T11:09:25+00:00,235.0,RCM-1,28.632939565863985,17.22313863797792,1510.5556953190403,skyfield_earthsatellite
2026-07-30T11:09:26+00:00,236.0,RCM-1,28.74010856780147,17.35530027639876,1504.3081864127612,skyfield_earthsatellite
2026-07-30T11:09:27+00:00,237.0,RCM-1,28.848292914518478,17.488232313107876,1498.0691935452564,skyfield_earthsatellite
2026-07-30T11:09:28+00:00,238.0,RCM-1,28.957507173867747,17.62194186805054,1491.8388316231808,skyfield_earthsatellite
2026-07-30T11:09:29+00:00,239.0,RCM-1,29.06776617863269,17.75643611004023,1485.6172172889717,skyfield_earthsatellite
2026-07-30T11:09:30+00:00,240.0,RCM-1,29.17908503215055,17.891722255848215,1479.404468951267,skyfield_earthsatellite
2026-07-30T11:09:31+00:00,241.0,RCM-1,29.291479114140728,18.027807569236227,1473.2007068147884,skyfield_earthsatellite
2026-07-30T11:09:32+00:00,242.0,RCM-1,29.40496408655111,18.164699359851276,1467.0060529135253,skyfield_earthsatellite
2026-07-30T11:09:33+00:00,243.0,RCM-1,29.51955589976874,18.30240498219741,1460.8206311371068,skyfield_earthsatellite
2026-07-30T11:09:34+00:00,244.0,RCM-1,29.635270798674824,18.44093183430416,1454.644567267651,skyfield_earthsatellite
2026-07-30T11:09:35+00:00,245.0,RCM-1,29.75212532912047,18.58028735650338,1448.477989008007,skyfield_earthsatellite
2026-07-30T11:09:36+00:00,246.0,RCM-1,29.87013634437107,18.720479029951456,1442.321026017856,skyfield_earthsatellite
2026-07-30T11:09:37+00:00,247.0,RCM-1,29.98932101173318,18.861514375144864,1436.1738099460676,skyfield_earthsatellite
2026-07-30T11:09:38+00:00,248.0,RCM-1,30.109696819484068,19.00340095038455,1430.0364744614828,skyfield_earthsatellite
2026-07-30T11:09:39+00:00,249.0,RCM-1,30.231281583728663,19.146146349949348,1423.909155292102,skyfield_earthsatellite
2026-07-30T11:09:40+00:00,250.0,RCM-1,30.35409345560489,19.28975820232616,1417.791990257471,skyfield_earthsatellite
2026-07-30T11:09:41+00:00,251.0,RCM-1,30.478150928536294,19.434244168261937,1411.6851193042603,skyfield_earthsatellite
2026-07-30T11:09:42+00:00,252.0,RCM-1,30.60347284576438,19.579611938679463,1405.5886845428226,skyfield_earthsatellite
2026-07-30T11:09:43+00:00,253.0,RCM-1,30.7300784079336,19.725869232470703,1399.5028302841602,skyfield_earthsatellite
2026-07-30T11:09:44+00:00,254.0,RCM-1,30.85798718095701,19.873023794173164,1393.4277030765911,skyfield_earthsatellite
2026-07-30T11:09:45+00:00,255.0,RCM-1,30.987219104032764,20.021083391481184,1387.363451744022,skyfield_earthsatellite
2026-07-30T11:09:46+00:00,256.0,RCM-1,31.117794497803665,20.17005581265332,1381.3102274230632,skyfield_earthsatellite
2026-07-30T11:09:47+00:00,257.0,RCM-1,31.249734072726387,20.319948863656336,1375.268183605137,skyfield_earthsatellite
2026-07-30T11:09:48+00:00,258.0,RCM-1,31.38305893772325,20.47077036534234,1369.237476171292,skyfield_earthsatellite
2026-07-30T11:09:49+00:00,259.0,RCM-1,31.51779060885806,20.622528150222674,1363.2182634372164,skyfield_earthsatellite
2026-07-30T11:09:50+00:00,260.0,RCM-1,31.65395101837272,20.775230059288727,1357.210706189801,skyfield_earthsatellite
2026-07-30T11:09:51+00:00,261.0,RCM-1,31.79156252386413,20.928883938464416,1351.2149677318357,skyfield_earthsatellite
2026-07-30T11:09:52+00:00,262.0,RCM-1,31.930647917626978,21.08349763501199,1345.231213921537,skyfield_earthsatellite
2026-07-30T11:09:53+00:00,263.0,RCM-1,32.07123043629881,21.23907899365288,1339.2596132160395,skyfield_earthsatellite
2026-07-30T11:09:54+00:00,264.0,RCM-1,32.213333770666885,21.395635852523228,1333.3003367139952,skyfield_earthsatellite
2026-07-30T11:09:55+00:00,265.0,RCM-1,32.35698207567364,21.55317603888036,1327.353558199898,skyfield_earthsatellite
2026-07-30T11:09:56+00:00,266.0,RCM-1,32.50219998072372,21.71170736461997,1321.4194541877707,skyfield_earthsatellite
2026-07-30T11:09:57+00:00,267.0,RCM-1,32.64901260014992,21.871237621552837,1315.4982039655515,skyfield_earthsatellite
2026-07-30T11:09:58+00:00,268.0,RCM-1,32.7974455439271,22.031774576389008,1309.5899896420833,skyfield_earthsatellite
2026-07-30T11:09:59+00:00,269.0,RCM-1,32.94752492866252,22.19332596557417,1303.6949961905168,skyfield_earthsatellite
2026-07-30T11:10:00+00:00,270.0,RCM-1,33.09927738874894,22.35589948972233,1297.8134114976283,skyfield_earthsatellite
2026-07-30T11:10:01+00:00,271.0,RCM-1,33.25273008787111,22.519502807926493,1291.945426407957,skyfield_earthsatellite
2026-07-30T11:10:02+00:00,272.0,RCM-1,33.407910730587105,22.684143531617128,1286.091234774621,skyfield_earthsatellite
2026-07-30T11:10:03+00:00,273.0,RCM-1,33.56484757436592,22.84982921828638,1280.2510335047184,skyfield_earthsatellite
2026-07-30T11:10:04+00:00,274.0,RCM-1,33.72356944175019,23.01656736480373,1274.4250226089116,skyfield_earthsatellite
2026-07-30T11:10:05+00:00,275.0,RCM-1,33.88410573274332,23.184365400392817,1268.6134052519906,skyfield_earthsatellite
2026-07-30T11:10:06+00:00,276.0,RCM-1,34.04648643753714,23.35323067936533,1262.816387800824,skyfield_earthsatellite
2026-07-30T11:10:07+00:00,277.0,RCM-1,34.2107421495413,23.523170473449404,1257.034179874788,skyfield_earthsatellite
2026-07-30T11:10:08+00:00,278.0,RCM-1,34.37690407848958,23.694191963713717,1251.266994398154,skyfield_earthsatellite
2026-07-30T11:10:09+00:00,279.0,RCM-1,34.54500406405756,23.86630223228521,1245.5150476471963,skyfield_earthsatellite
2026-07-30T11:10:10+00:00,280.0,RCM-1,34.71507458946532,24.0395082533668,1239.778559308199,skyfield_earthsatellite
2026-07-30T11:10:11+00:00,281.0,RCM-1,34.88714879558379,24.21381688419199,1234.057752524363,skyfield_earthsatellite
2026-07-30T11:10:12+00:00,282.0,RCM-1,35.06126049526808,24.389234855390622,1228.352853948907,skyfield_earthsatellite
2026-07-30T11:10:13+00:00,283.0,RCM-1,35.23744418782848,24.56576876090292,1222.6640937989248,skyfield_earthsatellite
2026-07-30T11:10:14+00:00,284.0,RCM-1,35.41573507382234,24.74342504740776,1216.9917059107004,skyfield_earthsatellite
2026-07-30T11:10:15+00:00,285.0,RCM-1,35.596169070230694,24.92221000347903,1211.3359277889624,skyfield_earthsatellite
2026-07-30T11:10:16+00:00,286.0,RCM-1,35.77878282585894,25.102129748091272,1205.6970006618417,skyfield_earthsatellite
2026-07-30T11:10:17+00:00,287.0,RCM-1,35.96361373668198,25.283190218484545,1200.0751695402184,skyfield_earthsatellite
2026-07-30T11:10:18+00:00,288.0,RCM-1,36.15069996207103,25.46539715795861,1194.470683263247,skyfield_earthsatellite
2026-07-30T11:10:19+00:00,289.0,RCM-1,36.340080440712,25.648756102663693,1188.8837945585149,skyfield_earthsatellite
2026-07-30T11:10:20+00:00,290.0,RCM-1,36.531794906977744,25.833272367984065,1183.3147600975392,skyfield_earthsatellite
2026-07-30T11:10:21+00:00,291.0,RCM-1,36.72588390766735,26.01895103447444,1177.7638405473756,skyfield_earthsatellite
2026-07-30T11:10:22+00:00,292.0,RCM-1,36.922388818808415,26.20579693302072,1172.2313006276495,skyfield_earthsatellite
2026-07-30T11:10:23+00:00,293.0,RCM-1,37.12135186281042,26.393814629513585,1166.7174091636518,skyfield_earthsatellite
2026-07-30T11:10:24+00:00,294.0,RCM-1,37.32281612567795,26.583008408723373,1161.222439144056,skyfield_earthsatellite
2026-07-30T11:10:25+00:00,295.0,RCM-1,37.52682557469012,26.77338225770269,1155.7466677730265,skyfield_earthsatellite
2026-07-30T11:10:26+00:00,296.0,RCM-1,37.733425076039815,26.9649398483348,1150.2903765270771,skyfield_earthsatellite
2026-07-30T11:10:27+00:00,297.0,RCM-1,37.94266041278724,27.157684519302407,1144.853851208214,skyfield_earthsatellite
2026-07-30T11:10:28+00:00,298.0,RCM-1,38.15457830304009,27.3516192572496,1139.4373819990058,skyfield_earthsatellite
2026-07-30T11:10:29+00:00,299.0,RCM-1,38.36922641800946,27.546746677195824,1134.0412635172167,skyfield_earthsatellite
2026-07-30T11:10:30+00:00,300.0,RCM-1,38.586653400668645,27.743069002271326,1128.6657948674565,skyfield_earthsatellite
2026-07-30T11:10:31+00:00,301.0,RCM-1,38.80690888409219,27.94058804252903,1123.311279695871,skyfield_earthsatellite
2026-07-30T11:10:32+00:00,302.0,RCM-1,39.03004351005219,28.13930517292942,1117.978026244379,skyfield_earthsatellite
2026-07-30T11:10:33+00:00,303.0,RCM-1,39.2561089478635,28.339221310715818,1112.6663473980057,skyfield_earthsatellite
2026-07-30T11:10:34+00:00,304.0,RCM-1,39.485157912911625,28.5403368915665,1107.3765607410646,skyfield_earthsatellite
2026-07-30T11:10:35+00:00,305.0,RCM-1,39.7172441855293,28.74265184512273,1102.1089886053364,skyfield_earthsatellite
2026-07-30T11:10:36+00:00,306.0,RCM-1,39.952422629546994,28.946165569493207,1096.863958120274,skyfield_earthsatellite
2026-07-30T11:10:37+00:00,307.0,RCM-1,40.19074921111519,29.150876904847756,1091.6418012614413,skyfield_earthsatellite
2026-07-30T11:10:38+00:00,308.0,RCM-1,40.43228101712916,29.35678410606728,1086.4428548974354,skyfield_earthsatellite
2026-07-30T11:10:39+00:00,309.0,RCM-1,40.67707627359116,29.56388481427692,1081.2674608388872,skyfield_earthsatellite
2026-07-30T11:10:40+00:00,310.0,RCM-1,40.92519436395702,29.77217602764085,1076.1159658793017,skyfield_earthsatellite
2026-07-30T11:10:41+00:00,311.0,RCM-1,41.17669584693535,29.981654070773484,1070.9887218433455,skyfield_earthsatellite
2026-07-30T11:10:42+00:00,312.0,RCM-1,41.43164247424071,30.19231456344298,1065.8860856249505,skyfield_earthsatellite
2026-07-30T11:10:43+00:00,313.0,RCM-1,41.69009720775919,30.404152387958263,1060.808419229747,skyfield_earthsatellite
2026-07-30T11:10:44+00:00,314.0,RCM-1,41.952124236536456,30.61716165557181,1055.756089812969,skyfield_earthsatellite
2026-07-30T11:10:45+00:00,315.0,RCM-1,42.217788992868336,30.831335671693445,1050.7294697171526,skyfield_earthsatellite
2026-07-30T11:10:46+00:00,316.0,RCM-1,42.4871581683786,31.046666900155557,1045.7289365034655,skyfield_earthsatellite
2026-07-30T11:10:47+00:00,317.0,RCM-1,42.760299728786606,31.263146926060625,1040.7548729870707,skyfield_earthsatellite
2026-07-30T11:10:48+00:00,318.0,RCM-1,43.0372829282918,31.480766417636023,1035.8076672660554,skyfield_earthsatellite
2026-07-30T11:10:49+00:00,319.0,RCM-1,43.31817832311944,31.69951508698669,1030.8877127460903,skyfield_earthsatellite
2026-07-30T11:10:50+00:00,320.0,RCM-1,43.60305778380528,31.91938164942592,1025.9954081676951,skyfield_earthsatellite
2026-07-30T11:10:51+00:00,321.0,RCM-1,43.891994506609855,32.14035378175976,1021.1311576270332,skyfield_earthsatellite
2026-07-30T11:10:52+00:00,322.0,RCM-1,44.18506302375191,32.36241807945195,1016.2953705917972,skyfield_earthsatellite
2026-07-30T11:10:53+00:00,323.0,RCM-1,44.48233921214205,32.58556001238974,1011.488461917984,skyfield_earthsatellite
2026-07-30T11:10:54+00:00,324.0,RCM-1,44.78390030069441,32.80976387956189,1006.7108518605572,skyfield_earthsatellite
2026-07-30T11:10:55+00:00,325.0,RCM-1,45.08982487592945,33.035012762446456,1001.9629660820676,skyfield_earthsatellite
2026-07-30T11:10:56+00:00,326.0,RCM-1,45.40019288595086,33.26128847736226,997.2452356539604,skyfield_earthsatellite
2026-07-30T11:10:57+00:00,327.0,RCM-1,45.71508564228012,33.48857152646507,992.5580970572976,skyfield_earthsatellite
2026-07-30T11:10:58+00:00,328.0,RCM-1,46.03458581948782,33.71684104759301,987.9019921784424,skyfield_earthsatellite
2026-07-30T11:10:59+00:00,329.0,RCM-1,46.35877745272363,33.94607476317142,983.2773682959358,skyfield_earthsatellite
2026-07-30T11:11:00+00:00,330.0,RCM-1,46.68774593214816,34.17624892750472,978.6846780722556,skyfield_earthsatellite
2026-07-30T11:11:01+00:00,331.0,RCM-1,47.02157799534621,34.407338273681475,974.1243795261656,skyfield_earthsatellite
2026-07-30T11:11:02+00:00,332.0,RCM-1,47.36036171575713,34.63931595863881,969.5969360153886,skyfield_earthsatellite
2026-07-30T11:11:03+00:00,333.0,RCM-1,47.70418648867346,34.87215350788677,965.1028162002212,skyfield_earthsatellite
2026-07-30T11:11:04+00:00,334.0,RCM-1,48.05314301306652,35.105820758788475,960.6424940107356,skyfield_earthsatellite
2026-07-30T11:11:05+00:00,335.0,RCM-1,48.40732326996047,35.34028580328269,956.21644860117,skyfield_earthsatellite
2026-07-30T11:11:06+00:00,336.0,RCM-1,48.76682049626113,35.575514929383246,951.825164305222,skyfield_earthsatellite
2026-07-30T11:11:07+00:00,337.0,RCM-1,49.13172915459075,35.81147256237676,947.4691305760408,skyfield_earthsatellite
2026-07-30T11:11:08+00:00,338.0,RCM-1,49.50214489797455,36.04812120500586,943.1488419257752,skyfield_earthsatellite
2026-07-30T11:11:09+00:00,339.0,RCM-1,49.87816452934992,36.28542137711697,938.8647978569958,skyfield_earthsatellite
2026-07-30T11:11:10+00:00,340.0,RCM-1,50.25988595598798,36.52333155505862,934.6175027827215,skyfield_earthsatellite
2026-07-30T11:11:11+00:00,341.0,RCM-1,50.64740813746607,36.76180811037504,930.4074659451315,skyfield_earthsatellite
2026-07-30T11:11:12+00:00,342.0,RCM-1,51.040831027655,37.000805248596805,926.2352013205048,skyfield_earthsatellite
2026-07-30T11:11:13+00:00,343.0,RCM-1,51.44025551014495,37.24027494789282,922.1012275172208,skyfield_earthsatellite
2026-07-30T11:11:14+00:00,344.0,RCM-1,51.84578332584068,37.4801668975318,918.0060676699504,skyfield_earthsatellite
2026-07-30T11:11:15+00:00,345.0,RCM-1,52.25751699388245,37.72042843705292,913.9502493172008,skyfield_earthsatellite
2026-07-30T11:11:16+00:00,346.0,RCM-1,52.67555972372072,37.9610044954737,909.9343042769088,skyfield_earthsatellite
2026-07-30T11:11:17+00:00,347.0,RCM-1,53.10001531911273,38.201837531516176,905.9587685065212,skyfield_earthsatellite
2026-07-30T11:11:18+00:00,348.0,RCM-1,53.53098807262987,38.44286747423329,902.0241819613958,skyfield_earthsatellite
2026-07-30T11:11:19+00:00,349.0,RCM-1,53.96858265119598,38.68403166535071,898.1310884334098,skyfield_earthsatellite
2026-07-30T11:11:20+00:00,350.0,RCM-1,54.41290397110773,38.92526480254802,894.2800353867684,skyfield_earthsatellite
2026-07-30T11:11:21+00:00,351.0,RCM-1,54.86405706217677,39.16649888431191,890.471573784589,skyfield_earthsatellite
2026-07-30T11:11:22+00:00,352.0,RCM-1,55.322146921788274,39.40766315727155,886.7062578964104,skyfield_earthsatellite
2026-07-30T11:11:23+00:00,353.0,RCM-1,55.78727835617267,39.648684065202815,882.9846451045371,skyfield_earthsatellite
2026-07-30T11:11:24+00:00,354.0,RCM-1,56.25955581008397,39.8894852010561,879.3072956926945,skyfield_earthsatellite
2026-07-30T11:11:25+00:00,355.0,RCM-1,56.73908318348692,40.12998726156031,875.6747726295096,skyfield_earthsatellite
2026-07-30T11:11:26+00:00,356.0,RCM-1,57.22596363534024,40.37010800563305,872.0876413335687,skyfield_earthsatellite
2026-07-30T11:11:27+00:00,357.0,RCM-1,57.72029937319683,40.60976221606917,868.546469434073,skyfield_earthsatellite
2026-07-30T11:11:28+00:00,358.0,RCM-1,58.222191428919565,40.848861665709286,865.05182651504,skyfield_earthsatellite
2026-07-30T11:11:29+00:00,359.0,RCM-1,58.73173941939802,41.08731508794939,861.604283851802,skyfield_earthsatellite
2026-07-30T11:11:30+00:00,360.0,RCM-1,59.24904129245363,41.32502815262532,858.2044141312223,skyfield_earthsatellite
2026-07-30T11:11:31+00:00,361.0,RCM-1,59.77419305723186,41.56190344714317,854.8527911644757,skyfield_earthsatellite
2026-07-30T11:11:32+00:00,362.0,RCM-1,60.30728849834773,41.79784046380834,851.5499895859945,skyfield_earthsatellite
2026-07-30T11:11:33+00:00,363.0,RCM-1,60.848418874265946,42.03273559367364,848.2965845412041,skyfield_earthsatellite
2026-07-30T11:11:34+00:00,364.0,RCM-1,61.397672599684086,42.26648212763557,845.0931513606295,skyfield_earthsatellite
2026-07-30T11:11:35+00:00,365.0,RCM-1,61.95513491063466,42.498970264928175,841.9402652259424,skyfield_earthsatellite
2026-07-30T11:11:36+00:00,366.0,RCM-1,62.52088751376631,42.730087130016514,838.8385008218871,skyfield_earthsatellite
2026-07-30T11:11:37+00:00,367.0,RCM-1,63.09500821898896,42.95971679827157,835.7884319770695,skyfield_earthsatellite
2026-07-30T11:11:38+00:00,368.0,RCM-1,63.67757055601311,43.18774033100095,832.7906312937747,skyfield_earthsatellite
2026-07-30T11:11:39+00:00,369.0,RCM-1,64.26864337462727,43.41403582045,829.8456697666944,skyfield_earthsatellite
2026-07-30T11:11:40+00:00,370.0,RCM-1,64.86829042969768,43.63847844528552,826.9541163917609,skyfield_earthsatellite
2026-07-30T11:11:41+00:00,371.0,RCM-1,65.47656995160065,43.86094053740496,824.1165377620175,skyfield_earthsatellite
2026-07-30T11:11:42+00:00,372.0,RCM-1,66.0935342015808,44.08129166018093,821.3334976568882,skyfield_earthsatellite
2026-07-30T11:11:43+00:00,373.0,RCM-1,66.71922901517692,44.29939869923287,818.6055566183875,skyfield_earthsatellite
2026-07-30T11:11:44+00:00,374.0,RCM-1,67.35369333252001,44.515125965918166,815.9332715191854,skyfield_earthsatellite
2026-07-30T11:11:45+00:00,375.0,RCM-1,67.9969587184737,44.72833531400024,813.31719512364,skyfield_earthsatellite
2026-07-30T11:11:46+00:00,376.0,RCM-1,68.64904887389538,44.93888627052622,810.7578756355795,skyfield_earthsatellite
2026-07-30T11:11:47+00:00,377.0,RCM-1,69.3099791385839,45.14663618036294,808.2558562455466,skyfield_earthsatellite
2026-07-30T11:11:48+00:00,378.0,RCM-1,69.97975599023997,45.35144036600616,805.811674663281,skyfield_earthsatellite
2026-07-30T11:11:49+00:00,379.0,RCM-1,70.65837653938972,45.55315230197088,803.4258626486337,skyfield_earthsatellite
2026-07-30T11:11:50+00:00,380.0,RCM-1,71.34582802457759,45.75162380463487,801.0989455343654,skyfield_earthsatellite
2026-07-30T11:11:51+00:00,381.0,RCM-1,72.04208730865413,45.94670523732791,798.8314417465309,skyfield_earthsatellite
2026-07-30T11:11:52+00:00,382.0,RCM-1,72.74712038226276,46.13824573139365,796.6238623160482,skyfield_earthsatellite
2026-07-30T11:11:53+00:00,383.0,RCM-1,73.46088187432845,46.326093422555054,794.4767103905682,skyfield_earthsatellite
2026-07-30T11:11:54+00:00,384.0,RCM-1,74.18331457521329,46.51009570288012,792.3904807432118,skyfield_earthsatellite
2026-07-30T11:11:55+00:00,385.0,RCM-1,74.91434897575549,46.69009948826732,790.3656592779848,skyfield_earthsatellite
2026-07-30T11:11:56+00:00,386.0,RCM-1,75.6539028265154,46.86595150088316,788.4027225359861,skyfield_earthsatellite
2026-07-30T11:11:57+00:00,387.0,RCM-1,76.40188072005603,47.03749856632212,786.5021372012927,skyfield_earthsatellite
2026-07-30T11:11:58+00:00,388.0,RCM-1,77.15817370204266,47.20458792485522,784.6643596084157,skyfield_earthsatellite
2026-07-30T11:11:59+00:00,389.0,RCM-1,77.9226589153244,47.36706755618059,782.8898352513511,skyfield_earthsatellite
2026-07-30T11:12:00+00:00,390.0,RCM-1,78.69519928019362,47.52478651669164,781.1789982969404,skyfield_earthsatellite
2026-07-30T11:12:01+00:00,391.0,RCM-1,79.47564321695451,47.6775952883476,779.532271102937,skyfield_earthsatellite
2026-07-30T11:12:02+00:00,392.0,RCM-1,80.26382441440909,47.82534613812416,777.9500637408186,skyfield_earthsatellite
2026-07-30T11:12:03+00:00,393.0,RCM-1,81.05956164907376,47.96789348664152,776.432773525773,skyfield_earthsatellite
2026-07-30T11:12:04+00:00,394.0,RCM-1,81.86265865914888,48.10509428451885,774.9807845552118,skyfield_earthsatellite
2026-07-30T11:12:05+00:00,395.0,RCM-1,82.67290407782822,48.23680839512009,773.5944672545854,skyfield_earthsatellite
2026-07-30T11:12:06+00:00,396.0,RCM-1,83.49007142866847,48.362898981441006,772.2741779370997,skyfield_earthsatellite
2026-07-30T11:12:07+00:00,397.0,RCM-1,84.31391918897786,48.48323289614949,771.0202583695784,skyfield_earthsatellite
2026-07-30T11:12:08+00:00,398.0,RCM-1,85.1441909207013,48.59768107169896,769.8330353571546,skyfield_earthsatellite
2026-07-30T11:12:09+00:00,399.0,RCM-1,85.98061547585951,48.706118909631066,768.7128203354742,skyfield_earthsatellite
2026-07-30T11:12:10+00:00,400.0,RCM-1,86.8229072745169,48.80842666584959,767.6599089822836,skyfield_earthsatellite
2026-07-30T11:12:11+00:00,401.0,RCM-1,87.67076665990197,48.904489830233786,766.6745808430416,skyfield_earthsatellite
2026-07-30T11:12:12+00:00,402.0,RCM-1,88.52388033047474,48.9941994980922,765.757098973503,skyfield_earthsatellite
2026-07-30T11:12:13+00:00,403.0,RCM-1,89.38192184843375,49.07745273099919,764.9077096013829,skyfield_earthsatellite
2026-07-30T11:12:14+00:00,404.0,RCM-1,90.24455222561558,49.154152904951445,764.1266418049892,skyfield_earthsatellite
2026-07-30T11:12:15+00:00,405.0,RCM-1,91.1114205848372,49.22421004294279,763.414107215277,skyfield_earthsatellite
2026-07-30T11:12:16+00:00,406.0,RCM-1,91.98216489418708,49.28754113044747,762.7702997341223,skyfield_earthsatellite
2026-07-30T11:12:17+00:00,407.0,RCM-1,92.85641277202092,49.344070410596906,762.1953952792067,skyfield_earthsatellite
2026-07-30T11:12:18+00:00,408.0,RCM-1,93.73378235906917,49.39372965780272,761.6895515472072,skyfield_earthsatellite
2026-07-30T11:12:19+00:00,409.0,RCM-1,94.61388325276552,49.43645842701456,761.2529078036188,skyfield_earthsatellite
2026-07-30T11:12:20+00:00,410.0,RCM-1,95.49631749845912,49.47220427728028,760.8855846941879,skyfield_earthsatellite
2026-07-30T11:12:21+00:00,411.0,RCM-1,96.38068063269549,49.500922967597056,760.5876840813127,skyfield_earthsatellite
2026-07-30T11:12:22+00:00,412.0,RCM-1,97.26656277066466,49.52257862341714,760.3592889069099,skyfield_earthsatellite
2026-07-30T11:12:23+00:00,413.0,RCM-1,98.1535497320612,49.537143872897424,760.2004630780458,skyfield_earthsatellite
2026-07-30T11:12:24+00:00,414.0,RCM-1,99.04122419632102,49.54459995121534,760.1112513814192,skyfield_earthsatellite
2026-07-30T11:12:25+00:00,415.0,RCM-1,99.92916688095208,49.54493677273341,760.0916794208881,skyfield_earthsatellite
2026-07-30T11:12:26+00:00,416.0,RCM-1,100.81695773270248,49.538152969818135,760.1417535840501,skyfield_earthsatellite
2026-07-30T11:12:27+00:00,417.0,RCM-1,101.70417712550844,49.52425589850933,760.2614610331325,skyfield_earthsatellite
2026-07-30T11:12:28+00:00,418.0,RCM-1,102.59040705434197,49.50326161065367,760.4507697233552,skyfield_earthsatellite
2026-07-30T11:12:29+00:00,419.0,RCM-1,103.47523231754629,49.47519479290724,760.7096284471744,skyfield_earthsatellite
2026-07-30T11:12:30+00:00,420.0,RCM-1,104.35824168076245,49.44008867299123,761.0379669052132,skyfield_earthsatellite
2026-07-30T11:12:31+00:00,421.0,RCM-1,105.23902901076616,49.397984894083976,761.4356958026307,skyfield_earthsatellite
2026-07-30T11:12:32+00:00,422.0,RCM-1,106.11719437538795,49.34893335829352,761.9027069711188,skyfield_earthsatellite
2026-07-30T11:12:33+00:00,423.0,RCM-1,106.9923450999128,49.292992040322034,762.4388735176975,skyfield_earthsatellite
2026-07-30T11:12:34+00:00,424.0,RCM-1,107.86409677406871,49.23022677320614,763.0440499956277,skyfield_earthsatellite
2026-07-30T11:12:35+00:00,425.0,RCM-1,108.73207420307529,49.1607110072986,763.7180726019863,skyfield_earthsatellite
2026-07-30T11:12:36+00:00,426.0,RCM-1,109.59591229800188,49.0845255447364,764.4607593972951,skyfield_earthsatellite
2026-07-30T11:12:37+00:00,427.0,RCM-1,110.45525690094456,49.00175825105613,765.271910549941,skyfield_earthsatellite
2026-07-30T11:12:38+00:00,428.0,RCM-1,111.30976553925755,48.91250374650941,766.1513086004168,skyfield_earthsatellite
2026-07-30T11:12:39+00:00,429.0,RCM-1,112.15910810859596,48.81686307881646,767.0987187493448,skyfield_earthsatellite
2026-07-30T11:12:40+00:00,430.0,RCM-1,113.00296748051508,48.71494338008426,768.1138891642865,skyfield_earthsatellite
2026-07-30T11:12:41+00:00,431.0,RCM-1,113.84104003290405,48.6068575100017,769.1965513066742,skyfield_earthsatellite
2026-07-30T11:12:42+00:00,432.0,RCM-1,114.67303610491804,48.49272368757599,770.3464202789202,skyfield_earthsatellite
2026-07-30T11:12:43+00:00,433.0,RCM-1,115.49868037300396,48.37266511422308,771.5631951861491,skyfield_earthsatellite
2026-07-30T11:12:44+00:00,434.0,RCM-1,116.31771215162615,48.246809590009455,772.8465595168791,skyfield_earthsatellite
2026-07-30T11:12:45+00:00,435.0,RCM-1,117.12988561914317,48.1152891255034,774.1961815397277,skyfield_earthsatellite
2026-07-30T11:12:46+00:00,436.0,RCM-1,117.93496996998032,47.978239551777925,775.6117147115945,skyfield_earthsatellite
2026-07-30T11:12:47+00:00,437.0,RCM-1,118.73274949660544,47.83580013014042,777.0927981017849,skyfield_earthsatellite
2026-07-30T11:12:48+00:00,438.0,RCM-1,119.52302360459323,47.688113163932215,778.639056827431,skyfield_earthsatellite
2026-07-30T11:12:49+00:00,439.0,RCM-1,120.3056067633561,47.535323614152674,780.2501025004443,skyfield_earthsatellite
2026-07-30T11:12:50+00:00,440.0,RCM-1,121.08032839629004,47.37757872091165,781.9255336824222,skyfield_earthsatellite
2026-07-30T11:12:51+00:00,441.0,RCM-1,121.84703271573096,47.21502763191664,783.6649363505188,skyfield_earthsatellite
2026-07-30T11:12:52+00:00,442.0,RCM-1,122.6055785054375,47.04782103972863,785.4678843705659,skyfield_earthsatellite
2026-07-30T11:12:53+00:00,443.0,RCM-1,123.35583885552028,46.87611082930007,787.3339399742522,skyfield_earthsatellite
2026-07-30T11:12:54+00:00,444.0,RCM-1,124.09770085513485,46.70004973643907,789.2626542449588,skyfield_earthsatellite
2026-07-30T11:12:55+00:00,445.0,RCM-1,124.83106524569698,46.51979101890161,791.253567603823,skyfield_earthsatellite
2026-07-30T11:12:56+00:00,446.0,RCM-1,125.5558460415185,46.33548814020699,793.3062103035835,skyfield_earthsatellite
2026-07-30T11:12:57+00:00,447.0,RCM-1,126.27197011982076,46.147294467749774,795.4201029198116,skyfield_earthsatellite
2026-07-30T11:12:58+00:00,448.0,RCM-1,126.97937678590692,45.955362985176,797.5947568455422,skyfield_earthsatellite
2026-07-30T11:12:59+00:00,449.0,RCM-1,127.67801731784309,45.75984601974401,799.8296747852546,skyfield_earthsatellite
2026-07-30T11:13:00+00:00,450.0,RCM-1,128.36785449368293,45.56089498490424,802.1243512486058,skyfield_earthsatellite
2026-07-30T11:13:01+00:00,451.0,RCM-1,129.04886210542278,45.35866013860039,804.4782730394255,skyfield_earthsatellite
2026-07-30T11:13:02+00:00,452.0,RCM-1,129.7210244638202,45.15329035684066,806.8909197456718,skyfield_earthsatellite
2026-07-30T11:13:03+00:00,453.0,RCM-1,130.38433589666366,44.94493292310841,809.361764222829,skyfield_earthsatellite
2026-07-30T11:13:04+00:00,454.0,RCM-1,131.03880024375349,44.73373333328213,811.8902730727197,skyfield_earthsatellite
2026-07-30T11:13:05+00:00,455.0,RCM-1,131.68443035204058,44.51983511569581,814.4759071192644,skyfield_earthsatellite
2026-07-30T11:13:06+00:00,456.0,RCM-1,132.3212475728488,44.30337966651189,817.1181218754033,skyfield_earthsatellite
2026-07-30T11:13:07+00:00,457.0,RCM-1,132.94928126330333,44.08450609976406,819.8163680043856,skyfield_earthsatellite
2026-07-30T11:13:08+00:00,458.0,RCM-1,133.56856829572993,43.863351111668685,822.570091775153,skyfield_earthsatellite
2026-07-30T11:13:09+00:00,459.0,RCM-1,134.17915257411843,43.64004885920726,825.3787355058788,skyfield_earthsatellite
2026-07-30T11:13:10+00:00,460.0,RCM-1,134.7810845621685,43.41473085180038,828.2417380039717,skyfield_earthsatellite
2026-07-30T11:13:11+00:00,461.0,RCM-1,135.37442082224877,43.187525856453775,831.1585349909732,skyfield_earthsatellite
2026-07-30T11:13:12+00:00,462.0,RCM-1,135.9592235676007,42.958559814805255,834.1285595249807,skyfield_earthsatellite
2026-07-30T11:13:13+00:00,463.0,RCM-1,136.5355602283734,42.72795577254665,837.1512424072143,skyfield_earthsatellite
2026-07-30T11:13:14+00:00,464.0,RCM-1,137.10350303177043,42.495833820030384,840.2260125801305,skyfield_earthsatellite
2026-07-30T11:13:15+00:00,465.0,RCM-1,137.66312859886392,42.26231104341928,843.352297517831,skyfield_earthsatellite
2026-07-30T11:13:16+00:00,466.0,RCM-1,138.2145175554499,42.02750148645168,846.5295235995904,skyfield_earthsatellite
2026-07-30T11:13:17+00:00,467.0,RCM-1,138.75775416086802,41.79151612127559,849.7571164792262,skyfield_earthsatellite
2026-07-30T11:13:18+00:00,468.0,RCM-1,139.29292595179427,41.554462828693936,853.034501437611,skyfield_earthsatellite
2026-07-30T11:13:19+00:00,469.0,RCM-1,139.8201234033754,41.31644638663224,856.3611037264329,skyfield_earthsatellite
2026-07-30T11:13:20+00:00,470.0,RCM-1,140.33943960638751,41.07756846652923,859.7363488994233,skyfield_earthsatellite
2026-07-30T11:13:21+00:00,471.0,RCM-1,140.8509699608862,40.83792763704293,863.1596631316938,skyfield_earthsatellite
2026-07-30T11:13:22+00:00,472.0,RCM-1,141.35481188625153,40.59761937435918,866.6304735295322,skyfield_earthsatellite
2026-07-30T11:13:23+00:00,473.0,RCM-1,141.85106454661587,40.356736078956615,870.1482084253051,skyfield_earthsatellite
2026-07-30T11:13:24+00:00,474.0,RCM-1,142.33982859258916,40.11536709797971,873.7122976622234,skyfield_earthsatellite
2026-07-30T11:13:25+00:00,475.0,RCM-1,142.82120591742844,39.873598752882174,877.3221728668752,skyfield_earthsatellite
2026-07-30T11:13:26+00:00,476.0,RCM-1,143.2952994288888,39.63151437176828,880.9772677111616,skyfield_earthsatellite
2026-07-30T11:13:27+00:00,477.0,RCM-1,143.76221283460276,39.38919432614762,884.6770181611406,skyfield_earthsatellite
2026-07-30T11:13:28+00:00,478.0,RCM-1,144.2220504420726,39.14671607146423,888.4208627161895,skyfield_earthsatellite
2026-07-30T11:13:29+00:00,479.0,RCM-1,144.67491697142157,38.90415419129858,892.2082426338791,skyfield_earthsatellite
2026-07-30T11:13:30+00:00,480.0,RCM-1,145.1209173815564,38.66158044440865,896.0386021475847,skyfield_earthsatellite
2026-07-30T11:13:31+00:00,481.0,RCM-1,145.56015670835802,38.41906381470783,899.9113886698284,skyfield_earthsatellite
2026-07-30T11:13:32+00:00,482.0,RCM-1,145.9927399147858,38.17667056351339,903.8260529866616,skyfield_earthsatellite
2026-07-30T11:13:33+00:00,483.0,RCM-1,146.41877175226972,37.93446428395546,907.7820494397764,skyfield_earthsatellite
2026-07-30T11:13:34+00:00,484.0,RCM-1,146.83835663282474,37.69250595699656,911.778836100548,skyfield_earthsatellite
2026-07-30T11:13:35+00:00,485.0,RCM-1,147.25159851140674,37.45085400908829,915.8158749312604,skyfield_earthsatellite
2026-07-30T11:13:36+00:00,486.0,RCM-1,147.65860077807292,37.20956437093256,919.8926319380704,skyfield_earthsatellite
2026-07-30T11:13:37+00:00,487.0,RCM-1,148.05946615911455,36.96869053724499,924.008577313542,skyfield_earthsatellite
2026-07-30T11:13:38+00:00,488.0,RCM-1,148.4542966272678,36.72828362715159,928.1631855715196,skyfield_earthsatellite
2026-07-30T11:13:39+00:00,489.0,RCM-1,148.8431933195272,36.48839244537089,932.3559356681956,skyfield_earthsatellite
2026-07-30T11:13:40+00:00,490.0,RCM-1,149.22625646331164,36.2490635434562,936.586311118849,skyfield_earthsatellite
2026-07-30T11:13:41+00:00,491.0,RCM-1,149.60358530972127,36.01034128117228,940.8538001061812,skyfield_earthsatellite
2026-07-30T11:13:42+00:00,492.0,RCM-1,149.97527807323465,35.7722678882681,945.1578955729484,skyfield_earthsatellite
2026-07-30T11:13:43+00:00,493.0,RCM-1,150.34143187865985,35.53488352539526,949.498095318637,skyfield_earthsatellite
2026-07-30T11:13:44+00:00,494.0,RCM-1,150.70214271315044,35.298226345412935,953.8739020759848,skyfield_earthsatellite
2026-07-30T11:13:45+00:00,495.0,RCM-1,151.0575053845401,35.06233255389987,958.2848235863304,skyfield_earthsatellite
2026-07-30T11:13:46+00:00,496.0,RCM-1,151.4076134847828,34.827236468990264,962.7303726703752,skyfield_earthsatellite
2026-07-30T11:13:47+00:00,497.0,RCM-1,151.75255935790162,34.59297058110223,967.210067281807,skyfield_earthsatellite
2026-07-30T11:13:48+00:00,498.0,RCM-1,152.09243407302353,34.359565611303765,971.7234305660554,skyfield_earthsatellite
2026-07-30T11:13:49+00:00,499.0,RCM-1,152.42732740142606,34.127050569320204,976.2699909039452,skyfield_earthsatellite
2026-07-30T11:13:50+00:00,500.0,RCM-1,152.7573277973878,33.89545281047658,980.8492819526172,skyfield_earthsatellite
2026-07-30T11:13:51+00:00,501.0,RCM-1,153.0825223828485,33.664798091764986,985.4608426790154,skyfield_earthsatellite
2026-07-30T11:13:52+00:00,502.0,RCM-1,153.402996935556,33.43511062676728,990.1042173905678,skyfield_earthsatellite
2026-07-30T11:13:53+00:00,503.0,RCM-1,153.71883587994233,33.2064131397314,994.7789557564622,skyfield_earthsatellite
2026-07-30T11:13:54+00:00,504.0,RCM-1,154.03012228123606,32.97872691847019,999.4846128254228,skyfield_earthsatellite
2026-07-30T11:13:55+00:00,505.0,RCM-1,154.33693784209066,32.75207186608369,1004.220749039764,skyfield_earthsatellite
2026-07-30T11:13:56+00:00,506.0,RCM-1,154.63936290152412,32.52646655172544,1008.986930240673,skyfield_earthsatellite
2026-07-30T11:13:57+00:00,507.0,RCM-1,154.9374764364033,32.301928259845106,1013.7827276764976,skyfield_earthsatellite
2026-07-30T11:13:58+00:00,508.0,RCM-1,155.23135606448938,32.07847303875298,1018.6077179959844,skyfield_earthsatellite
2026-07-30T11:13:59+00:00,509.0,RCM-1,155.52107804984155,31.85611574747316,1023.4614832483676,skyfield_earthsatellite
2026-07-30T11:14:00+00:00,510.0,RCM-1,155.80671730945247,31.63487010176432,1028.3436108716896,skyfield_earthsatellite
2026-07-30T11:14:01+00:00,511.0,RCM-1,156.08834742186767,31.414748718742896,1033.2536936814583,skyfield_earthsatellite
2026-07-30T11:14:02+00:00,512.0,RCM-1,156.36604063671265,31.19576316043188,1038.1913298528968,skyfield_earthsatellite
2026-07-30T11:14:03+00:00,513.0,RCM-1,156.6398678859419,30.97792397589412,1043.156122904588,skyfield_earthsatellite
2026-07-30T11:14:04+00:00,514.0,RCM-1,156.90989879584674,30.76124074238214,1048.1476816742224,skyfield_earthsatellite
2026-07-30T11:14:05+00:00,515.0,RCM-1,157.1762017003456,30.54572210516309,1053.1656202943552,skyfield_earthsatellite
2026-07-30T11:14:06+00:00,516.0,RCM-1,157.43884365477942,30.331375816308817,1058.2095581620952,skyfield_earthsatellite
2026-07-30T11:14:07+00:00,517.0,RCM-1,157.6978904511621,30.118208772052924,1063.279119912329,skyfield_earthsatellite
2026-07-30T11:14:08+00:00,518.0,RCM-1,157.95340663334153,29.906227049315017,1068.373935381073,skyfield_earthsatellite
2026-07-30T11:14:09+00:00,519.0,RCM-1,158.20545551347578,29.695435940750357,1073.4936395744623,skyfield_earthsatellite
2026-07-30T11:14:10+00:00,520.0,RCM-1,158.45409918853798,29.485839989057823,1078.6378726266234,skyfield_earthsatellite
2026-07-30T11:14:11+00:00,521.0,RCM-1,158.6993985574923,29.27744301982174,1083.806279764338,skyfield_earthsatellite
2026-07-30T11:14:12+00:00,522.0,RCM-1,158.9414133390874,29.07024817340769,1088.9985112666834,skyfield_earthsatellite
2026-07-30T11:14:13+00:00,523.0,RCM-1,159.1802020892131,28.864257936039543,1094.2142224168429,skyfield_earthsatellite
2026-07-30T11:14:14+00:00,524.0,RCM-1,159.41582221962642,28.659474169309615,1099.4530734656198,skyfield_earthsatellite
2026-07-30T11:14:15+00:00,525.0,RCM-1,159.6483300158433,28.455898139193604,1104.7147295803536,skyfield_earthsatellite
2026-07-30T11:14:16+00:00,526.0,RCM-1,159.8777806558712,28.253530543743757,1109.9988608007866,skyfield_earthsatellite
2026-07-30T11:14:17+00:00,527.0,RCM-1,160.1042282287347,28.05237153998532,1115.3051419892286,skyfield_earthsatellite
2026-07-30T11:14:18+00:00,528.0,RCM-1,160.3277257532558,27.852420769666104,1120.63325278484,skyfield_earthsatellite
2026-07-30T11:14:19+00:00,529.0,RCM-1,160.54832519665104,27.65367738435753,1125.982877549622,skyfield_earthsatellite
2026-07-30T11:14:20+00:00,530.0,RCM-1,160.76607749338592,27.456140069371934,1131.3537053209986,skyfield_earthsatellite
2026-07-30T11:14:21+00:00,531.0,RCM-1,160.98103256375677,27.259807066992444,1136.7454297585414,skyfield_earthsatellite
2026-07-30T11:14:22+00:00,532.0,RCM-1,161.19323933260537,27.06467619880071,1142.157749091279,skyfield_earthsatellite
2026-07-30T11:14:23+00:00,533.0,RCM-1,161.4027457478469,26.870744887075443,1147.5903660670283,skyfield_earthsatellite
2026-07-30T11:14:24+00:00,534.0,RCM-1,161.60959879886306,26.67801017554473,1153.0429878969055,skyfield_earthsatellite
2026-07-30T11:14:25+00:00,535.0,RCM-1,161.81384453479137,26.486468749229456,1158.5153262026718,skyfield_earthsatellite
2026-07-30T11:14:26+00:00,536.0,RCM-1,162.01552808280297,26.29611695354514,1164.007096963373,skyfield_earthsatellite
2026-07-30T11:14:27+00:00,537.0,RCM-1,162.21469366590452,26.10695081276141,1169.518020458786,skyfield_earthsatellite
2026-07-30T11:14:28+00:00,538.0,RCM-1,162.41138462087298,25.918966047600577,1175.0478212168853,skyfield_earthsatellite
2026-07-30T11:14:29+00:00,539.0,RCM-1,162.60564341573266,25.73215809227588,1180.596227957204,skyfield_earthsatellite
2026-07-30T11:14:30+00:00,540.0,RCM-1,162.7975116672977,25.546522110701773,1186.1629735387269,skyfield_earthsatellite
2026-07-30T11:14:31+00:00,541.0,RCM-1,162.98703015818367,25.362053012216037,1191.747794902956,skyfield_earthsatellite
2026-07-30T11:14:32+00:00,542.0,RCM-1,163.17423885381126,25.178745466634144,1197.3504330180283,skyfield_earthsatellite
2026-07-30T11:14:33+00:00,543.0,RCM-1,163.35917691913693,24.99659391857691,1202.9706328264535,skyfield_earthsatellite
2026-07-30T11:14:34+00:00,544.0,RCM-1,163.5418827350419,24.81559260134304,1208.6081431889334,skyfield_earthsatellite
2026-07-30T11:14:35+00:00,545.0,RCM-1,163.7223939146049,24.63573555015412,1214.262716830141,skyfield_earthsatellite
2026-07-30T11:14:36+00:00,546.0,RCM-1,163.90074731897752,24.45701661488172,1219.9341102836129,skyfield_earthsatellite
2026-07-30T11:14:37+00:00,547.0,RCM-1,164.076979073118,24.279429472208903,1225.6220838379886,skyfield_earthsatellite
2026-07-30T11:14:38+00:00,548.0,RCM-1,164.25112458124704,24.102967637244888,1231.3264014846486,skyfield_earthsatellite
2026-07-30T11:14:39+00:00,549.0,RCM-1,164.4232185419228,23.927624474828885,1237.0468308596985,skyfield_earthsatellite
2026-07-30T11:14:40+00:00,550.0,RCM-1,164.59329496303425,23.753393210068836,1242.783143195542,skyfield_earthsatellite
2026-07-30T11:14:41+00:00,551.0,RCM-1,164.7613871763521,23.58026693864619,1248.5351132655894,skyfield_earthsatellite
2026-07-30T11:14:42+00:00,552.0,RCM-1,164.9275278519853,23.408238636627846,1254.3025193308192,skyfield_earthsatellite
2026-07-30T11:14:43+00:00,553.0,RCM-1,165.09174901236662,23.237301169782416,1260.085143088996,skyfield_earthsatellite
2026-07-30T11:14:44+00:00,554.0,RCM-1,165.25408204615874,23.06744730255125,1265.8827696222008,skyfield_earthsatellite
2026-07-30T11:14:45+00:00,555.0,RCM-1,165.41455772178392,22.898669706567784,1271.6951873465528,skyfield_earthsatellite
2026-07-30T11:14:46+00:00,556.0,RCM-1,165.57320620073324,22.730960968929512,1277.5221879578523,skyfield_earthsatellite
2026-07-30T11:14:47+00:00,557.0,RCM-1,165.73005705057514,22.564313599899137,1283.363566384597,skyfield_earthsatellite
2026-07-30T11:14:48+00:00,558.0,RCM-1,165.8851392578184,22.39872004034804,1289.219120738304,skyfield_earthsatellite
2026-07-30T11:14:49+00:00,559.0,RCM-1,166.0384812403237,22.234172668950254,1295.0886522610745,skyfield_earthsatellite
2026-07-30T11:14:50+00:00,560.0,RCM-1,166.19011085955356,22.0706638089352,1300.971965277611,skyfield_earthsatellite
2026-07-30T11:14:51+00:00,561.0,RCM-1,166.34005543271456,21.90818573450243,1306.8688671487253,skyfield_earthsatellite
2026-07-30T11:14:52+00:00,562.0,RCM-1,166.4883417444124,21.74673067701576,1312.7791682223856,skyfield_earthsatellite
2026-07-30T11:14:53+00:00,563.0,RCM-1,166.6349960581616,21.58629083094985,1318.702681783675,skyfield_earthsatellite
2026-07-30T11:14:54+00:00,564.0,RCM-1,166.7800441276394,21.426858359382425,1324.6392240117193,skyfield_earthsatellite
2026-07-30T11:14:55+00:00,565.0,RCM-1,166.92351120783823,21.268425399341005,1330.588613932687,skyfield_earthsatellite
2026-07-30T11:14:56+00:00,566.0,RCM-1,167.06542206564473,21.11098406693378,1336.550673371746,skyfield_earthsatellite
2026-07-30T11:14:57+00:00,567.0,RCM-1,167.2058009905846,20.954526462085934,1342.5252269110847,skyfield_earthsatellite
2026-07-30T11:14:58+00:00,568.0,RCM-1,167.34467180506877,20.79904467317828,1348.5121018432062,skyfield_earthsatellite
2026-07-30T11:14:59+00:00,569.0,RCM-1,167.48205787446062,20.644530781405507,1354.5111281268032,skyfield_earthsatellite
2026-07-30T11:15:00+00:00,570.0,RCM-1,167.61798211705883,20.49097686484083,1360.5221383460478,skyfield_earthsatellite
2026-07-30T11:15:01+00:00,571.0,RCM-1,167.7524670136657,20.338375002422083,1366.5449676654052,skyfield_earthsatellite
2026-07-30T11:15:02+00:00,572.0,RCM-1,167.88553461704524,20.186717277691358,1372.5794537867432,skyfield_earthsatellite
2026-07-30T11:15:03+00:00,573.0,RCM-1,168.01720656121844,20.035995782260336,1378.625436910153,skyfield_earthsatellite
2026-07-30T11:15:04+00:00,574.0,RCM-1,168.14750407044474,19.886202619199803,1384.6827596911016,skyfield_earthsatellite
2026-07-30T11:15:05+00:00,575.0,RCM-1,168.27644796808184,19.737329906158,1390.7512672018793,skyfield_earthsatellite
2026-07-30T11:15:06+00:00,576.0,RCM-1,168.40405868517638,19.58936977841773,1396.8308068891838,skyfield_earthsatellite
2026-07-30T11:15:07+00:00,577.0,RCM-1,168.53035626893055,19.442314391714163,1402.9212285353487,skyfield_earthsatellite
2026-07-30T11:15:08+00:00,578.0,RCM-1,168.6553603909738,19.296155924837134,1409.0223842226312,skyfield_earthsatellite
2026-07-30T11:15:09+00:00,579.0,RCM-1,168.77909035534728,19.15088658225725,1415.134128290917,skyfield_earthsatellite
2026-07-30T11:15:10+00:00,580.0,RCM-1,168.9015651064377,19.00649859645325,1421.256317302334,skyfield_earthsatellite
2026-07-30T11:15:11+00:00,581.0,RCM-1,169.0228032367131,18.86298423014413,1427.3888100048057,skyfield_earthsatellite
2026-07-30T11:15:12+00:00,582.0,RCM-1,169.14282299413196,18.72033577842351,1433.5314672946702,skyfield_earthsatellite
2026-07-30T11:15:13+00:00,583.0,RCM-1,169.26164228958794,18.57854557078524,1439.6841521791332,skyfield_earthsatellite
2026-07-30T11:15:14+00:00,584.0,RCM-1,169.3792787040794,18.43760597290831,1445.8467297443851,skyfield_earthsatellite
2026-07-30T11:15:15+00:00,585.0,RCM-1,169.4957494956918,18.29750938842012,1452.019067120375,skyfield_earthsatellite
2026-07-30T11:15:16+00:00,586.0,RCM-1,169.61107160648933,18.158248260626184,1458.2010334426384,skyfield_earthsatellite
2026-07-30T11:15:17+00:00,587.0,RCM-1,169.7252616692084,18.019815073933845,1464.392499823555,skyfield_earthsatellite
2026-07-30T11:15:18+00:00,588.0,RCM-1,169.83833601380826,17.882202355363297,1470.593339315738,skyfield_earthsatellite
2026-07-30T11:15:19+00:00,589.0,RCM-1,169.95031067386196,17.74540267583152,1476.8034268819165,skyfield_earthsatellite
2026-07-30T11:15:20+00:00,590.0,RCM-1,170.06120139284994,17.609408651407765,1483.0226393623848,skyfield_earthsatellite
2026-07-30T11:15:21+00:00,591.0,RCM-1,170.1710236301586,17.474212944539012,1489.250855440404,skyfield_earthsatellite
2026-07-30T11:15:22+00:00,592.0,RCM-1,170.27979256718868,17.339808265020025,1495.4879556158637,skyfield_earthsatellite
2026-07-30T11:15:23+00:00,593.0,RCM-1,170.38752311312302,17.206187371033902,1501.7338221726568,skyfield_earthsatellite
2026-07-30T11:15:24+00:00,594.0,RCM-1,170.49422991056358,17.07334307011061,1507.9883391467167,skyfield_earthsatellite
2026-07-30T11:15:25+00:00,595.0,RCM-1,170.59992734122858,16.941268219881067,1514.2513923006552,skyfield_earthsatellite
2026-07-30T11:15:26+00:00,596.0,RCM-1,170.7046295312935,16.809955728920382,1520.5228690915844,skyfield_earthsatellite
2026-07-30T11:15:27+00:00,597.0,RCM-1,170.8083503567214,16.679398557439125,1526.8026586432782,skyfield_earthsatellite
2026-07-30T11:15:28+00:00,598.0,RCM-1,170.9111034484843,16.54958971791623,1533.0906517187125,skyfield_earthsatellite
2026-07-30T11:15:29+00:00,599.0,RCM-1,171.01290219763547,16.420522275688647,1539.386740692176,skyfield_earthsatellite
2026-07-30T11:15:30+00:00,600.0,RCM-1,171.1137597602407,16.292189349475862,1545.6908195222693,skyfield_earthsatellite
2026-07-30T11:15:31+00:00,601.0,RCM-1,171.21368906224845,16.164584111839012,1552.0027837258626,skyfield_earthsatellite
2026-07-30T11:15:32+00:00,602.0,RCM-1,171.31270280420335,16.037699789654134,1558.3225303492457,skyfield_earthsatellite
2026-07-30T11:15:33+00:00,603.0,RCM-1,171.41081346589968,15.911529664385297,1564.6499579471397,skyfield_earthsatellite
2026-07-30T11:15:34+00:00,604.0,RCM-1,171.50803331087616,15.78606707250895,1570.984966552321,skyfield_earthsatellite
2026-07-30T11:15:35+00:00,605.0,RCM-1,171.6043743908463,15.66130540570931,1577.3274576548574,skyfield_earthsatellite
2026-07-30T11:15:36+00:00,606.0,RCM-1,171.69984855001678,15.537238111173435,1583.6773341746075,skyfield_earthsatellite
2026-07-30T11:15:37+00:00,607.0,RCM-1,171.79446742931432,15.413858691718069,1590.034500440626,skyfield_earthsatellite
2026-07-30T11:15:38+00:00,608.0,RCM-1,171.88824247046207,15.291160706049192,1596.3988621622025,skyfield_earthsatellite
2026-07-30T11:15:39+00:00,609.0,RCM-1,171.9811849200963,15.16913776874451,1602.7703264127042,skyfield_earthsatellite
2026-07-30T11:15:40+00:00,610.0,RCM-1,172.07330583360198,15.0477835504507,1609.1488016008802,skyfield_earthsatellite
2026-07-30T11:15:41+00:00,611.0,RCM-1,172.16461607907223,14.92709177788082,1615.5341974512794,skyfield_earthsatellite
2026-07-30T11:15:42+00:00,612.0,RCM-1,172.25512634094716,14.807056233845774,1621.9264249816051,skyfield_earthsatellite
2026-07-30T11:15:43+00:00,613.0,RCM-1,172.3448471238489,14.687670757206504,1628.325396483091,skyfield_earthsatellite
2026-07-30T11:15:44+00:00,614.0,RCM-1,172.43378875598722,14.568929242942662,1634.7310254935808,skyfield_earthsatellite
2026-07-30T11:15:45+00:00,615.0,RCM-1,172.52196139284865,14.450825641953584,1641.143226783808,skyfield_earthsatellite
2026-07-30T11:15:46+00:00,616.0,RCM-1,172.60937502051402,14.333353961025528,1647.561916333859,skyfield_earthsatellite
2026-07-30T11:15:47+00:00,617.0,RCM-1,172.69603945904765,14.216508262778584,1653.9870113097236,skyfield_earthsatellite
2026-07-30T11:15:48+00:00,618.0,RCM-1,172.78196436585486,14.10028266540372,1660.4184300503869,skyfield_earthsatellite
2026-07-30T11:15:49+00:00,619.0,RCM-1,172.86715923875067,13.984671342613902,1666.856092042483,skyfield_earthsatellite
2026-07-30T11:15:50+00:00,620.0,RCM-1,172.9516334192364,13.869668523420774,1673.2999179036874,skyfield_earthsatellite
2026-07-30T11:15:51+00:00,621.0,RCM-1,173.03539609547653,13.75526849190967,1679.7498293655735,skyfield_earthsatellite
2026-07-30T11:15:52+00:00,622.0,RCM-1,173.1184563053125,13.641465587118558,1686.205749249977,skyfield_earthsatellite
2026-07-30T11:15:53+00:00,623.0,RCM-1,173.20082293925992,13.528254202666895,1692.6676014587883,skyfield_earthsatellite
2026-07-30T11:15:54+00:00,624.0,RCM-1,173.28250474329712,13.415628786671576,1699.1353109469603,skyfield_earthsatellite
2026-07-30T11:15:55+00:00,625.0,RCM-1,173.36351032171063,13.303583841327898,1705.6088037140466,skyfield_earthsatellite
2026-07-30T11:15:56+00:00,626.0,RCM-1,173.44384813982083,13.192113922754476,1712.088006780156,skyfield_earthsatellite
2026-07-30T11:15:57+00:00,627.0,RCM-1,173.52352652670774,13.081213640628125,1718.572848173558,skyfield_earthsatellite
2026-07-30T11:15:58+00:00,628.0,RCM-1,173.60255367775895,12.97087765792885,1725.0632569115223,skyfield_earthsatellite
2026-07-30T11:15:59+00:00,629.0,RCM-1,173.68093765731865,12.861100690600312,1731.559162985659,skyfield_earthsatellite
2026-07-30T11:16:00+00:00,630.0,RCM-1,173.7586864011285,12.751877507254973,1738.060497344375,skyfield_earthsatellite
2026-07-30T11:16:01+00:00,631.0,RCM-1,173.83580771884223,12.643202928802692,1744.5671918795426,skyfield_earthsatellite
2026-07-30T11:16:02+00:00,632.0,RCM-1,173.9123092963781,12.535071828142735,1751.0791794091174,skyfield_earthsatellite
2026-07-30T11:16:03+00:00,633.0,RCM-1,173.98819869829143,12.427479129820927,1757.596393661624,skyfield_earthsatellite
2026-07-30T11:16:04+00:00,634.0,RCM-1,174.06348337009263,12.320419809625756,1764.1187692640788,skyfield_earthsatellite
2026-07-30T11:16:05+00:00,635.0,RCM-1,174.1381706404563,12.213888894239826,1770.6462417264534,skyfield_earthsatellite
2026-07-30T11:16:06+00:00,636.0,RCM-1,174.21226772343644,12.107881460944371,1777.17874742276,skyfield_earthsatellite
2026-07-30T11:16:07+00:00,637.0,RCM-1,174.28578172063965,12.002392637109596,1783.7162235849996,skyfield_earthsatellite
2026-07-30T11:16:08+00:00,638.0,RCM-1,174.3587196233029,11.897417599936547,1790.2586082817193,skyfield_earthsatellite
2026-07-30T11:16:09+00:00,639.0,RCM-1,174.43108831438985,11.792951575940965,1796.8058404123817,skyfield_earthsatellite
2026-07-30T11:16:10+00:00,640.0,RCM-1,174.5028945705674,11.68898984071522,1803.35785968438,skyfield_earthsatellite
2026-07-30T11:16:11+00:00,641.0,RCM-1,174.5741450641843,11.585527718403991,1809.914606607913,skyfield_earthsatellite
2026-07-30T11:16:12+00:00,642.0,RCM-1,174.64484636524662,11.482560581344098,1816.476022480649,skyfield_earthsatellite
2026-07-30T11:16:13+00:00,643.0,RCM-1,174.71500494327304,11.3800838496708,1823.0420493744173,skyfield_earthsatellite
2026-07-30T11:16:14+00:00,644.0,RCM-1,174.78462716914922,11.278092990927584,1829.6126301217755,skyfield_earthsatellite
2026-07-30T11:16:15+00:00,645.0,RCM-1,174.8537193169406,11.176583519624131,1836.18770830588,skyfield_earthsatellite
2026-07-30T11:16:16+00:00,646.0,RCM-1,174.92228756569136,11.075550996793718,1842.7672282505976,skyfield_earthsatellite
2026-07-30T11:16:17+00:00,647.0,RCM-1,174.99033800108234,10.974991029707445,1849.3511350004624,skyfield_earthsatellite
2026-07-30T11:16:18+00:00,648.0,RCM-1,175.05787661723923,10.874899271300974,1855.9393743194375,skyfield_earthsatellite
2026-07-30T11:16:19+00:00,649.0,RCM-1,175.124909318322,10.775271419853448,1862.531892673376,skyfield_earthsatellite
2026-07-30T11:16:20+00:00,650.0,RCM-1,175.19144192017947,10.676103218566372,1869.128637219183,skyfield_earthsatellite
2026-07-30T11:16:21+00:00,651.0,RCM-1,175.25748015192545,10.577390455123526,1875.7295557953005,skyfield_earthsatellite
2026-07-30T11:16:22+00:00,652.0,RCM-1,175.32302965753706,10.479128961269964,1882.3345969112256,skyfield_earthsatellite
2026-07-30T11:16:23+00:00,653.0,RCM-1,175.38809599734185,10.381314612408218,1888.9437097359548,skyfield_earthsatellite
2026-07-30T11:16:24+00:00,654.0,RCM-1,175.4526846495635,10.283943327155963,1895.5568440892628,skyfield_earthsatellite
2026-07-30T11:16:25+00:00,655.0,RCM-1,175.5168010117101,10.187011067009378,1902.1739504260213,skyfield_earthsatellite
2026-07-30T11:16:26+00:00,656.0,RCM-1,175.58045040211792,10.090513835799689,1908.794979834763,skyfield_earthsatellite
2026-07-30T11:16:27+00:00,657.0,RCM-1,175.64363806126576,9.994447679366912,1915.419884021671,skyfield_earthsatellite
2026-07-30T11:16:28+00:00,658.0,RCM-1,175.70636915319554,9.898808685115508,1922.0486153029465,skyfield_earthsatellite
2026-07-30T11:16:29+00:00,659.0,RCM-1,175.7686487668497,9.803592981630134,1928.6811265931517,skyfield_earthsatellite
2026-07-30T11:16:30+00:00,660.0,RCM-1,175.83048191740417,9.70879673821126,1935.3173713994463,skyfield_earthsatellite
2026-07-30T11:16:31+00:00,661.0,RCM-1,175.89187354757368,9.614416164479826,1941.957303811271,skyfield_earthsatellite
2026-07-30T11:16:32+00:00,662.0,RCM-1,175.95282852883702,9.520447510000992,1948.600878488996,skyfield_earthsatellite
2026-07-30T11:16:33+00:00,663.0,RCM-1,176.01335166272682,9.426887063837036,1955.248050657692,skyfield_earthsatellite
2026-07-30T11:16:34+00:00,664.0,RCM-1,176.07344768201122,9.333731154173844,1961.8987760961363,skyfield_earthsatellite
2026-07-30T11:16:35+00:00,665.0,RCM-1,176.13312125195102,9.240976147854145,1968.5530111326584,skyfield_earthsatellite
2026-07-30T11:16:36+00:00,666.0,RCM-1,176.19237697134642,9.148618450079884,1975.2107126291903,skyfield_earthsatellite
2026-07-30T11:16:37+00:00,667.0,RCM-1,176.251219373815,9.056654503897088,1981.871837981234,skyfield_earthsatellite
2026-07-30T11:16:38+00:00,668.0,RCM-1,176.30965292885267,8.965080789869777,1988.536345104578,skyfield_earthsatellite
2026-07-30T11:16:39+00:00,669.0,RCM-1,176.36768204292187,8.87389382566837,1995.2041924283803,skyfield_earthsatellite
2026-07-30T11:16:40+00:00,670.0,RCM-1,176.4253110605683,8.783090165668128,2001.875338887963,skyfield_earthsatellite
2026-07-30T11:16:41+00:00,671.0,RCM-1,176.48254426544324,8.692666400566225,2008.549743916458,skyfield_earthsatellite
2026-07-30T11:16:42+00:00,672.0,RCM-1,176.5393858813728,8.602619156970663,2015.2273674389453,skyfield_earthsatellite
2026-07-30T11:16:43+00:00,673.0,RCM-1,176.59584007332683,8.51294509705177,2021.9081698622465,skyfield_earthsatellite
2026-07-30T11:16:44+00:00,674.0,RCM-1,176.6519109484679,8.42364091815468,2028.59211206788,skyfield_earthsatellite
2026-07-30T11:16:45+00:00,675.0,RCM-1,176.70760255710823,8.334703352362204,2035.2791554091475,skyfield_earthsatellite
2026-07-30T11:16:46+00:00,676.0,RCM-1,176.76291889363972,8.246129166188082,2041.969261698812,skyfield_earthsatellite
2026-07-30T11:16:47+00:00,677.0,RCM-1,176.81786389751736,8.157915160174563,2048.66239320414,skyfield_earthsatellite
2026-07-30T11:16:48+00:00,678.0,RCM-1,176.87244145411194,8.070058168519735,2055.358512640243,skyfield_earthsatellite
2026-07-30T11:16:49+00:00,679.0,RCM-1,176.92665539571743,7.982555058695975,2062.0575831642464,skyfield_earthsatellite
2026-07-30T11:16:50+00:00,680.0,RCM-1,176.98050950231806,7.895402731106962,2068.759568367072,skyfield_earthsatellite
2026-07-30T11:16:51+00:00,681.0,RCM-1,177.03400750255167,7.808598118725458,2075.464432266818,skyfield_earthsatellite
2026-07-30T11:16:52+00:00,682.0,RCM-1,177.08715307449154,7.722138186705054,2082.172139304652,skyfield_earthsatellite
2026-07-30T11:16:53+00:00,683.0,RCM-1,177.1399498465152,7.636019932057185,2088.882654335895,skyfield_earthsatellite
2026-07-30T11:16:54+00:00,684.0,RCM-1,177.1924013981264,7.550240383278664,2095.595942625429,skyfield_earthsatellite
2026-07-30T11:16:55+00:00,685.0,RCM-1,177.24451126072975,7.464796600006235,2102.31196984116,skyfield_earthsatellite
2026-07-30T11:16:56+00:00,686.0,RCM-1,177.29628291845088,7.379685672669895,2109.030702048142,skyfield_earthsatellite
2026-07-30T11:16:57+00:00,687.0,RCM-1,177.34771980888345,7.294904722130855,2115.7521057040963,skyfield_earthsatellite
2026-07-30T11:16:58+00:00,688.0,RCM-1,177.39882532384408,7.210450899416418,2122.4761476476674,skyfield_earthsatellite
2026-07-30T11:16:59+00:00,689.0,RCM-1,177.44960281015213,7.126321385249986,2129.2027951032965,skyfield_earthsatellite
2026-07-30T11:17:00+00:00,690.0,RCM-1,177.5000555702949,7.042513389848773,2135.932015665192,skyfield_earthsatellite
2026-07-30T11:17:01+00:00,691.0,RCM-1,177.55018686322362,6.959024152488071,2142.6637773001594,skyfield_earthsatellite
2026-07-30T11:17:02+00:00,692.0,RCM-1,177.59999990496885,6.875850941273775,2149.3980483342234,skyfield_earthsatellite
2026-07-30T11:17:03+00:00,693.0,RCM-1,177.64949786939576,6.7929910527345365,2156.1347974539835,skyfield_earthsatellite
2026-07-30T11:17:04+00:00,694.0,RCM-1,177.69868388885484,6.710441811522588,2162.8739936996726,skyfield_earthsatellite
2026-07-30T11:17:05+00:00,695.0,RCM-1,177.74756105483823,6.628200570126426,2169.615606457551,skyfield_earthsatellite
2026-07-30T11:17:06+00:00,696.0,RCM-1,177.79613241863507,6.546264708520688,2176.3596054577006,skyfield_earthsatellite
2026-07-30T11:17:07+00:00,697.0,RCM-1,177.8444009919665,6.464631633884991,2183.1059607665966,skyfield_earthsatellite
2026-07-30T11:17:08+00:00,698.0,RCM-1,177.89236974763398,6.383298780247972,2189.8546427861347,skyfield_earthsatellite
2026-07-30T11:17:09+00:00,699.0,RCM-1,177.94004162008642,6.302263608238031,2196.6056222442558,skyfield_earthsatellite
2026-07-30T11:17:10+00:00,700.0,RCM-1,177.987419506095,6.221523604747369,2203.358870193027,skyfield_earthsatellite
2026-07-30T11:17:11+00:00,701.0,RCM-1,178.0345062652597,6.141076282640902,2210.1143580033454,skyfield_earthsatellite
2026-07-30T11:17:12+00:00,702.0,RCM-1,178.08130472068484,6.060919180457064,2216.872057360709,skyfield_earthsatellite
2026-07-30T11:17:13+00:00,703.0,RCM-1,178.12781765944618,5.981049862127168,2223.631940259708,skyfield_earthsatellite
2026-07-30T11:17:14+00:00,704.0,RCM-1,178.1740478332394,5.90146591667447,2230.393979000612,skyfield_earthsatellite
2026-07-30T11:17:15+00:00,705.0,RCM-1,178.21999795889485,5.822164957935223,2237.1581461844007,skyfield_earthsatellite
2026-07-30T11:17:16+00:00,706.0,RCM-1,178.26567071892018,5.743144624251494,2243.924414710566,skyfield_earthsatellite
2026-07-30T11:17:17+00:00,707.0,RCM-1,178.31106876201048,5.6644025782566185,2250.692757767285,skyfield_earthsatellite
2026-07-30T11:17:18+00:00,708.0,RCM-1,178.35619470360717,5.585936506491085,2257.463148836509,skyfield_earthsatellite
2026-07-30T11:17:19+00:00,709.0,RCM-1,178.40105112637832,5.507744119244613,2264.235561679931,skyfield_earthsatellite
2026-07-30T11:17:20+00:00,710.0,RCM-1,178.44564058073675,5.429823150201998,2271.009970342133,skyfield_earthsatellite
2026-07-30T11:17:21+00:00,711.0,RCM-1,178.4899655853348,5.3521713562173465,2277.7863491430785,skyfield_earthsatellite
2026-07-30T11:17:22+00:00,712.0,RCM-1,178.53402862753055,5.2747865170320845,2284.564672675684,skyfield_earthsatellite
2026-07-30T11:17:23+00:00,713.0,RCM-1,178.577832163878,5.197666435025522,2291.344915800924,skyfield_earthsatellite
2026-07-30T11:17:24+00:00,714.0,RCM-1,178.62137862062207,5.120808934920105,2298.127053647298,skyfield_earthsatellite
2026-07-30T11:17:25+00:00,715.0,RCM-1,178.66467039406916,5.044211863588977,2304.911061601488,skyfield_earthsatellite
