sector_id,site_id,array_rows,array_cols,users,protected_band_power_w,nominal_precoder_power_w,nominal_transmit_domain_leakage_w,nominal_local_sum_rate_bps_hz,horizontal_offset_deg,vertical_offset_deg,element_pattern_gain_dbi,basic_transmission_loss_db,prototype_user_metadata_json
E3_SITE_01_SEC_1,E3_SITE_01,16,16,4,3.9810717055349722,3.981071705534972,1.121221916976792,13.732347266739918,0.0,12.61937743257938,7.547696037531189,119.894554790291,"[{""user_index"": 0, ""local_azimuth_offset_deg"": 15.208441251164068, ""local_elevation_offset_deg"": 6.7875770091692065}, {""user_index"": 1, ""local_azimuth_offset_deg"": 5.931413505754016, ""local_elevation_offset_deg"": 6.642539838764067}, {""user_index"": 2, ""local_azimuth_offset_deg"": 27.320249150306523, ""local_elevation_offset_deg"": 5.007166511362861}, {""user_index"": 3, ""local_azimuth_offset_deg"": 18.15727795988549, ""local_elevation_offset_deg"": -2.8717721423927376}]"
E3_SITE_01_SEC_2,E3_SITE_01,16,16,4,3.9810717055349722,3.9810717055349722,1.0504324066610022,13.802289085384503,-120.0,12.61937743257938,-22.0,119.894554790291,"[{""user_index"": 0, ""local_azimuth_offset_deg"": -4.220100993846575, ""local_elevation_offset_deg"": 4.459654437700154}, {""user_index"": 1, ""local_azimuth_offset_deg"": -15.052525863744853, ""local_elevation_offset_deg"": -3.678773832437134}, {""user_index"": 2, ""local_azimuth_offset_deg"": 16.29262503947833, ""local_elevation_offset_deg"": -6.488017063525621}, {""user_index"": 3, ""local_azimuth_offset_deg"": -24.731182242529268, ""local_elevation_offset_deg"": 1.94166741635952}]"
E3_SITE_01_SEC_3,E3_SITE_01,16,16,4,3.9810717055349722,3.9810717055349736,0.47903690616445155,13.04740538793729,120.0,12.61937743257938,-22.0,119.894554790291,"[{""user_index"": 0, ""local_azimuth_offset_deg"": 1.941525724438371, ""local_elevation_offset_deg"": -1.2988609723008686}, {""user_index"": 1, ""local_azimuth_offset_deg"": 4.874998392518563, ""local_elevation_offset_deg"": -1.2593416444211591}, {""user_index"": 2, ""local_azimuth_offset_deg"": 14.54122442921497, ""local_elevation_offset_deg"": 5.966581373419276}, {""user_index"": 3, ""local_azimuth_offset_deg"": -10.813997374943849, ""local_elevation_offset_deg"": 5.7068609625569255}]"
E3_SITE_02_SEC_1,E3_SITE_02,16,16,4,3.9810717055349722,3.9810717055349727,1.7811615261492801,13.786847106197339,0.0,11.641917918868424,7.615050642850642,121.189096827102,"[{""user_index"": 0, ""local_azimuth_offset_deg"": -25.975178900878976, ""local_elevation_offset_deg"": 6.693403021096604}, {""user_index"": 1, ""local_azimuth_offset_deg"": 26.93437755938458, ""local_elevation_offset_deg"": -7.333459953305212}, {""user_index"": 2, ""local_azimuth_offset_deg"": -4.113888426995647, ""local_elevation_offset_deg"": -3.6042553882884967}, {""user_index"": 3, ""local_azimuth_offset_deg"": 17.55370436850916, ""local_elevation_offset_deg"": 1.6350433632672416}]"
E3_SITE_02_SEC_2,E3_SITE_02,16,16,4,3.9810717055349722,3.9810717055349745,1.0594388549678555,13.492931867921655,-120.0,11.641917918868424,-22.0,121.189096827102,"[{""user_index"": 0, ""local_azimuth_offset_deg"": 10.834022306263158, ""local_elevation_offset_deg"": 5.012878370997489}, {""user_index"": 1, ""local_azimuth_offset_deg"": 15.52208840420262, ""local_elevation_offset_deg"": 4.105681143993291}, {""user_index"": 2, ""local_azimuth_offset_deg"": -6.6531350821583715, ""local_elevation_offset_deg"": 0.8726337998879696}, {""user_index"": 3, ""local_azimuth_offset_deg"": -7.643754811020159, ""local_elevation_offset_deg"": 6.046382281711098}]"
E3_SITE_02_SEC_3,E3_SITE_02,16,16,4,3.9810717055349722,3.9810717055349722,2.7902740422950325,12.983762755815894,120.0,11.641917918868424,-22.0,121.189096827102,"[{""user_index"": 0, ""local_azimuth_offset_deg"": -13.963573384190141, ""local_elevation_offset_deg"": 5.950291590007046}, {""user_index"": 1, ""local_azimuth_offset_deg"": 21.50667362563138, ""local_elevation_offset_deg"": 6.3508811677447365}, {""user_index"": 2, ""local_azimuth_offset_deg"": -8.945760608931856, ""local_elevation_offset_deg"": -2.752264323669497}, {""user_index"": 3, ""local_azimuth_offset_deg"": 24.02651084946733, ""local_elevation_offset_deg"": 5.0394781916737355}]"
E3_SITE_03_SEC_1,E3_SITE_03,16,16,4,3.9810717055349722,3.9810717055349714,4.062328629031234,13.719633766952711,-7.585129192551676,11.831030906797317,7.43903201746189,120.639642757687,"[{""user_index"": 0, ""local_azimuth_offset_deg"": 10.165252937970294, ""local_elevation_offset_deg"": -4.5780221308811715}, {""user_index"": 1, ""local_azimuth_offset_deg"": -11.474460799108126, ""local_elevation_offset_deg"": -4.85272852934108}, {""user_index"": 2, ""local_azimuth_offset_deg"": 26.83577783516708, ""local_elevation_offset_deg"": -1.0435741532191276}, {""user_index"": 3, ""local_azimuth_offset_deg"": 16.298854173131943, ""local_elevation_offset_deg"": -0.9330072614450771}]"
E3_SITE_03_SEC_2,E3_SITE_03,16,16,4,3.9810717055349722,3.981071705534972,0.9882222538018506,13.770779853489977,-127.58512919255172,11.831030906797317,-22.0,120.639642757687,"[{""user_index"": 0, ""local_azimuth_offset_deg"": 19.972918439221857, ""local_elevation_offset_deg"": 6.706921998748012}, {""user_index"": 1, ""local_azimuth_offset_deg"": -25.069802757510924, ""local_elevation_offset_deg"": 7.072604340530754}, {""user_index"": 2, ""local_azimuth_offset_deg"": 17.264116455176413, ""local_elevation_offset_deg"": -0.24250890561298277}, {""user_index"": 3, ""local_azimuth_offset_deg"": -7.5957590569172275, ""local_elevation_offset_deg"": -0.8279078090734746}]"
E3_SITE_03_SEC_3,E3_SITE_03,16,16,4,3.9810717055349722,3.981071705534972,3.9088852138636336,13.401252459543386,112.41487080744828,11.831030906797317,-22.0,120.639642757687,"[{""user_index"": 0, ""local_azimuth_offset_deg"": 0.27075945494126685, ""local_elevation_offset_deg"": -3.8853225630988533}, {""user_index"": 1, ""local_azimuth_offset_deg"": 5.697911755503121, ""local_elevation_offset_deg"": -1.5307125789052165}, {""user_index"": 2, ""local_azimuth_offset_deg"": 26.82218403848068, ""local_elevation_offset_deg"": 6.87428052116069}, {""user_index"": 3, ""local_azimuth_offset_deg"": 25.65006092336516, ""local_elevation_offset_deg"": 2.860184838743642}]"
E3_SITE_04_SEC_1,E3_SITE_04,16,16,4,3.9810717055349722,3.981071705534972,3.4622654122075796,12.913407131883869,7.585129192551733,12.943231403563342,7.360772286767653,120.646702542222,"[{""user_index"": 0, ""local_azimuth_offset_deg"": 13.216134488126656, ""local_elevation_offset_deg"": -5.0467095476665875}, {""user_index"": 1, ""local_azimuth_offset_deg"": -8.269445702847957, ""local_elevation_offset_deg"": -4.369790137057462}, {""user_index"": 2, ""local_azimuth_offset_deg"": -6.2584552102847475, ""local_elevation_offset_deg"": -2.098045891309587}, {""user_index"": 3, ""local_azimuth_offset_deg"": 10.079116675749255, ""local_elevation_offset_deg"": 1.598509510845087}]"
E3_SITE_04_SEC_2,E3_SITE_04,16,16,4,3.9810717055349722,3.981071705534971,1.0406331947807002,13.773117987826849,-112.41487080744828,12.943231403563342,-22.0,120.646702542222,"[{""user_index"": 0, ""local_azimuth_offset_deg"": 8.818916252927053, ""local_elevation_offset_deg"": -1.153960857677566}, {""user_index"": 1, ""local_azimuth_offset_deg"": 25.011837748397866, ""local_elevation_offset_deg"": -1.804892608328938}, {""user_index"": 2, ""local_azimuth_offset_deg"": -18.23528527456849, ""local_elevation_offset_deg"": -0.9588000877576413}, {""user_index"": 3, ""local_azimuth_offset_deg"": 14.081285619564305, ""local_elevation_offset_deg"": 4.021646038261647}]"
E3_SITE_04_SEC_3,E3_SITE_04,16,16,4,3.9810717055349722,3.981071705534971,1.7049434714588476,12.97299130633524,127.58512919255172,12.943231403563342,-22.0,120.646702542222,"[{""user_index"": 0, ""local_azimuth_offset_deg"": -5.6232333106855314, ""local_elevation_offset_deg"": -5.66589947924729}, {""user_index"": 1, ""local_azimuth_offset_deg"": -24.877731571419858, ""local_elevation_offset_deg"": -2.484639255270478}, {""user_index"": 2, ""local_azimuth_offset_deg"": 22.34444565847931, ""local_elevation_offset_deg"": 0.8296724072169077}, {""user_index"": 3, ""local_azimuth_offset_deg"": -24.155278073231635, ""local_elevation_offset_deg"": 0.058776152299840234}]"
E3_SITE_05_SEC_1,E3_SITE_05,16,16,4,3.9810717055349722,3.981071705534973,6.900155650388599,12.907270796218619,-8.944314819731972,11.861195887914102,7.373191757199676,119.25805963397,"[{""user_index"": 0, ""local_azimuth_offset_deg"": 5.137685919025898, ""local_elevation_offset_deg"": 6.9048549874955345}, {""user_index"": 1, ""local_azimuth_offset_deg"": -10.918003559405008, ""local_elevation_offset_deg"": 5.004807616029742}, {""user_index"": 2, ""local_azimuth_offset_deg"": 27.255968131886277, ""local_elevation_offset_deg"": 5.04307235127936}, {""user_index"": 3, ""local_azimuth_offset_deg"": 2.6309498374898332, ""local_elevation_offset_deg"": 7.279871198432977}]"
E3_SITE_05_SEC_2,E3_SITE_05,16,16,4,3.9810717055349722,3.981071705534972,1.100739378595896,13.788908128479974,-128.94431481973197,11.861195887914102,-22.0,119.25805963397,"[{""user_index"": 0, ""local_azimuth_offset_deg"": 13.946112321192054, ""local_elevation_offset_deg"": -2.0969874378514763}, {""user_index"": 1, ""local_azimuth_offset_deg"": 14.444300707699568, ""local_elevation_offset_deg"": 5.555212075593097}, {""user_index"": 2, ""local_azimuth_offset_deg"": -21.5905267283547, ""local_elevation_offset_deg"": -7.133674050558078}, {""user_index"": 3, ""local_azimuth_offset_deg"": -7.772923668852471, ""local_elevation_offset_deg"": -0.25337415076244163}]"
E3_SITE_05_SEC_3,E3_SITE_05,16,16,4,3.9810717055349722,3.981071705534972,2.06039909077689,13.500254020364633,111.05568518026804,11.861195887914102,-22.0,119.25805963397,"[{""user_index"": 0, ""local_azimuth_offset_deg"": 0.4662148551891825, ""local_elevation_offset_deg"": 2.2245306557468307}, {""user_index"": 1, ""local_azimuth_offset_deg"": 4.304177141176986, ""local_elevation_offset_deg"": 5.754492215453531}, {""user_index"": 2, ""local_azimuth_offset_deg"": -12.788838825614986, ""local_elevation_offset_deg"": -5.328913319029134}, {""user_index"": 3, ""local_azimuth_offset_deg"": -7.954518512470155, ""local_elevation_offset_deg"": 3.8377998355557263}]"
E3_SITE_06_SEC_1,E3_SITE_06,16,16,4,3.9810717055349722,3.9810717055349722,2.026736183331851,12.495532926320951,8.944314819755817,13.234159322539004,7.275331387732309,147.83223734013,"[{""user_index"": 0, ""local_azimuth_offset_deg"": -21.271104857201358, ""local_elevation_offset_deg"": 6.17956238735837}, {""user_index"": 1, ""local_azimuth_offset_deg"": 11.717933808013278, ""local_elevation_offset_deg"": 3.4213443876708514}, {""user_index"": 2, ""local_azimuth_offset_deg"": 24.173663953864576, ""local_elevation_offset_deg"": -4.813761259873308}, {""user_index"": 3, ""local_azimuth_offset_deg"": 12.828829070346707, ""local_elevation_offset_deg"": 3.9068360964440156}]"
E3_SITE_06_SEC_2,E3_SITE_06,16,16,4,3.9810717055349722,3.9810717055349714,1.80408108001282,12.238053180991866,-111.05568518024418,13.234159322539004,-22.0,147.83223734013,"[{""user_index"": 0, ""local_azimuth_offset_deg"": 18.833121001254625, ""local_elevation_offset_deg"": 0.2326129987403025}, {""user_index"": 1, ""local_azimuth_offset_deg"": 15.863968079046643, ""local_elevation_offset_deg"": -0.42929065012217116}, {""user_index"": 2, ""local_azimuth_offset_deg"": -4.246425045536366, ""local_elevation_offset_deg"": -3.1089538191277857}, {""user_index"": 3, ""local_azimuth_offset_deg"": -5.677819895651446, ""local_elevation_offset_deg"": -1.2838815313256546}]"
E3_SITE_06_SEC_3,E3_SITE_06,16,16,4,3.9810717055349722,3.981071705534972,1.7008008039622258,13.715222743244642,128.94431481975585,13.234159322539004,-22.0,147.83223734013,"[{""user_index"": 0, ""local_azimuth_offset_deg"": 11.121141774238104, ""local_elevation_offset_deg"": -4.591545385680163}, {""user_index"": 1, ""local_azimuth_offset_deg"": 12.621357360043348, ""local_elevation_offset_deg"": 4.222312748931522}, {""user_index"": 2, ""local_azimuth_offset_deg"": 5.364063797289617, ""local_elevation_offset_deg"": -7.642875805905749}, {""user_index"": 3, ""local_azimuth_offset_deg"": 3.563728968214189, ""local_elevation_offset_deg"": -2.76637813684658}]"
E3_SITE_07_SEC_1,E3_SITE_07,16,16,4,3.9810717055349722,3.981071705534972,3.8401514460905766,13.796904423411906,0.0,13.155958817884706,7.508413957629695,118.355962032326,"[{""user_index"": 0, ""local_azimuth_offset_deg"": -10.19002287594174, ""local_elevation_offset_deg"": -7.4198652535701175}, {""user_index"": 1, ""local_azimuth_offset_deg"": 25.422334843966837, ""local_elevation_offset_deg"": -1.2075523915087931}, {""user_index"": 2, ""local_azimuth_offset_deg"": -9.768481837881279, ""local_elevation_offset_deg"": 5.764457794951467}, {""user_index"": 3, ""local_azimuth_offset_deg"": 2.4512419755258428, ""local_elevation_offset_deg"": -4.03649599687275}]"
E3_SITE_07_SEC_2,E3_SITE_07,16,16,4,3.9810717055349722,3.981071705534973,2.7165975888657314,13.28830410888875,-120.0,13.155958817884706,-22.0,118.355962032326,"[{""user_index"": 0, ""local_azimuth_offset_deg"": -13.827524255801514, ""local_elevation_offset_deg"": -2.1817483989576907}, {""user_index"": 1, ""local_azimuth_offset_deg"": 12.961551455819318, ""local_elevation_offset_deg"": -6.394439992556006}, {""user_index"": 2, ""local_azimuth_offset_deg"": -11.411434766626122, ""local_elevation_offset_deg"": 1.0009811255233938}, {""user_index"": 3, ""local_azimuth_offset_deg"": 21.743823238085305, ""local_elevation_offset_deg"": -7.237143752774113}]"
E3_SITE_07_SEC_3,E3_SITE_07,16,16,4,3.9810717055349722,3.981071705534972,1.4171906986861291,13.059448914483873,120.0,13.155958817884706,-22.0,118.355962032326,"[{""user_index"": 0, ""local_azimuth_offset_deg"": -1.6379922980852584, ""local_elevation_offset_deg"": 4.756815389087372}, {""user_index"": 1, ""local_azimuth_offset_deg"": 22.32999172775147, ""local_elevation_offset_deg"": 7.3442732021489565}, {""user_index"": 2, ""local_azimuth_offset_deg"": 19.202516407397056, ""local_elevation_offset_deg"": 7.549714261923262}, {""user_index"": 3, ""local_azimuth_offset_deg"": -4.921270633198379, ""local_elevation_offset_deg"": -1.1408061138882264}]"
E3_SITE_08_SEC_1,E3_SITE_08,16,16,4,3.9810717055349722,3.9810717055349727,2.427014587832459,13.126339353932927,0.0,12.337047157707149,7.5677082151815664,160.845147990486,"[{""user_index"": 0, ""local_azimuth_offset_deg"": 20.890336692410123, ""local_elevation_offset_deg"": 3.409162169522933}, {""user_index"": 1, ""local_azimuth_offset_deg"": 21.174640437108692, ""local_elevation_offset_deg"": -5.964368137508176}, {""user_index"": 2, ""local_azimuth_offset_deg"": -8.67268481655142, ""local_elevation_offset_deg"": -6.916101136111241}, {""user_index"": 3, ""local_azimuth_offset_deg"": -11.734964438609147, ""local_elevation_offset_deg"": -7.6271062643868905}]"
E3_SITE_08_SEC_2,E3_SITE_08,16,16,4,3.9810717055349722,3.9810717055349722,1.129316365388231,13.792116636517573,-120.0,12.337047157707149,-22.0,160.845147990486,"[{""user_index"": 0, ""local_azimuth_offset_deg"": -25.378888315301484, ""local_elevation_offset_deg"": -1.019398468422807}, {""user_index"": 1, ""local_azimuth_offset_deg"": -19.687282663081472, ""local_elevation_offset_deg"": -7.7299284256966025}, {""user_index"": 2, ""local_azimuth_offset_deg"": 3.7222222394945987, ""local_elevation_offset_deg"": -7.061403260835435}, {""user_index"": 3, ""local_azimuth_offset_deg"": -5.82615402872797, ""local_elevation_offset_deg"": 5.252602931603981}]"
E3_SITE_08_SEC_3,E3_SITE_08,16,16,4,3.9810717055349722,3.9810717055349714,2.963388373848878,13.626777446053794,120.0,12.337047157707149,-22.0,160.845147990486,"[{""user_index"": 0, ""local_azimuth_offset_deg"": -8.779820570035415, ""local_elevation_offset_deg"": 2.852401643029431}, {""user_index"": 1, ""local_azimuth_offset_deg"": -17.267503642481167, ""local_elevation_offset_deg"": -1.8484321432467272}, {""user_index"": 2, ""local_azimuth_offset_deg"": -20.906207572475775, ""local_elevation_offset_deg"": -5.703864508808504}, {""user_index"": 3, ""local_azimuth_offset_deg"": -16.3263665604988, ""local_elevation_offset_deg"": 7.0165443172458115}]"
E3_SITE_09_SEC_1,E3_SITE_09,16,16,4,3.9810717055349722,3.9810717055349714,39.144311670654105,13.769579617554019,-6.582815745575886,12.386259471706524,7.441175232641966,161.76279988319,"[{""user_index"": 0, ""local_azimuth_offset_deg"": 23.227163533533727, ""local_elevation_offset_deg"": -3.53382945775747}, {""user_index"": 1, ""local_azimuth_offset_deg"": -16.053682253051235, ""local_elevation_offset_deg"": 4.985433181821449}, {""user_index"": 2, ""local_azimuth_offset_deg"": 15.750401302708461, ""local_elevation_offset_deg"": 6.0849704283078125}, {""user_index"": 3, ""local_azimuth_offset_deg"": -6.879344982544261, ""local_elevation_offset_deg"": 7.707904471089407}]"
E3_SITE_09_SEC_2,E3_SITE_09,16,16,4,3.9810717055349722,3.981071705534972,1.1526742403925798,13.608410363664486,-126.58281574557589,12.386259471706524,-22.0,161.76279988319,"[{""user_index"": 0, ""local_azimuth_offset_deg"": -1.4510578999346713, ""local_elevation_offset_deg"": -1.9953739629068235}, {""user_index"": 1, ""local_azimuth_offset_deg"": -23.98129021053083, ""local_elevation_offset_deg"": 6.071566485915328}, {""user_index"": 2, ""local_azimuth_offset_deg"": -4.0179141175205935, ""local_elevation_offset_deg"": 3.437277332650668}, {""user_index"": 3, ""local_azimuth_offset_deg"": -18.430378809398892, ""local_elevation_offset_deg"": 5.616379553329889}]"
E3_SITE_09_SEC_3,E3_SITE_09,16,16,4,3.9810717055349722,3.9810717055349727,0.8336697349711988,12.400227438231305,113.41718425442411,12.386259471706524,-22.0,161.76279988319,"[{""user_index"": 0, ""local_azimuth_offset_deg"": -13.408550939311365, ""local_elevation_offset_deg"": -7.187472278744094}, {""user_index"": 1, ""local_azimuth_offset_deg"": 27.195937129429474, ""local_elevation_offset_deg"": 5.646194961074448}, {""user_index"": 2, ""local_azimuth_offset_deg"": 26.11833506477764, ""local_elevation_offset_deg"": 6.043846153986085}, {""user_index"": 3, ""local_azimuth_offset_deg"": 14.93967994030858, ""local_elevation_offset_deg"": -6.344215185475155}]"
E3_SITE_10_SEC_1,E3_SITE_10,16,16,4,3.9810717055349722,3.981071705534972,5.477550977103016,13.380835878727638,-13.889966163597023,11.973972139794952,7.0448080411916045,121.44081599331,"[{""user_index"": 0, ""local_azimuth_offset_deg"": 8.563675244532227, ""local_elevation_offset_deg"": -5.230309624294872}, {""user_index"": 1, ""local_azimuth_offset_deg"": 20.08546283090825, ""local_elevation_offset_deg"": -5.095621836438392}, {""user_index"": 2, ""local_azimuth_offset_deg"": -15.634987452110447, ""local_elevation_offset_deg"": -6.724921829294775}, {""user_index"": 3, ""local_azimuth_offset_deg"": 16.99836772843304, ""local_elevation_offset_deg"": -2.389867456614434}]"
E3_SITE_10_SEC_2,E3_SITE_10,16,16,4,3.9810717055349722,3.9810717055349736,0.8522014432725346,13.266421294443614,-133.88996616359702,11.973972139794952,-22.0,121.44081599331,"[{""user_index"": 0, ""local_azimuth_offset_deg"": 25.31427832841932, ""local_elevation_offset_deg"": -6.3686213983020075}, {""user_index"": 1, ""local_azimuth_offset_deg"": 13.400316497078158, ""local_elevation_offset_deg"": -4.930170779440447}, {""user_index"": 2, ""local_azimuth_offset_deg"": -7.552974023894379, ""local_elevation_offset_deg"": -3.3996637382455344}, {""user_index"": 3, ""local_azimuth_offset_deg"": 24.95410211337896, ""local_elevation_offset_deg"": -2.81269979794199}]"
E3_SITE_10_SEC_3,E3_SITE_10,16,16,4,3.9810717055349722,3.981071705534971,0.7882487110558288,13.800511713906806,106.11003383640298,11.973972139794952,-22.0,121.44081599331,"[{""user_index"": 0, ""local_azimuth_offset_deg"": -0.20774128970641925, ""local_elevation_offset_deg"": 3.1007881056656643}, {""user_index"": 1, ""local_azimuth_offset_deg"": -20.184832390199716, ""local_elevation_offset_deg"": 4.907777751544003}, {""user_index"": 2, ""local_azimuth_offset_deg"": 14.671660669511219, ""local_elevation_offset_deg"": 5.580499395803196}, {""user_index"": 3, ""local_azimuth_offset_deg"": 18.48764154597417, ""local_elevation_offset_deg"": -3.4474630319012878}]"
E3_SITE_11_SEC_1,E3_SITE_11,16,16,4,3.9810717055349722,3.9810717055349714,5.551612753759844,13.80775561294815,6.582815745589983,12.18997160441143,7.4548765798151635,121.828154452726,"[{""user_index"": 0, ""local_azimuth_offset_deg"": 16.991969133921877, ""local_elevation_offset_deg"": 4.064236613328962}, {""user_index"": 1, ""local_azimuth_offset_deg"": -15.899272006300324, ""local_elevation_offset_deg"": 6.024586510178429}, {""user_index"": 2, ""local_azimuth_offset_deg"": 3.4376618033693482, ""local_elevation_offset_deg"": 1.855796481390664}, {""user_index"": 3, ""local_azimuth_offset_deg"": -24.099249284996738, ""local_elevation_offset_deg"": -1.8989294852922232}]"
E3_SITE_11_SEC_2,E3_SITE_11,16,16,4,3.9810717055349722,3.9810717055349727,1.692732301968506,13.773812801730898,-113.41718425441002,12.18997160441143,-22.0,121.828154452726,"[{""user_index"": 0, ""local_azimuth_offset_deg"": 15.191260805977947, ""local_elevation_offset_deg"": -4.867548777145256}, {""user_index"": 1, ""local_azimuth_offset_deg"": -21.241884624024312, ""local_elevation_offset_deg"": 4.5326539250162785}, {""user_index"": 2, ""local_azimuth_offset_deg"": -13.05846010095259, ""local_elevation_offset_deg"": -6.978118873759094}, {""user_index"": 3, ""local_azimuth_offset_deg"": 9.951459476484139, ""local_elevation_offset_deg"": -0.8913168205662494}]"
E3_SITE_11_SEC_3,E3_SITE_11,16,16,4,3.9810717055349722,3.9810717055349727,2.0771964002863044,13.787043999112482,126.58281574558998,12.18997160441143,-22.0,121.828154452726,"[{""user_index"": 0, ""local_azimuth_offset_deg"": 3.775895288807778, ""local_elevation_offset_deg"": -1.735198904243223}, {""user_index"": 1, ""local_azimuth_offset_deg"": -27.25218720448231, ""local_elevation_offset_deg"": 1.5648647037195662}, {""user_index"": 2, ""local_azimuth_offset_deg"": 17.383201007814442, ""local_elevation_offset_deg"": 2.4041342986451415}, {""user_index"": 3, ""local_azimuth_offset_deg"": -4.74485340214779, ""local_elevation_offset_deg"": -7.3222893653371965}]"
E3_SITE_12_SEC_1,E3_SITE_12,16,16,4,3.9810717055349722,3.9810717055349714,4.3614553311242545,12.568353587770083,-16.094192730745476,12.09888743646128,6.848550674022605,120.229204298942,"[{""user_index"": 0, ""local_azimuth_offset_deg"": -6.206858794498775, ""local_elevation_offset_deg"": -2.4466014957659503}, {""user_index"": 1, ""local_azimuth_offset_deg"": -10.888297886393524, ""local_elevation_offset_deg"": -6.883464934086039}, {""user_index"": 2, ""local_azimuth_offset_deg"": 25.319682139473784, ""local_elevation_offset_deg"": -1.5745423170511792}, {""user_index"": 3, ""local_azimuth_offset_deg"": -12.120357439310279, ""local_elevation_offset_deg"": -7.067749653189567}]"
E3_SITE_12_SEC_2,E3_SITE_12,16,16,4,3.9810717055349722,3.9810717055349736,1.1807115298538808,13.78778352756268,-136.09419273074548,12.09888743646128,-22.0,120.229204298942,"[{""user_index"": 0, ""local_azimuth_offset_deg"": -9.9741080769655, ""local_elevation_offset_deg"": -1.5067189740908784}, {""user_index"": 1, ""local_azimuth_offset_deg"": -1.4974589507939342, ""local_elevation_offset_deg"": -6.748058053212217}, {""user_index"": 2, ""local_azimuth_offset_deg"": 20.254718709620114, ""local_elevation_offset_deg"": -3.174705372526967}, {""user_index"": 3, ""local_azimuth_offset_deg"": 10.729599575200758, ""local_elevation_offset_deg"": 4.104534036919173}]"
E3_SITE_12_SEC_3,E3_SITE_12,16,16,4,3.9810717055349722,3.981071705534973,0.8507346686625353,13.75861757311912,103.90580726925452,12.09888743646128,-22.0,120.229204298942,"[{""user_index"": 0, ""local_azimuth_offset_deg"": -25.249527851021387, ""local_elevation_offset_deg"": 5.921398637060271}, {""user_index"": 1, ""local_azimuth_offset_deg"": 4.81056736279632, ""local_elevation_offset_deg"": 5.354100767121688}, {""user_index"": 2, ""local_azimuth_offset_deg"": -18.472495550678, ""local_elevation_offset_deg"": -0.6864916724017238}, {""user_index"": 3, ""local_azimuth_offset_deg"": -14.133119530321974, ""local_elevation_offset_deg"": -5.8702688504928275}]"
E3_SITE_13_SEC_1,E3_SITE_13,16,16,4,3.9810717055349722,3.981071705534971,2.1015935939452284,13.791193176840807,13.889966163616322,12.679795257193142,6.995384517517413,121.445184877542,"[{""user_index"": 0, ""local_azimuth_offset_deg"": 8.530941574892267, ""local_elevation_offset_deg"": 6.345825562010599}, {""user_index"": 1, ""local_azimuth_offset_deg"": 19.18019812146526, ""local_elevation_offset_deg"": 0.9333740751601542}, {""user_index"": 2, ""local_azimuth_offset_deg"": -24.048057174826276, ""local_elevation_offset_deg"": 2.5053673944141455}, {""user_index"": 3, ""local_azimuth_offset_deg"": -17.63550622857325, ""local_elevation_offset_deg"": 3.1250133191638625}]"
E3_SITE_13_SEC_2,E3_SITE_13,16,16,4,3.9810717055349722,3.981071705534971,1.6113427909300078,13.20435708197435,-106.11003383638368,12.679795257193142,-22.0,121.445184877542,"[{""user_index"": 0, ""local_azimuth_offset_deg"": -1.757965790855053, ""local_elevation_offset_deg"": -4.682787155696873}, {""user_index"": 1, ""local_azimuth_offset_deg"": 10.400196300191226, ""local_elevation_offset_deg"": -7.089250355698505}, {""user_index"": 2, ""local_azimuth_offset_deg"": 19.070091539262293, ""local_elevation_offset_deg"": 3.224731951966012}, {""user_index"": 3, ""local_azimuth_offset_deg"": 22.048021236523596, ""local_elevation_offset_deg"": 2.1144810897355484}]"
E3_SITE_13_SEC_3,E3_SITE_13,16,16,4,3.9810717055349722,3.9810717055349714,0.5986435297844618,12.621985310320381,133.88996616361635,12.679795257193142,-22.0,121.445184877542,"[{""user_index"": 0, ""local_azimuth_offset_deg"": -26.091251447300312, ""local_elevation_offset_deg"": -0.5858833319799057}, {""user_index"": 1, ""local_azimuth_offset_deg"": -25.12057159747517, ""local_elevation_offset_deg"": -1.459977290990146}, {""user_index"": 2, ""local_azimuth_offset_deg"": -16.870928828493355, ""local_elevation_offset_deg"": -1.2461092881269398}, {""user_index"": 3, ""local_azimuth_offset_deg"": -1.2168981557983862, ""local_elevation_offset_deg"": -0.014561264370103189}]"
E3_SITE_14_SEC_1,E3_SITE_14,16,16,4,3.9810717055349722,3.9810717055349714,0.3107860455987828,13.393752509996117,-19.098683392574912,12.471638723080035,6.522220649177242,118.830879479244,"[{""user_index"": 0, ""local_azimuth_offset_deg"": 9.77753781767511, ""local_elevation_offset_deg"": 2.378238657364566}, {""user_index"": 1, ""local_azimuth_offset_deg"": -3.200580179994219, ""local_elevation_offset_deg"": 1.7474210354180748}, {""user_index"": 2, ""local_azimuth_offset_deg"": -6.073491581884255, ""local_elevation_offset_deg"": 6.84269661091262}, {""user_index"": 3, ""local_azimuth_offset_deg"": -2.192877007161435, ""local_elevation_offset_deg"": 7.091528526594187}]"
E3_SITE_14_SEC_2,E3_SITE_14,16,16,4,3.9810717055349722,3.981071705534973,0.35671653402752723,13.79817409646633,-139.0986833925749,12.471638723080035,-22.0,118.830879479244,"[{""user_index"": 0, ""local_azimuth_offset_deg"": 19.401281998946175, ""local_elevation_offset_deg"": 3.268963879508087}, {""user_index"": 1, ""local_azimuth_offset_deg"": 12.737042888891757, ""local_elevation_offset_deg"": 7.250136647336511}, {""user_index"": 2, ""local_azimuth_offset_deg"": -9.480871476264035, ""local_elevation_offset_deg"": -6.748240500344968}, {""user_index"": 3, ""local_azimuth_offset_deg"": -22.346086114674073, ""local_elevation_offset_deg"": 0.9849235936677516}]"
E3_SITE_14_SEC_3,E3_SITE_14,16,16,4,3.9810717055349722,3.9810717055349705,3.02777342659658,12.749856044134217,100.90131660742507,12.471638723080035,-21.3584401388427,118.830879479244,"[{""user_index"": 0, ""local_azimuth_offset_deg"": -5.421315210426911, ""local_elevation_offset_deg"": 2.1829058089854865}, {""user_index"": 1, ""local_azimuth_offset_deg"": 10.838782657077644, ""local_elevation_offset_deg"": 0.47020006959727745}, {""user_index"": 2, ""local_azimuth_offset_deg"": 8.220054193955214, ""local_elevation_offset_deg"": -6.550471446013129}, {""user_index"": 3, ""local_azimuth_offset_deg"": -3.6601045349416026, ""local_elevation_offset_deg"": 0.6468297120137443}]"
E3_SITE_15_SEC_1,E3_SITE_15,16,16,4,3.9810717055349722,3.981071705534972,5.490630715904027,13.356664502317495,16.094192730742805,13.095949589290823,6.77720160388296,120.236090026821,"[{""user_index"": 0, ""local_azimuth_offset_deg"": 16.486505602656166, ""local_elevation_offset_deg"": -4.845012214884401}, {""user_index"": 1, ""local_azimuth_offset_deg"": 1.5209592193592592, ""local_elevation_offset_deg"": 4.40681363904338}, {""user_index"": 2, ""local_azimuth_offset_deg"": -20.52478964815549, ""local_elevation_offset_deg"": 6.933854519705905}, {""user_index"": 3, ""local_azimuth_offset_deg"": -23.321872584714157, ""local_elevation_offset_deg"": 4.332848284254817}]"
E3_SITE_15_SEC_2,E3_SITE_15,16,16,4,3.9810717055349722,3.9810717055349727,2.1191511567877974,12.896009736027873,-103.9058072692572,13.095949589290823,-22.0,120.236090026821,"[{""user_index"": 0, ""local_azimuth_offset_deg"": -8.465202848943871, ""local_elevation_offset_deg"": 0.3421896832295417}, {""user_index"": 1, ""local_azimuth_offset_deg"": 1.5692030765382974, ""local_elevation_offset_deg"": -4.153569871374279}, {""user_index"": 2, ""local_azimuth_offset_deg"": -8.342238635120943, ""local_elevation_offset_deg"": 6.875283687759037}, {""user_index"": 3, ""local_azimuth_offset_deg"": -10.427619846439264, ""local_elevation_offset_deg"": -1.3367994613497167}]"
E3_SITE_15_SEC_3,E3_SITE_15,16,16,4,3.9810717055349722,3.9810717055349736,2.7036449895835455,13.749832541052372,136.0941927307428,13.095949589290823,-22.0,120.236090026821,"[{""user_index"": 0, ""local_azimuth_offset_deg"": -0.5942734869743873, ""local_elevation_offset_deg"": 7.708789060593405}, {""user_index"": 1, ""local_azimuth_offset_deg"": 4.291043530627729, ""local_elevation_offset_deg"": 3.1332361166402}, {""user_index"": 2, ""local_azimuth_offset_deg"": 12.052616180525959, ""local_elevation_offset_deg"": -6.555043306511347}, {""user_index"": 3, ""local_azimuth_offset_deg"": 20.417018697953246, ""local_elevation_offset_deg"": -2.4680091872615204}]"
E3_SITE_16_SEC_1,E3_SITE_16,16,16,4,3.9810717055349722,3.981071705534973,4.5601340275269475,13.708247693171089,-10.889433435661545,11.93666103535363,7.258517480077728,117.608220398658,"[{""user_index"": 0, ""local_azimuth_offset_deg"": -20.323544764520772, ""local_elevation_offset_deg"": -4.291292554579215}, {""user_index"": 1, ""local_azimuth_offset_deg"": -1.595315304124803, ""local_elevation_offset_deg"": 7.166807792056128}, {""user_index"": 2, ""local_azimuth_offset_deg"": 6.899839767506734, ""local_elevation_offset_deg"": -3.474573277299859}, {""user_index"": 3, ""local_azimuth_offset_deg"": 7.226220332786156, ""local_elevation_offset_deg"": 7.685213969023646}]"
E3_SITE_16_SEC_2,E3_SITE_16,16,16,4,3.9810717055349722,3.9810717055349727,0.43266682592822736,13.728166811380511,-130.88943343566154,11.93666103535363,-22.0,117.608220398658,"[{""user_index"": 0, ""local_azimuth_offset_deg"": -2.327921781616265, ""local_elevation_offset_deg"": 3.411941732673398}, {""user_index"": 1, ""local_azimuth_offset_deg"": -0.00030891615650929793, ""local_elevation_offset_deg"": -7.684298948440498}, {""user_index"": 2, ""local_azimuth_offset_deg"": 20.54223094916148, ""local_elevation_offset_deg"": 5.838159419284965}, {""user_index"": 3, ""local_azimuth_offset_deg"": 10.591976848737808, ""local_elevation_offset_deg"": 4.8607932542035535}]"
E3_SITE_16_SEC_3,E3_SITE_16,16,16,4,3.9810717055349722,3.9810717055349727,1.2808030028813202,13.804236147634732,109.11056656433846,11.93666103535363,-22.0,117.608220398658,"[{""user_index"": 0, ""local_azimuth_offset_deg"": 5.669424218551974, ""local_elevation_offset_deg"": -4.619404097627589}, {""user_index"": 1, ""local_azimuth_offset_deg"": -1.677099326300521, ""local_elevation_offset_deg"": -0.9186167574234343}, {""user_index"": 2, ""local_azimuth_offset_deg"": -19.58905486997272, ""local_elevation_offset_deg"": 6.474586757200143}, {""user_index"": 3, ""local_azimuth_offset_deg"": -27.005823815444046, ""local_elevation_offset_deg"": -6.8758208729943675}]"
E3_SITE_17_SEC_1,E3_SITE_17,16,16,4,3.9810717055349722,3.981071705534972,2.189260898005425,13.242372537144103,19.098683392596257,13.04138104073046,6.480935403227959,161.940123993172,"[{""user_index"": 0, ""local_azimuth_offset_deg"": -15.897297554144833, ""local_elevation_offset_deg"": -4.907068981884796}, {""user_index"": 1, ""local_azimuth_offset_deg"": 24.40135050952408, ""local_elevation_offset_deg"": -1.5643205347556286}, {""user_index"": 2, ""local_azimuth_offset_deg"": -13.791990836980327, ""local_elevation_offset_deg"": -1.9070160224875519}, {""user_index"": 3, ""local_azimuth_offset_deg"": -8.004278607604203, ""local_elevation_offset_deg"": -5.735719398671147}]"
E3_SITE_17_SEC_2,E3_SITE_17,16,16,4,3.9810717055349722,3.981071705534972,1.703851688603887,13.793045897593009,-100.90131660740374,13.04138104073046,-21.399725384777437,161.940123993172,"[{""user_index"": 0, ""local_azimuth_offset_deg"": 2.69952929169526, ""local_elevation_offset_deg"": 7.4086831538306}, {""user_index"": 1, ""local_azimuth_offset_deg"": -23.715220177552464, ""local_elevation_offset_deg"": -0.3523310917602398}, {""user_index"": 2, ""local_azimuth_offset_deg"": 6.161334793573552, ""local_elevation_offset_deg"": -1.0883619239088773}, {""user_index"": 3, ""local_azimuth_offset_deg"": 6.945409781234922, ""local_elevation_offset_deg"": -7.299920330164033}]"
E3_SITE_17_SEC_3,E3_SITE_17,16,16,4,3.9810717055349722,3.9810717055349722,1.066123548029916,13.803960235862943,139.09868339259629,13.04138104073046,-22.0,161.940123993172,"[{""user_index"": 0, ""local_azimuth_offset_deg"": -19.834540269972422, ""local_elevation_offset_deg"": -3.065681546373005}, {""user_index"": 1, ""local_azimuth_offset_deg"": 26.125409226345695, ""local_elevation_offset_deg"": -3.206010495168048}, {""user_index"": 2, ""local_azimuth_offset_deg"": 3.0202271727958205, ""local_elevation_offset_deg"": -3.4327345490895933}, {""user_index"": 3, ""local_azimuth_offset_deg"": -12.580556126799973, ""local_elevation_offset_deg"": -7.709160875707301}]"
E3_SITE_18_SEC_1,E3_SITE_18,16,16,4,3.9810717055349722,3.981071705534972,1.5142413683226097,13.768186102147014,10.889433435686726,12.99970297481426,7.183227347738755,117.615188351318,"[{""user_index"": 0, ""local_azimuth_offset_deg"": -16.636115802634883, ""local_elevation_offset_deg"": -3.1589205185724154}, {""user_index"": 1, ""local_azimuth_offset_deg"": 17.977491030228123, ""local_elevation_offset_deg"": 3.7342646145372136}, {""user_index"": 2, ""local_azimuth_offset_deg"": -15.26899702754649, ""local_elevation_offset_deg"": 5.441586231183496}, {""user_index"": 3, ""local_azimuth_offset_deg"": 1.2673247573588178, ""local_elevation_offset_deg"": -1.6841615741908953}]"
E3_SITE_18_SEC_2,E3_SITE_18,16,16,4,3.9810717055349722,3.9810717055349722,1.1606138744993857,12.727799521305965,-109.11056656431326,12.99970297481426,-22.0,117.615188351318,"[{""user_index"": 0, ""local_azimuth_offset_deg"": 3.5966859699156934, ""local_elevation_offset_deg"": 1.7452598186516344}, {""user_index"": 1, ""local_azimuth_offset_deg"": 22.68487109422385, ""local_elevation_offset_deg"": -2.5375929359818308}, {""user_index"": 2, ""local_azimuth_offset_deg"": 1.4780369427932811, ""local_elevation_offset_deg"": 2.366334553438982}, {""user_index"": 3, ""local_azimuth_offset_deg"": -8.7448770400729, ""local_elevation_offset_deg"": 0.10380546042565797}]"
E3_SITE_18_SEC_3,E3_SITE_18,16,16,4,3.9810717055349722,3.981071705534972,2.2580000991657876,13.127536453580026,130.88943343568673,12.99970297481426,-22.0,117.615188351318,"[{""user_index"": 0, ""local_azimuth_offset_deg"": 15.516633795968382, ""local_elevation_offset_deg"": -1.1199320527639305}, {""user_index"": 1, ""local_azimuth_offset_deg"": -16.672019793164946, ""local_elevation_offset_deg"": -5.527951680546309}, {""user_index"": 2, ""local_azimuth_offset_deg"": -4.8118143520175956, ""local_elevation_offset_deg"": 2.913922235548899}, {""user_index"": 3, ""local_azimuth_offset_deg"": 13.88784725023148, ""local_elevation_offset_deg"": 1.2174644875931726}]"
E3_SITE_19_SEC_1,E3_SITE_19,16,16,4,3.9810717055349722,3.9810717055349722,11.930760040583635,13.77136614720292,0.0,13.207718962187377,7.504538205394204,116.461273131842,"[{""user_index"": 0, ""local_azimuth_offset_deg"": -1.0336004062424706, ""local_elevation_offset_deg"": 1.879017881346023}, {""user_index"": 1, ""local_azimuth_offset_deg"": -0.6313768610111055, ""local_elevation_offset_deg"": -4.697435051208602}, {""user_index"": 2, ""local_azimuth_offset_deg"": 21.18629783667057, ""local_elevation_offset_deg"": -2.9928917608899788}, {""user_index"": 3, ""local_azimuth_offset_deg"": 6.659715891000744, ""local_elevation_offset_deg"": -3.9396319116501495}]"
E3_SITE_19_SEC_2,E3_SITE_19,16,16,4,3.9810717055349722,3.9810717055349727,0.8748123062932524,13.819330078403537,-120.0,13.207718962187377,-22.0,116.461273131842,"[{""user_index"": 0, ""local_azimuth_offset_deg"": -13.691719199048267, ""local_elevation_offset_deg"": -7.005408781918108}, {""user_index"": 1, ""local_azimuth_offset_deg"": 20.58724250602785, ""local_elevation_offset_deg"": -5.4732128830280224}, {""user_index"": 2, ""local_azimuth_offset_deg"": -26.8237156092072, ""local_elevation_offset_deg"": 5.4279864462487115}, {""user_index"": 3, ""local_azimuth_offset_deg"": -3.9575030046603636, ""local_elevation_offset_deg"": 0.7061667942285599}]"
E3_SITE_19_SEC_3,E3_SITE_19,16,16,4,3.9810717055349722,3.9810717055349722,0.6127315836478151,13.429518768012445,120.0,13.207718962187377,-22.0,116.461273131842,"[{""user_index"": 0, ""local_azimuth_offset_deg"": -14.51458219382818, ""local_elevation_offset_deg"": 2.3231717892179358}, {""user_index"": 1, ""local_azimuth_offset_deg"": 7.532134085347153, ""local_elevation_offset_deg"": -7.067891126811615}, {""user_index"": 2, ""local_azimuth_offset_deg"": -18.5833939445477, ""local_elevation_offset_deg"": 4.009135500507256}, {""user_index"": 3, ""local_azimuth_offset_deg"": 0.14706674880707027, ""local_elevation_offset_deg"": -0.6666811181394028}]"
