site_id,distance_km,coast_distance_km,polarization_code,polarization_label,time_percentage,basic_transmission_loss_db,path_gain_linear
E3_SITE_01,2.99999999999921,5,1,H,50,120.20947068326,9.52912297595533e-13
E3_SITE_01,2.99999999999921,5,1,H,20,119.894554790291,1.02457680770106e-12
E3_SITE_01,2.99999999999921,5,1,H,10,119.729782622139,1.06419628321653e-12
E3_SITE_01,2.99999999999921,5,1,H,1,119.064581283074,1.2403432047314e-12
E3_SITE_01,2.99999999999921,5,1,H,0.1,118.390708465976,1.44853553420535e-12
E3_SITE_01,2.99999999999921,5,1,H,0.01,117.716834494682,1.69167351704852e-12
E3_SITE_01,2.99999999999921,5,1,H,0.005,117.513977449339,1.77256534827356e-12
E3_SITE_01,2.99999999999921,5,2,V,50,120.20947068326,9.52912297595533e-13
E3_SITE_01,2.99999999999921,5,2,V,20,119.894554790291,1.02457680770106e-12
E3_SITE_01,2.99999999999921,5,2,V,10,119.729782622139,1.06419628321653e-12
E3_SITE_01,2.99999999999921,5,2,V,1,119.064581283074,1.2403432047314e-12
E3_SITE_01,2.99999999999921,5,2,V,0.1,118.390708465976,1.44853553420535e-12
E3_SITE_01,2.99999999999921,5,2,V,0.01,117.716834494682,1.69167351704852e-12
E3_SITE_01,2.99999999999921,5,2,V,0.005,117.513977449339,1.77256534827356e-12
E3_SITE_01,2.99999999999921,50,1,H,50,120.20947068326,9.52912297595533e-13
E3_SITE_01,2.99999999999921,50,1,H,20,119.894554790291,1.02457680770106e-12
E3_SITE_01,2.99999999999921,50,1,H,10,119.729782622139,1.06419628321653e-12
E3_SITE_01,2.99999999999921,50,1,H,1,119.064581283074,1.2403432047314e-12
E3_SITE_01,2.99999999999921,50,1,H,0.1,118.390708465976,1.44853553420535e-12
E3_SITE_01,2.99999999999921,50,1,H,0.01,117.716834494682,1.69167351704852e-12
E3_SITE_01,2.99999999999921,50,1,H,0.005,117.513977449339,1.77256534827356e-12
E3_SITE_01,2.99999999999921,50,2,V,50,120.20947068326,9.52912297595533e-13
E3_SITE_01,2.99999999999921,50,2,V,20,119.894554790291,1.02457680770106e-12
E3_SITE_01,2.99999999999921,50,2,V,10,119.729782622139,1.06419628321653e-12
E3_SITE_01,2.99999999999921,50,2,V,1,119.064581283074,1.2403432047314e-12
E3_SITE_01,2.99999999999921,50,2,V,0.1,118.390708465976,1.44853553420535e-12
E3_SITE_01,2.99999999999921,50,2,V,0.01,117.716834494682,1.69167351704852e-12
E3_SITE_01,2.99999999999921,50,2,V,0.005,117.513977449339,1.77256534827356e-12
E3_SITE_01,2.99999999999921,200,1,H,50,120.20947068326,9.52912297595533e-13
E3_SITE_01,2.99999999999921,200,1,H,20,119.894554790291,1.02457680770106e-12
E3_SITE_01,2.99999999999921,200,1,H,10,119.729782622139,1.06419628321653e-12
E3_SITE_01,2.99999999999921,200,1,H,1,119.064581283074,1.2403432047314e-12
E3_SITE_01,2.99999999999921,200,1,H,0.1,118.390708465976,1.44853553420535e-12
E3_SITE_01,2.99999999999921,200,1,H,0.01,117.716834494682,1.69167351704852e-12
E3_SITE_01,2.99999999999921,200,1,H,0.005,117.513977449339,1.77256534827356e-12
E3_SITE_01,2.99999999999921,200,2,V,50,120.20947068326,9.52912297595533e-13
E3_SITE_01,2.99999999999921,200,2,V,20,119.894554790291,1.02457680770106e-12
E3_SITE_01,2.99999999999921,200,2,V,10,119.729782622139,1.06419628321653e-12
E3_SITE_01,2.99999999999921,200,2,V,1,119.064581283074,1.2403432047314e-12
E3_SITE_01,2.99999999999921,200,2,V,0.1,118.390708465976,1.44853553420535e-12
E3_SITE_01,2.99999999999921,200,2,V,0.01,117.716834494682,1.69167351704852e-12
E3_SITE_01,2.99999999999921,200,2,V,0.005,117.513977449339,1.77256534827356e-12
E3_SITE_02,3.49999999999976,5,1,H,50,121.54866990931,7.00056365726144e-13
E3_SITE_02,3.49999999999976,5,1,H,20,121.189096827102,7.60484413302825e-13
E3_SITE_02,3.49999999999976,5,1,H,10,121.000958858685,7.94152878028738e-13
E3_SITE_02,3.49999999999976,5,1,H,1,120.244182088019,9.45326410128137e-13
E3_SITE_02,3.49999999999976,5,1,H,0.1,119.476370952635,1.1281397574754e-12
E3_SITE_02,3.49999999999976,5,1,H,0.01,118.708558849894,1.34630703452771e-12
E3_SITE_02,3.49999999999976,5,1,H,0.005,118.477423751476,1.41989956079899e-12
E3_SITE_02,3.49999999999976,5,2,V,50,121.54866990931,7.00056365726144e-13
E3_SITE_02,3.49999999999976,5,2,V,20,121.189096827102,7.60484413302825e-13
E3_SITE_02,3.49999999999976,5,2,V,10,121.000958858685,7.94152878028738e-13
E3_SITE_02,3.49999999999976,5,2,V,1,120.244182088019,9.45326410128137e-13
E3_SITE_02,3.49999999999976,5,2,V,0.1,119.476370952635,1.1281397574754e-12
E3_SITE_02,3.49999999999976,5,2,V,0.01,118.708558849894,1.34630703452771e-12
E3_SITE_02,3.49999999999976,5,2,V,0.005,118.477423751476,1.41989956079899e-12
E3_SITE_02,3.49999999999976,50,1,H,50,121.54866990931,7.00056365726144e-13
E3_SITE_02,3.49999999999976,50,1,H,20,121.189096827102,7.60484413302825e-13
E3_SITE_02,3.49999999999976,50,1,H,10,121.000958858685,7.94152878028738e-13
E3_SITE_02,3.49999999999976,50,1,H,1,120.244182088019,9.45326410128137e-13
E3_SITE_02,3.49999999999976,50,1,H,0.1,119.476370952635,1.1281397574754e-12
E3_SITE_02,3.49999999999976,50,1,H,0.01,118.708558849894,1.34630703452771e-12
E3_SITE_02,3.49999999999976,50,1,H,0.005,118.477423751476,1.41989956079899e-12
E3_SITE_02,3.49999999999976,50,2,V,50,121.54866990931,7.00056365726144e-13
E3_SITE_02,3.49999999999976,50,2,V,20,121.189096827102,7.60484413302825e-13
E3_SITE_02,3.49999999999976,50,2,V,10,121.000958858685,7.94152878028738e-13
E3_SITE_02,3.49999999999976,50,2,V,1,120.244182088019,9.45326410128137e-13
E3_SITE_02,3.49999999999976,50,2,V,0.1,119.476370952635,1.1281397574754e-12
E3_SITE_02,3.49999999999976,50,2,V,0.01,118.708558849894,1.34630703452771e-12
E3_SITE_02,3.49999999999976,50,2,V,0.005,118.477423751476,1.41989956079899e-12
E3_SITE_02,3.49999999999976,200,1,H,50,121.54866990931,7.00056365726144e-13
E3_SITE_02,3.49999999999976,200,1,H,20,121.189096827102,7.60484413302825e-13
E3_SITE_02,3.49999999999976,200,1,H,10,121.000958858685,7.94152878028738e-13
E3_SITE_02,3.49999999999976,200,1,H,1,120.244182088019,9.45326410128137e-13
E3_SITE_02,3.49999999999976,200,1,H,0.1,119.476370952635,1.1281397574754e-12
E3_SITE_02,3.49999999999976,200,1,H,0.01,118.708558849894,1.34630703452771e-12
E3_SITE_02,3.49999999999976,200,1,H,0.005,118.477423751476,1.41989956079899e-12
E3_SITE_02,3.49999999999976,200,2,V,50,121.54866990931,7.00056365726144e-13
E3_SITE_02,3.49999999999976,200,2,V,20,121.189096827102,7.60484413302825e-13
E3_SITE_02,3.49999999999976,200,2,V,10,121.000958858685,7.94152878028738e-13
E3_SITE_02,3.49999999999976,200,2,V,1,120.244182088019,9.45326410128137e-13
E3_SITE_02,3.49999999999976,200,2,V,0.1,119.476370952635,1.1281397574754e-12
E3_SITE_02,3.49999999999976,200,2,V,0.01,118.708558849894,1.34630703452771e-12
E3_SITE_02,3.49999999999976,200,2,V,0.005,118.477423751476,1.41989956079899e-12
E3_SITE_03,3.27871926215173,5,1,H,50,120.979700399108,7.98049739352807e-13
E3_SITE_03,3.27871926215173,5,1,H,20,120.639642757687,8.63049537647266e-13
E3_SITE_03,3.27871926215173,5,1,H,10,120.461715774316,8.9914228573688e-13
E3_SITE_03,3.27871926215173,5,1,H,1,119.744861356916,1.06050779321746e-12
E3_SITE_03,3.27871926215173,5,1,H,0.1,119.018044920633,1.25370543308898e-12
E3_SITE_03,3.27871926215173,5,1,H,0.01,118.291227440164,1.48209914242567e-12
E3_SITE_03,3.27871926215173,5,1,H,0.005,118.072432894623,1.55867909445957e-12
E3_SITE_03,3.27871926215173,5,2,V,50,120.979700399108,7.98049739352807e-13
E3_SITE_03,3.27871926215173,5,2,V,20,120.639642757687,8.63049537647266e-13
E3_SITE_03,3.27871926215173,5,2,V,10,120.461715774316,8.9914228573688e-13
E3_SITE_03,3.27871926215173,5,2,V,1,119.744861356916,1.06050779321746e-12
E3_SITE_03,3.27871926215173,5,2,V,0.1,119.018044920633,1.25370543308898e-12
E3_SITE_03,3.27871926215173,5,2,V,0.01,118.291227440164,1.48209914242567e-12
E3_SITE_03,3.27871926215173,5,2,V,0.005,118.072432894623,1.55867909445957e-12
E3_SITE_03,3.27871926215173,50,1,H,50,120.979700399108,7.98049739352807e-13
E3_SITE_03,3.27871926215173,50,1,H,20,120.639642757687,8.63049537647266e-13
E3_SITE_03,3.27871926215173,50,1,H,10,120.461715774316,8.9914228573688e-13
E3_SITE_03,3.27871926215173,50,1,H,1,119.744861356916,1.06050779321746e-12
E3_SITE_03,3.27871926215173,50,1,H,0.1,119.018044920633,1.25370543308898e-12
E3_SITE_03,3.27871926215173,50,1,H,0.01,118.291227440164,1.48209914242567e-12
E3_SITE_03,3.27871926215173,50,1,H,0.005,118.072432894623,1.55867909445957e-12
E3_SITE_03,3.27871926215173,50,2,V,50,120.979700399108,7.98049739352807e-13
E3_SITE_03,3.27871926215173,50,2,V,20,120.639642757687,8.63049537647266e-13
E3_SITE_03,3.27871926215173,50,2,V,10,120.461715774316,8.9914228573688e-13
E3_SITE_03,3.27871926215173,50,2,V,1,119.744861356916,1.06050779321746e-12
E3_SITE_03,3.27871926215173,50,2,V,0.1,119.018044920633,1.25370543308898e-12
E3_SITE_03,3.27871926215173,50,2,V,0.01,118.291227440164,1.48209914242567e-12
E3_SITE_03,3.27871926215173,50,2,V,0.005,118.072432894623,1.55867909445957e-12
E3_SITE_03,3.27871926215173,200,1,H,50,120.979700399108,7.98049739352807e-13
E3_SITE_03,3.27871926215173,200,1,H,20,120.639642757687,8.63049537647266e-13
E3_SITE_03,3.27871926215173,200,1,H,10,120.461715774316,8.9914228573688e-13
E3_SITE_03,3.27871926215173,200,1,H,1,119.744861356916,1.06050779321746e-12
E3_SITE_03,3.27871926215173,200,1,H,0.1,119.018044920633,1.25370543308898e-12
E3_SITE_03,3.27871926215173,200,1,H,0.01,118.291227440164,1.48209914242567e-12
E3_SITE_03,3.27871926215173,200,1,H,0.005,118.072432894623,1.55867909445957e-12
E3_SITE_03,3.27871926215173,200,2,V,50,120.979700399108,7.98049739352807e-13
E3_SITE_03,3.27871926215173,200,2,V,20,120.639642757687,8.63049537647266e-13
E3_SITE_03,3.27871926215173,200,2,V,10,120.461715774316,8.9914228573688e-13
E3_SITE_03,3.27871926215173,200,2,V,1,119.744861356916,1.06050779321746e-12
E3_SITE_03,3.27871926215173,200,2,V,0.1,119.018044920633,1.25370543308898e-12
E3_SITE_03,3.27871926215173,200,2,V,0.01,118.291227440164,1.48209914242567e-12
E3_SITE_03,3.27871926215173,200,2,V,0.005,118.072432894623,1.55867909445957e-12
E3_SITE_04,3.27871926215173,5,1,H,50,120.986760183645,7.96753503128272e-13
E3_SITE_04,3.27871926215173,5,1,H,20,120.646702542222,8.61647725180067e-13
E3_SITE_04,3.27871926215173,5,1,H,10,120.468775558849,8.97681849446193e-13
E3_SITE_04,3.27871926215173,5,1,H,1,119.751921141385,1.05878525822108e-12
E3_SITE_04,3.27871926215173,5,1,H,0.1,119.025104704534,1.25166909604007e-12
E3_SITE_04,3.27871926215173,5,1,H,0.01,118.298287220162,1.47969183713145e-12
E3_SITE_04,3.27871926215173,5,1,H,0.005,118.079492671266,1.55614740508278e-12
E3_SITE_04,3.27871926215173,5,2,V,50,120.986760183645,7.96753503128272e-13
E3_SITE_04,3.27871926215173,5,2,V,20,120.646702542222,8.61647725180067e-13
E3_SITE_04,3.27871926215173,5,2,V,10,120.468775558849,8.97681849446193e-13
E3_SITE_04,3.27871926215173,5,2,V,1,119.751921141385,1.05878525822108e-12
E3_SITE_04,3.27871926215173,5,2,V,0.1,119.025104704534,1.25166909604007e-12
E3_SITE_04,3.27871926215173,5,2,V,0.01,118.298287220162,1.47969183713145e-12
E3_SITE_04,3.27871926215173,5,2,V,0.005,118.079492671266,1.55614740508278e-12
E3_SITE_04,3.27871926215173,50,1,H,50,120.986760183645,7.96753503128272e-13
E3_SITE_04,3.27871926215173,50,1,H,20,120.646702542222,8.61647725180067e-13
E3_SITE_04,3.27871926215173,50,1,H,10,120.468775558849,8.97681849446193e-13
E3_SITE_04,3.27871926215173,50,1,H,1,119.751921141385,1.05878525822108e-12
E3_SITE_04,3.27871926215173,50,1,H,0.1,119.025104704534,1.25166909604007e-12
E3_SITE_04,3.27871926215173,50,1,H,0.01,118.298287220162,1.47969183713145e-12
E3_SITE_04,3.27871926215173,50,1,H,0.005,118.079492671266,1.55614740508278e-12
E3_SITE_04,3.27871926215173,50,2,V,50,120.986760183645,7.96753503128272e-13
E3_SITE_04,3.27871926215173,50,2,V,20,120.646702542222,8.61647725180067e-13
E3_SITE_04,3.27871926215173,50,2,V,10,120.468775558849,8.97681849446193e-13
E3_SITE_04,3.27871926215173,50,2,V,1,119.751921141385,1.05878525822108e-12
E3_SITE_04,3.27871926215173,50,2,V,0.1,119.025104704534,1.25166909604007e-12
E3_SITE_04,3.27871926215173,50,2,V,0.01,118.298287220162,1.47969183713145e-12
E3_SITE_04,3.27871926215173,50,2,V,0.005,118.079492671266,1.55614740508278e-12
E3_SITE_04,3.27871926215173,200,1,H,50,120.986760183645,7.96753503128272e-13
E3_SITE_04,3.27871926215173,200,1,H,20,120.646702542222,8.61647725180067e-13
E3_SITE_04,3.27871926215173,200,1,H,10,120.468775558849,8.97681849446193e-13
E3_SITE_04,3.27871926215173,200,1,H,1,119.751921141385,1.05878525822108e-12
E3_SITE_04,3.27871926215173,200,1,H,0.1,119.025104704534,1.25166909604007e-12
E3_SITE_04,3.27871926215173,200,1,H,0.01,118.298287220162,1.47969183713145e-12
E3_SITE_04,3.27871926215173,200,1,H,0.005,118.079492671266,1.55614740508278e-12
E3_SITE_04,3.27871926215173,200,2,V,50,120.986760183645,7.96753503128272e-13
E3_SITE_04,3.27871926215173,200,2,V,20,120.646702542222,8.61647725180067e-13
E3_SITE_04,3.27871926215173,200,2,V,10,120.468775558849,8.97681849446193e-13
E3_SITE_04,3.27871926215173,200,2,V,1,119.751921141385,1.05878525822108e-12
E3_SITE_04,3.27871926215173,200,2,V,0.1,119.025104704534,1.25166909604007e-12
E3_SITE_04,3.27871926215173,200,2,V,0.01,118.298287220162,1.47969183713145e-12
E3_SITE_04,3.27871926215173,200,2,V,0.005,118.079492671266,1.55614740508278e-12
E3_SITE_05,2.78388218141553,5,1,H,50,119.553041472872,1.1083983043361e-12
E3_SITE_05,2.78388218141553,5,1,H,20,119.25805963397,1.18629865116125e-12
E3_SITE_05,2.78388218141553,5,1,H,10,119.103717480197,1.22921613415078e-12
E3_SITE_05,2.78388218141553,5,1,H,1,118.479644933581,1.41917354440903e-12
E3_SITE_05,2.78388218141553,5,1,H,0.1,117.847852226218,1.64140131635336e-12
E3_SITE_05,2.78388218141553,5,1,H,0.01,117.216058273836,1.89842818329264e-12
E3_SITE_05,2.78388218141553,5,1,H,0.005,117.025868505497,1.98341297269771e-12
E3_SITE_05,2.78388218141553,5,2,V,50,119.553041472872,1.1083983043361e-12
E3_SITE_05,2.78388218141553,5,2,V,20,119.25805963397,1.18629865116125e-12
E3_SITE_05,2.78388218141553,5,2,V,10,119.103717480197,1.22921613415078e-12
E3_SITE_05,2.78388218141553,5,2,V,1,118.479644933581,1.41917354440903e-12
E3_SITE_05,2.78388218141553,5,2,V,0.1,117.847852226218,1.64140131635336e-12
E3_SITE_05,2.78388218141553,5,2,V,0.01,117.216058273836,1.89842818329264e-12
E3_SITE_05,2.78388218141553,5,2,V,0.005,117.025868505497,1.98341297269771e-12
E3_SITE_05,2.78388218141553,50,1,H,50,119.553041472872,1.1083983043361e-12
E3_SITE_05,2.78388218141553,50,1,H,20,119.25805963397,1.18629865116125e-12
E3_SITE_05,2.78388218141553,50,1,H,10,119.103717480197,1.22921613415078e-12
E3_SITE_05,2.78388218141553,50,1,H,1,118.479644933581,1.41917354440903e-12
E3_SITE_05,2.78388218141553,50,1,H,0.1,117.847852226218,1.64140131635336e-12
E3_SITE_05,2.78388218141553,50,1,H,0.01,117.216058273836,1.89842818329264e-12
E3_SITE_05,2.78388218141553,50,1,H,0.005,117.025868505497,1.98341297269771e-12
E3_SITE_05,2.78388218141553,50,2,V,50,119.553041472872,1.1083983043361e-12
E3_SITE_05,2.78388218141553,50,2,V,20,119.25805963397,1.18629865116125e-12
E3_SITE_05,2.78388218141553,50,2,V,10,119.103717480197,1.22921613415078e-12
E3_SITE_05,2.78388218141553,50,2,V,1,118.479644933581,1.41917354440903e-12
E3_SITE_05,2.78388218141553,50,2,V,0.1,117.847852226218,1.64140131635336e-12
E3_SITE_05,2.78388218141553,50,2,V,0.01,117.216058273836,1.89842818329264e-12
E3_SITE_05,2.78388218141553,50,2,V,0.005,117.025868505497,1.98341297269771e-12
E3_SITE_05,2.78388218141553,200,1,H,50,119.553041472872,1.1083983043361e-12
E3_SITE_05,2.78388218141553,200,1,H,20,119.25805963397,1.18629865116125e-12
E3_SITE_05,2.78388218141553,200,1,H,10,119.103717480197,1.22921613415078e-12
E3_SITE_05,2.78388218141553,200,1,H,1,118.479644933581,1.41917354440903e-12
E3_SITE_05,2.78388218141553,200,1,H,0.1,117.847852226218,1.64140131635336e-12
E3_SITE_05,2.78388218141553,200,1,H,0.01,117.216058273836,1.89842818329264e-12
E3_SITE_05,2.78388218141553,200,1,H,0.005,117.025868505497,1.98341297269771e-12
E3_SITE_05,2.78388218141553,200,2,V,50,119.553041472872,1.1083983043361e-12
E3_SITE_05,2.78388218141553,200,2,V,20,119.25805963397,1.18629865116125e-12
E3_SITE_05,2.78388218141553,200,2,V,10,119.103717480197,1.22921613415078e-12
E3_SITE_05,2.78388218141553,200,2,V,1,118.479644933581,1.41917354440903e-12
E3_SITE_05,2.78388218141553,200,2,V,0.1,117.847852226218,1.64140131635336e-12
E3_SITE_05,2.78388218141553,200,2,V,0.01,117.216058273836,1.89842818329264e-12
E3_SITE_05,2.78388218141553,200,2,V,0.005,117.025868505497,1.98341297269771e-12
E3_SITE_06,2.78388218141517,5,1,H,50,148.129891813519,1.5381929575317e-15
E3_SITE_06,2.78388218141517,5,1,H,20,147.83223734013,1.64731353197561e-15
E3_SITE_06,2.78388218141517,5,1,H,10,147.617837594791,1.73067787034463e-15
E3_SITE_06,2.78388218141517,5,1,H,1,146.721561998653,2.12737376971358e-15
E3_SITE_06,2.78388218141517,5,1,H,0.1,145.955863573052,2.53754435767566e-15
E3_SITE_06,2.78388218141517,5,1,H,0.01,145.243630754634,2.98976411239727e-15
E3_SITE_06,2.78388218141517,5,1,H,0.005,145.014125957979,3.15200867581242e-15
E3_SITE_06,2.78388218141517,5,2,V,50,148.129891813519,1.5381929575317e-15
E3_SITE_06,2.78388218141517,5,2,V,20,147.83223734013,1.64731353197561e-15
E3_SITE_06,2.78388218141517,5,2,V,10,147.617837594791,1.73067787034463e-15
E3_SITE_06,2.78388218141517,5,2,V,1,146.721561998653,2.12737376971358e-15
E3_SITE_06,2.78388218141517,5,2,V,0.1,145.955863573052,2.53754435767566e-15
E3_SITE_06,2.78388218141517,5,2,V,0.01,145.243630754634,2.98976411239727e-15
E3_SITE_06,2.78388218141517,5,2,V,0.005,145.014125957979,3.15200867581242e-15
E3_SITE_06,2.78388218141517,50,1,H,50,148.129891813519,1.5381929575317e-15
E3_SITE_06,2.78388218141517,50,1,H,20,147.83223734013,1.64731353197561e-15
E3_SITE_06,2.78388218141517,50,1,H,10,147.617837594791,1.73067787034463e-15
E3_SITE_06,2.78388218141517,50,1,H,1,146.721561998653,2.12737376971358e-15
E3_SITE_06,2.78388218141517,50,1,H,0.1,145.955863573052,2.53754435767566e-15
E3_SITE_06,2.78388218141517,50,1,H,0.01,145.243630754634,2.98976411239727e-15
E3_SITE_06,2.78388218141517,50,1,H,0.005,145.014125957979,3.15200867581242e-15
E3_SITE_06,2.78388218141517,50,2,V,50,148.129891813519,1.5381929575317e-15
E3_SITE_06,2.78388218141517,50,2,V,20,147.83223734013,1.64731353197561e-15
E3_SITE_06,2.78388218141517,50,2,V,10,147.617837594791,1.73067787034463e-15
E3_SITE_06,2.78388218141517,50,2,V,1,146.721561998653,2.12737376971358e-15
E3_SITE_06,2.78388218141517,50,2,V,0.1,145.955863573052,2.53754435767566e-15
E3_SITE_06,2.78388218141517,50,2,V,0.01,145.243630754634,2.98976411239727e-15
E3_SITE_06,2.78388218141517,50,2,V,0.005,145.014125957979,3.15200867581242e-15
E3_SITE_06,2.78388218141517,200,1,H,50,148.129891813519,1.5381929575317e-15
E3_SITE_06,2.78388218141517,200,1,H,20,147.83223734013,1.64731353197561e-15
E3_SITE_06,2.78388218141517,200,1,H,10,147.617837594791,1.73067787034463e-15
E3_SITE_06,2.78388218141517,200,1,H,1,146.721561998653,2.12737376971358e-15
E3_SITE_06,2.78388218141517,200,1,H,0.1,145.955863573052,2.53754435767566e-15
E3_SITE_06,2.78388218141517,200,1,H,0.01,145.243630754634,2.98976411239727e-15
E3_SITE_06,2.78388218141517,200,1,H,0.005,145.014125957979,3.15200867581242e-15
E3_SITE_06,2.78388218141517,200,2,V,50,148.129891813519,1.5381929575317e-15
E3_SITE_06,2.78388218141517,200,2,V,20,147.83223734013,1.64731353197561e-15
E3_SITE_06,2.78388218141517,200,2,V,10,147.617837594791,1.73067787034463e-15
E3_SITE_06,2.78388218141517,200,2,V,1,146.721561998653,2.12737376971358e-15
E3_SITE_06,2.78388218141517,200,2,V,0.1,145.955863573052,2.53754435767566e-15
E3_SITE_06,2.78388218141517,200,2,V,0.01,145.243630754634,2.98976411239727e-15
E3_SITE_06,2.78388218141517,200,2,V,0.005,145.014125957979,3.15200867581242e-15
E3_SITE_07,2.49999999999998,5,1,H,50,118.624160440472,1.37272630494064e-12
E3_SITE_07,2.49999999999998,5,1,H,20,118.355962032326,1.46017126212802e-12
E3_SITE_07,2.49999999999998,5,1,H,10,118.215633664553,1.50812254936965e-12
E3_SITE_07,2.49999999999998,5,1,H,1,117.647052247301,1.71907480493554e-12
E3_SITE_07,2.49999999999998,5,1,H,0.1,117.071934066102,1.96248611809986e-12
E3_SITE_07,2.49999999999998,5,1,H,0.01,116.496814497332,2.24036381848204e-12
E3_SITE_07,2.49999999999998,5,1,H,0.005,116.323685306522,2.33147879223506e-12
E3_SITE_07,2.49999999999998,5,2,V,50,118.624160440472,1.37272630494064e-12
E3_SITE_07,2.49999999999998,5,2,V,20,118.355962032326,1.46017126212802e-12
E3_SITE_07,2.49999999999998,5,2,V,10,118.215633664553,1.50812254936965e-12
E3_SITE_07,2.49999999999998,5,2,V,1,117.647052247301,1.71907480493554e-12
E3_SITE_07,2.49999999999998,5,2,V,0.1,117.071934066102,1.96248611809986e-12
E3_SITE_07,2.49999999999998,5,2,V,0.01,116.496814497332,2.24036381848204e-12
E3_SITE_07,2.49999999999998,5,2,V,0.005,116.323685306522,2.33147879223506e-12
E3_SITE_07,2.49999999999998,50,1,H,50,118.624160440472,1.37272630494064e-12
E3_SITE_07,2.49999999999998,50,1,H,20,118.355962032326,1.46017126212802e-12
E3_SITE_07,2.49999999999998,50,1,H,10,118.215633664553,1.50812254936965e-12
E3_SITE_07,2.49999999999998,50,1,H,1,117.647052247301,1.71907480493554e-12
E3_SITE_07,2.49999999999998,50,1,H,0.1,117.071934066102,1.96248611809986e-12
E3_SITE_07,2.49999999999998,50,1,H,0.01,116.496814497332,2.24036381848204e-12
E3_SITE_07,2.49999999999998,50,1,H,0.005,116.323685306522,2.33147879223506e-12
E3_SITE_07,2.49999999999998,50,2,V,50,118.624160440472,1.37272630494064e-12
E3_SITE_07,2.49999999999998,50,2,V,20,118.355962032326,1.46017126212802e-12
E3_SITE_07,2.49999999999998,50,2,V,10,118.215633664553,1.50812254936965e-12
E3_SITE_07,2.49999999999998,50,2,V,1,117.647052247301,1.71907480493554e-12
E3_SITE_07,2.49999999999998,50,2,V,0.1,117.071934066102,1.96248611809986e-12
E3_SITE_07,2.49999999999998,50,2,V,0.01,116.496814497332,2.24036381848204e-12
E3_SITE_07,2.49999999999998,50,2,V,0.005,116.323685306522,2.33147879223506e-12
E3_SITE_07,2.49999999999998,200,1,H,50,118.624160440472,1.37272630494064e-12
E3_SITE_07,2.49999999999998,200,1,H,20,118.355962032326,1.46017126212802e-12
E3_SITE_07,2.49999999999998,200,1,H,10,118.215633664553,1.50812254936965e-12
E3_SITE_07,2.49999999999998,200,1,H,1,117.647052247301,1.71907480493554e-12
E3_SITE_07,2.49999999999998,200,1,H,0.1,117.071934066102,1.96248611809986e-12
E3_SITE_07,2.49999999999998,200,1,H,0.01,116.496814497332,2.24036381848204e-12
E3_SITE_07,2.49999999999998,200,1,H,0.005,116.323685306522,2.33147879223506e-12
E3_SITE_07,2.49999999999998,200,2,V,50,118.624160440472,1.37272630494064e-12
E3_SITE_07,2.49999999999998,200,2,V,20,118.355962032326,1.46017126212802e-12
E3_SITE_07,2.49999999999998,200,2,V,10,118.215633664553,1.50812254936965e-12
E3_SITE_07,2.49999999999998,200,2,V,1,117.647052247301,1.71907480493554e-12
E3_SITE_07,2.49999999999998,200,2,V,0.1,117.071934066102,1.96248611809986e-12
E3_SITE_07,2.49999999999998,200,2,V,0.01,116.496814497332,2.24036381848204e-12
E3_SITE_07,2.49999999999998,200,2,V,0.005,116.323685306522,2.33147879223506e-12
E3_SITE_08,3.9999999999989,5,1,H,50,161.205387749133,7.57637086084717e-17
E3_SITE_08,3.9999999999989,5,1,H,20,160.845147990486,8.23161786325808e-17
E3_SITE_08,3.9999999999989,5,1,H,10,160.577100027834,8.75568234865736e-17
E3_SITE_08,3.9999999999989,5,1,H,1,159.718239655707,1.06702853680263e-16
E3_SITE_08,3.9999999999989,5,1,H,0.1,158.860818234626,1.29992464202756e-16
E3_SITE_08,3.9999999999989,5,1,H,0.01,158.002015257879,1.58415792464335e-16
E3_SITE_08,3.9999999999989,5,1,H,0.005,157.742623029016,1.68165807526918e-16
E3_SITE_08,3.9999999999989,5,2,V,50,161.205387749133,7.57637086084717e-17
E3_SITE_08,3.9999999999989,5,2,V,20,160.845147990486,8.23161786325808e-17
E3_SITE_08,3.9999999999989,5,2,V,10,160.577100027834,8.75568234865736e-17
E3_SITE_08,3.9999999999989,5,2,V,1,159.718239655707,1.06702853680263e-16
E3_SITE_08,3.9999999999989,5,2,V,0.1,158.860818234626,1.29992464202756e-16
E3_SITE_08,3.9999999999989,5,2,V,0.01,158.002015257879,1.58415792464335e-16
E3_SITE_08,3.9999999999989,5,2,V,0.005,157.742623029016,1.68165807526918e-16
E3_SITE_08,3.9999999999989,50,1,H,50,161.205387749133,7.57637086084717e-17
E3_SITE_08,3.9999999999989,50,1,H,20,160.845147990486,8.23161786325808e-17
E3_SITE_08,3.9999999999989,50,1,H,10,160.577100027834,8.75568234865736e-17
E3_SITE_08,3.9999999999989,50,1,H,1,159.718239655707,1.06702853680263e-16
E3_SITE_08,3.9999999999989,50,1,H,0.1,158.860818234626,1.29992464202756e-16
E3_SITE_08,3.9999999999989,50,1,H,0.01,158.002015257879,1.58415792464335e-16
E3_SITE_08,3.9999999999989,50,1,H,0.005,157.742623029016,1.68165807526918e-16
E3_SITE_08,3.9999999999989,50,2,V,50,161.205387749133,7.57637086084717e-17
E3_SITE_08,3.9999999999989,50,2,V,20,160.845147990486,8.23161786325808e-17
E3_SITE_08,3.9999999999989,50,2,V,10,160.577100027834,8.75568234865736e-17
E3_SITE_08,3.9999999999989,50,2,V,1,159.718239655707,1.06702853680263e-16
E3_SITE_08,3.9999999999989,50,2,V,0.1,158.860818234626,1.29992464202756e-16
E3_SITE_08,3.9999999999989,50,2,V,0.01,158.002015257879,1.58415792464335e-16
E3_SITE_08,3.9999999999989,50,2,V,0.005,157.742623029016,1.68165807526918e-16
E3_SITE_08,3.9999999999989,200,1,H,50,161.205387749133,7.57637086084717e-17
E3_SITE_08,3.9999999999989,200,1,H,20,160.845147990486,8.23161786325808e-17
E3_SITE_08,3.9999999999989,200,1,H,10,160.577100027834,8.75568234865736e-17
E3_SITE_08,3.9999999999989,200,1,H,1,159.718239655707,1.06702853680263e-16
E3_SITE_08,3.9999999999989,200,1,H,0.1,158.860818234626,1.29992464202756e-16
E3_SITE_08,3.9999999999989,200,1,H,0.01,158.002015257879,1.58415792464335e-16
E3_SITE_08,3.9999999999989,200,1,H,0.005,157.742623029016,1.68165807526918e-16
E3_SITE_08,3.9999999999989,200,2,V,50,161.205387749133,7.57637086084717e-17
E3_SITE_08,3.9999999999989,200,2,V,20,160.845147990486,8.23161786325808e-17
E3_SITE_08,3.9999999999989,200,2,V,10,160.577100027834,8.75568234865736e-17
E3_SITE_08,3.9999999999989,200,2,V,1,159.718239655707,1.06702853680263e-16
E3_SITE_08,3.9999999999989,200,2,V,0.1,158.860818234626,1.29992464202756e-16
E3_SITE_08,3.9999999999989,200,2,V,0.01,158.002015257879,1.58415792464335e-16
E3_SITE_08,3.9999999999989,200,2,V,0.005,157.742623029016,1.68165807526918e-16
E3_SITE_09,3.77491721763516,5,1,H,50,162.104202803347,6.15998592248427e-17
E3_SITE_09,3.77491721763516,5,1,H,20,161.76279988319,6.66377019481014e-17
E3_SITE_09,3.77491721763516,5,1,H,10,161.508290648165,7.06595610487568e-17
E3_SITE_09,3.77491721763516,5,1,H,1,160.689440756243,8.53209975333216e-17
E3_SITE_09,3.77491721763516,5,1,H,0.1,159.871801234057,1.02995885695513e-16
E3_SITE_09,3.77491721763516,5,1,H,0.01,159.053355578771,1.24355340823762e-16
E3_SITE_09,3.77491721763516,5,1,H,0.005,158.806466679556,1.31629530439169e-16
E3_SITE_09,3.77491721763516,5,2,V,50,162.104202803347,6.15998592248427e-17
E3_SITE_09,3.77491721763516,5,2,V,20,161.76279988319,6.66377019481014e-17
E3_SITE_09,3.77491721763516,5,2,V,10,161.508290648165,7.06595610487568e-17
E3_SITE_09,3.77491721763516,5,2,V,1,160.689440756243,8.53209975333216e-17
E3_SITE_09,3.77491721763516,5,2,V,0.1,159.871801234057,1.02995885695513e-16
E3_SITE_09,3.77491721763516,5,2,V,0.01,159.053355578771,1.24355340823762e-16
E3_SITE_09,3.77491721763516,5,2,V,0.005,158.806466679556,1.31629530439169e-16
E3_SITE_09,3.77491721763516,50,1,H,50,162.104202803347,6.15998592248427e-17
E3_SITE_09,3.77491721763516,50,1,H,20,161.76279988319,6.66377019481014e-17
E3_SITE_09,3.77491721763516,50,1,H,10,161.508290648165,7.06595610487568e-17
E3_SITE_09,3.77491721763516,50,1,H,1,160.689440756243,8.53209975333216e-17
E3_SITE_09,3.77491721763516,50,1,H,0.1,159.871801234057,1.02995885695513e-16
E3_SITE_09,3.77491721763516,50,1,H,0.01,159.053355578771,1.24355340823762e-16
E3_SITE_09,3.77491721763516,50,1,H,0.005,158.806466679556,1.31629530439169e-16
E3_SITE_09,3.77491721763516,50,2,V,50,162.104202803347,6.15998592248427e-17
E3_SITE_09,3.77491721763516,50,2,V,20,161.76279988319,6.66377019481014e-17
E3_SITE_09,3.77491721763516,50,2,V,10,161.508290648165,7.06595610487568e-17
E3_SITE_09,3.77491721763516,50,2,V,1,160.689440756243,8.53209975333216e-17
E3_SITE_09,3.77491721763516,50,2,V,0.1,159.871801234057,1.02995885695513e-16
E3_SITE_09,3.77491721763516,50,2,V,0.01,159.053355578771,1.24355340823762e-16
E3_SITE_09,3.77491721763516,50,2,V,0.005,158.806466679556,1.31629530439169e-16
E3_SITE_09,3.77491721763516,200,1,H,50,162.104202803347,6.15998592248427e-17
E3_SITE_09,3.77491721763516,200,1,H,20,161.76279988319,6.66377019481014e-17
E3_SITE_09,3.77491721763516,200,1,H,10,161.508290648165,7.06595610487568e-17
E3_SITE_09,3.77491721763516,200,1,H,1,160.689440756243,8.53209975333216e-17
E3_SITE_09,3.77491721763516,200,1,H,0.1,159.871801234057,1.02995885695513e-16
E3_SITE_09,3.77491721763516,200,1,H,0.01,159.053355578771,1.24355340823762e-16
E3_SITE_09,3.77491721763516,200,1,H,0.005,158.806466679556,1.31629530439169e-16
E3_SITE_09,3.77491721763516,200,2,V,50,162.104202803347,6.15998592248427e-17
E3_SITE_09,3.77491721763516,200,2,V,20,161.76279988319,6.66377019481014e-17
E3_SITE_09,3.77491721763516,200,2,V,10,161.508290648165,7.06595610487568e-17
E3_SITE_09,3.77491721763516,200,2,V,1,160.689440756243,8.53209975333216e-17
E3_SITE_09,3.77491721763516,200,2,V,0.1,159.871801234057,1.02995885695513e-16
E3_SITE_09,3.77491721763516,200,2,V,0.01,159.053355578771,1.24355340823762e-16
E3_SITE_09,3.77491721763516,200,2,V,0.005,158.806466679556,1.31629530439169e-16
E3_SITE_10,3.60555127546406,5,1,H,50,121.809563228571,6.59240191919542e-13
E3_SITE_10,3.60555127546406,5,1,H,20,121.44081599331,7.17659437999586e-13
E3_SITE_10,3.60555127546406,5,1,H,10,121.247877869945,7.50260726056091e-13
E3_SITE_10,3.60555127546406,5,1,H,1,120.472391838531,8.96934679589527e-13
E3_SITE_10,3.60555127546406,5,1,H,0.1,119.685343422856,1.07514157909817e-12
E3_SITE_10,3.60555127546406,5,1,H,0.01,118.898294073259,1.28875568085956e-12
E3_SITE_10,3.60555127546406,5,1,H,0.005,118.66136801163,1.36101589993911e-12
E3_SITE_10,3.60555127546406,5,2,V,50,121.809563228571,6.59240191919542e-13
E3_SITE_10,3.60555127546406,5,2,V,20,121.44081599331,7.17659437999586e-13
E3_SITE_10,3.60555127546406,5,2,V,10,121.247877869945,7.50260726056091e-13
E3_SITE_10,3.60555127546406,5,2,V,1,120.472391838531,8.96934679589527e-13
E3_SITE_10,3.60555127546406,5,2,V,0.1,119.685343422856,1.07514157909817e-12
E3_SITE_10,3.60555127546406,5,2,V,0.01,118.898294073259,1.28875568085956e-12
E3_SITE_10,3.60555127546406,5,2,V,0.005,118.66136801163,1.36101589993911e-12
E3_SITE_10,3.60555127546406,50,1,H,50,121.809563228571,6.59240191919542e-13
E3_SITE_10,3.60555127546406,50,1,H,20,121.44081599331,7.17659437999586e-13
E3_SITE_10,3.60555127546406,50,1,H,10,121.247877869945,7.50260726056091e-13
E3_SITE_10,3.60555127546406,50,1,H,1,120.472391838531,8.96934679589527e-13
E3_SITE_10,3.60555127546406,50,1,H,0.1,119.685343422856,1.07514157909817e-12
E3_SITE_10,3.60555127546406,50,1,H,0.01,118.898294073259,1.28875568085956e-12
E3_SITE_10,3.60555127546406,50,1,H,0.005,118.66136801163,1.36101589993911e-12
E3_SITE_10,3.60555127546406,50,2,V,50,121.809563228571,6.59240191919542e-13
E3_SITE_10,3.60555127546406,50,2,V,20,121.44081599331,7.17659437999586e-13
E3_SITE_10,3.60555127546406,50,2,V,10,121.247877869945,7.50260726056091e-13
E3_SITE_10,3.60555127546406,50,2,V,1,120.472391838531,8.96934679589527e-13
E3_SITE_10,3.60555127546406,50,2,V,0.1,119.685343422856,1.07514157909817e-12
E3_SITE_10,3.60555127546406,50,2,V,0.01,118.898294073259,1.28875568085956e-12
E3_SITE_10,3.60555127546406,50,2,V,0.005,118.66136801163,1.36101589993911e-12
E3_SITE_10,3.60555127546406,200,1,H,50,121.809563228571,6.59240191919542e-13
E3_SITE_10,3.60555127546406,200,1,H,20,121.44081599331,7.17659437999586e-13
E3_SITE_10,3.60555127546406,200,1,H,10,121.247877869945,7.50260726056091e-13
E3_SITE_10,3.60555127546406,200,1,H,1,120.472391838531,8.96934679589527e-13
E3_SITE_10,3.60555127546406,200,1,H,0.1,119.685343422856,1.07514157909817e-12
E3_SITE_10,3.60555127546406,200,1,H,0.01,118.898294073259,1.28875568085956e-12
E3_SITE_10,3.60555127546406,200,1,H,0.005,118.66136801163,1.36101589993911e-12
E3_SITE_10,3.60555127546406,200,2,V,50,121.809563228571,6.59240191919542e-13
E3_SITE_10,3.60555127546406,200,2,V,20,121.44081599331,7.17659437999586e-13
E3_SITE_10,3.60555127546406,200,2,V,10,121.247877869945,7.50260726056091e-13
E3_SITE_10,3.60555127546406,200,2,V,1,120.472391838531,8.96934679589527e-13
E3_SITE_10,3.60555127546406,200,2,V,0.1,119.685343422856,1.07514157909817e-12
E3_SITE_10,3.60555127546406,200,2,V,0.01,118.898294073259,1.28875568085956e-12
E3_SITE_10,3.60555127546406,200,2,V,0.005,118.66136801163,1.36101589993911e-12
E3_SITE_11,3.77491721763481,5,1,H,50,122.211439251188,6.00974541615569e-13
E3_SITE_11,3.77491721763481,5,1,H,20,121.828154452726,6.56424156432139e-13
E3_SITE_11,3.77491721763481,5,1,H,10,121.627609899043,6.87446666070965e-13
E3_SITE_11,3.77491721763481,5,1,H,1,120.822539884478,8.27458099846723e-13
E3_SITE_11,3.77491721763481,5,1,H,0.1,120.005044806179,9.98839064856799e-13
E3_SITE_11,3.77491721763481,5,1,H,0.01,119.187548844809,1.20571625382782e-12
E3_SITE_11,3.77491721763481,5,1,H,0.005,118.941457477684,1.27601051210899e-12
E3_SITE_11,3.77491721763481,5,2,V,50,122.211439251188,6.00974541615569e-13
E3_SITE_11,3.77491721763481,5,2,V,20,121.828154452726,6.56424156432139e-13
E3_SITE_11,3.77491721763481,5,2,V,10,121.627609899043,6.87446666070965e-13
E3_SITE_11,3.77491721763481,5,2,V,1,120.822539884478,8.27458099846723e-13
E3_SITE_11,3.77491721763481,5,2,V,0.1,120.005044806179,9.98839064856799e-13
E3_SITE_11,3.77491721763481,5,2,V,0.01,119.187548844809,1.20571625382782e-12
E3_SITE_11,3.77491721763481,5,2,V,0.005,118.941457477684,1.27601051210899e-12
E3_SITE_11,3.77491721763481,50,1,H,50,122.211439251188,6.00974541615569e-13
E3_SITE_11,3.77491721763481,50,1,H,20,121.828154452726,6.56424156432139e-13
E3_SITE_11,3.77491721763481,50,1,H,10,121.627609899043,6.87446666070965e-13
E3_SITE_11,3.77491721763481,50,1,H,1,120.822539884478,8.27458099846723e-13
E3_SITE_11,3.77491721763481,50,1,H,0.1,120.005044806179,9.98839064856799e-13
E3_SITE_11,3.77491721763481,50,1,H,0.01,119.187548844809,1.20571625382782e-12
E3_SITE_11,3.77491721763481,50,1,H,0.005,118.941457477684,1.27601051210899e-12
E3_SITE_11,3.77491721763481,50,2,V,50,122.211439251188,6.00974541615569e-13
E3_SITE_11,3.77491721763481,50,2,V,20,121.828154452726,6.56424156432139e-13
E3_SITE_11,3.77491721763481,50,2,V,10,121.627609899043,6.87446666070965e-13
E3_SITE_11,3.77491721763481,50,2,V,1,120.822539884478,8.27458099846723e-13
E3_SITE_11,3.77491721763481,50,2,V,0.1,120.005044806179,9.98839064856799e-13
E3_SITE_11,3.77491721763481,50,2,V,0.01,119.187548844809,1.20571625382782e-12
E3_SITE_11,3.77491721763481,50,2,V,0.005,118.941457477684,1.27601051210899e-12
E3_SITE_11,3.77491721763481,200,1,H,50,122.211439251188,6.00974541615569e-13
E3_SITE_11,3.77491721763481,200,1,H,20,121.828154452726,6.56424156432139e-13
E3_SITE_11,3.77491721763481,200,1,H,10,121.627609899043,6.87446666070965e-13
E3_SITE_11,3.77491721763481,200,1,H,1,120.822539884478,8.27458099846723e-13
E3_SITE_11,3.77491721763481,200,1,H,0.1,120.005044806179,9.98839064856799e-13
E3_SITE_11,3.77491721763481,200,1,H,0.01,119.187548844809,1.20571625382782e-12
E3_SITE_11,3.77491721763481,200,1,H,0.005,118.941457477684,1.27601051210899e-12
E3_SITE_11,3.77491721763481,200,2,V,50,122.211439251188,6.00974541615569e-13
E3_SITE_11,3.77491721763481,200,2,V,20,121.828154452726,6.56424156432139e-13
E3_SITE_11,3.77491721763481,200,2,V,10,121.627609899043,6.87446666070965e-13
E3_SITE_11,3.77491721763481,200,2,V,1,120.822539884478,8.27458099846723e-13
E3_SITE_11,3.77491721763481,200,2,V,0.1,120.005044806179,9.98839064856799e-13
E3_SITE_11,3.77491721763481,200,2,V,0.01,119.187548844809,1.20571625382782e-12
E3_SITE_11,3.77491721763481,200,2,V,0.005,118.941457477684,1.27601051210899e-12
E3_SITE_12,3.12249899919969,5,1,H,50,120.555248982578,8.79984660406086e-13
E3_SITE_12,3.12249899919969,5,1,H,20,120.229204298942,9.48592245548472e-13
E3_SITE_12,3.12249899919969,5,1,H,10,120.058609258722,9.86595372499823e-13
E3_SITE_12,3.12249899919969,5,1,H,1,119.370517141783,1.15597458482464e-12
E3_SITE_12,3.12249899919969,5,1,H,0.1,118.673193392176,1.35731503805018e-12
E3_SITE_12,3.12249899919969,5,1,H,0.01,117.975868539106,1.59372412231112e-12
E3_SITE_12,3.12249899919969,5,1,H,0.005,117.765952113815,1.67264889752172e-12
E3_SITE_12,3.12249899919969,5,2,V,50,120.555248982578,8.79984660406086e-13
E3_SITE_12,3.12249899919969,5,2,V,20,120.229204298942,9.48592245548472e-13
E3_SITE_12,3.12249899919969,5,2,V,10,120.058609258722,9.86595372499823e-13
E3_SITE_12,3.12249899919969,5,2,V,1,119.370517141783,1.15597458482464e-12
E3_SITE_12,3.12249899919969,5,2,V,0.1,118.673193392176,1.35731503805018e-12
E3_SITE_12,3.12249899919969,5,2,V,0.01,117.975868539106,1.59372412231112e-12
E3_SITE_12,3.12249899919969,5,2,V,0.005,117.765952113815,1.67264889752172e-12
E3_SITE_12,3.12249899919969,50,1,H,50,120.555248982578,8.79984660406086e-13
E3_SITE_12,3.12249899919969,50,1,H,20,120.229204298942,9.48592245548472e-13
E3_SITE_12,3.12249899919969,50,1,H,10,120.058609258722,9.86595372499823e-13
E3_SITE_12,3.12249899919969,50,1,H,1,119.370517141783,1.15597458482464e-12
E3_SITE_12,3.12249899919969,50,1,H,0.1,118.673193392176,1.35731503805018e-12
E3_SITE_12,3.12249899919969,50,1,H,0.01,117.975868539106,1.59372412231112e-12
E3_SITE_12,3.12249899919969,50,1,H,0.005,117.765952113815,1.67264889752172e-12
E3_SITE_12,3.12249899919969,50,2,V,50,120.555248982578,8.79984660406086e-13
E3_SITE_12,3.12249899919969,50,2,V,20,120.229204298942,9.48592245548472e-13
E3_SITE_12,3.12249899919969,50,2,V,10,120.058609258722,9.86595372499823e-13
E3_SITE_12,3.12249899919969,50,2,V,1,119.370517141783,1.15597458482464e-12
E3_SITE_12,3.12249899919969,50,2,V,0.1,118.673193392176,1.35731503805018e-12
E3_SITE_12,3.12249899919969,50,2,V,0.01,117.975868539106,1.59372412231112e-12
E3_SITE_12,3.12249899919969,50,2,V,0.005,117.765952113815,1.67264889752172e-12
E3_SITE_12,3.12249899919969,200,1,H,50,120.555248982578,8.79984660406086e-13
E3_SITE_12,3.12249899919969,200,1,H,20,120.229204298942,9.48592245548472e-13
E3_SITE_12,3.12249899919969,200,1,H,10,120.058609258722,9.86595372499823e-13
E3_SITE_12,3.12249899919969,200,1,H,1,119.370517141783,1.15597458482464e-12
E3_SITE_12,3.12249899919969,200,1,H,0.1,118.673193392176,1.35731503805018e-12
E3_SITE_12,3.12249899919969,200,1,H,0.01,117.975868539106,1.59372412231112e-12
E3_SITE_12,3.12249899919969,200,1,H,0.005,117.765952113815,1.67264889752172e-12
E3_SITE_12,3.12249899919969,200,2,V,50,120.555248982578,8.79984660406086e-13
E3_SITE_12,3.12249899919969,200,2,V,20,120.229204298942,9.48592245548472e-13
E3_SITE_12,3.12249899919969,200,2,V,10,120.058609258722,9.86595372499823e-13
E3_SITE_12,3.12249899919969,200,2,V,1,119.370517141783,1.15597458482464e-12
E3_SITE_12,3.12249899919969,200,2,V,0.1,118.673193392176,1.35731503805018e-12
E3_SITE_12,3.12249899919969,200,2,V,0.01,117.975868539106,1.59372412231112e-12
E3_SITE_12,3.12249899919969,200,2,V,0.005,117.765952113815,1.67264889752172e-12
E3_SITE_13,3.60555127546406,5,1,H,50,121.813932112805,6.5857734769449e-13
E3_SITE_13,3.60555127546406,5,1,H,20,121.445184877542,7.16937855153488e-13
E3_SITE_13,3.60555127546406,5,1,H,10,121.252246754176,7.49506363692645e-13
E3_SITE_13,3.60555127546406,5,1,H,1,120.476760722722,8.96032841421687e-13
E3_SITE_13,3.60555127546406,5,1,H,0.1,119.6897123067,1.07406055987034e-12
E3_SITE_13,3.60555127546406,5,1,H,0.01,118.902662954782,1.28745988041934e-12
E3_SITE_13,3.60555127546406,5,1,H,0.005,118.665736891189,1.3596474448968e-12
E3_SITE_13,3.60555127546406,5,2,V,50,121.813932112805,6.5857734769449e-13
E3_SITE_13,3.60555127546406,5,2,V,20,121.445184877542,7.16937855153488e-13
E3_SITE_13,3.60555127546406,5,2,V,10,121.252246754176,7.49506363692645e-13
E3_SITE_13,3.60555127546406,5,2,V,1,120.476760722722,8.96032841421687e-13
E3_SITE_13,3.60555127546406,5,2,V,0.1,119.6897123067,1.07406055987034e-12
E3_SITE_13,3.60555127546406,5,2,V,0.01,118.902662954782,1.28745988041934e-12
E3_SITE_13,3.60555127546406,5,2,V,0.005,118.665736891189,1.3596474448968e-12
E3_SITE_13,3.60555127546406,50,1,H,50,121.813932112805,6.5857734769449e-13
E3_SITE_13,3.60555127546406,50,1,H,20,121.445184877542,7.16937855153488e-13
E3_SITE_13,3.60555127546406,50,1,H,10,121.252246754176,7.49506363692645e-13
E3_SITE_13,3.60555127546406,50,1,H,1,120.476760722722,8.96032841421687e-13
E3_SITE_13,3.60555127546406,50,1,H,0.1,119.6897123067,1.07406055987034e-12
E3_SITE_13,3.60555127546406,50,1,H,0.01,118.902662954782,1.28745988041934e-12
E3_SITE_13,3.60555127546406,50,1,H,0.005,118.665736891189,1.3596474448968e-12
E3_SITE_13,3.60555127546406,50,2,V,50,121.813932112805,6.5857734769449e-13
E3_SITE_13,3.60555127546406,50,2,V,20,121.445184877542,7.16937855153488e-13
E3_SITE_13,3.60555127546406,50,2,V,10,121.252246754176,7.49506363692645e-13
E3_SITE_13,3.60555127546406,50,2,V,1,120.476760722722,8.96032841421687e-13
E3_SITE_13,3.60555127546406,50,2,V,0.1,119.6897123067,1.07406055987034e-12
E3_SITE_13,3.60555127546406,50,2,V,0.01,118.902662954782,1.28745988041934e-12
E3_SITE_13,3.60555127546406,50,2,V,0.005,118.665736891189,1.3596474448968e-12
E3_SITE_13,3.60555127546406,200,1,H,50,121.813932112805,6.5857734769449e-13
E3_SITE_13,3.60555127546406,200,1,H,20,121.445184877542,7.16937855153488e-13
E3_SITE_13,3.60555127546406,200,1,H,10,121.252246754176,7.49506363692645e-13
E3_SITE_13,3.60555127546406,200,1,H,1,120.476760722722,8.96032841421687e-13
E3_SITE_13,3.60555127546406,200,1,H,0.1,119.6897123067,1.07406055987034e-12
E3_SITE_13,3.60555127546406,200,1,H,0.01,118.902662954782,1.28745988041934e-12
E3_SITE_13,3.60555127546406,200,1,H,0.005,118.665736891189,1.3596474448968e-12
E3_SITE_13,3.60555127546406,200,2,V,50,121.813932112805,6.5857734769449e-13
E3_SITE_13,3.60555127546406,200,2,V,20,121.445184877542,7.16937855153488e-13
E3_SITE_13,3.60555127546406,200,2,V,10,121.252246754176,7.49506363692645e-13
E3_SITE_13,3.60555127546406,200,2,V,1,120.476760722722,8.96032841421687e-13
E3_SITE_13,3.60555127546406,200,2,V,0.1,119.6897123067,1.07406055987034e-12
E3_SITE_13,3.60555127546406,200,2,V,0.01,118.902662954782,1.28745988041934e-12
E3_SITE_13,3.60555127546406,200,2,V,0.005,118.665736891189,1.3596474448968e-12
E3_SITE_14,2.64575131106423,5,1,H,50,119.112915913129,1.22661538810812e-12
E3_SITE_14,2.64575131106423,5,1,H,20,118.830879479244,1.3089168305794e-12
E3_SITE_14,2.64575131106423,5,1,H,10,118.683310697308,1.35415672313926e-12
E3_SITE_14,2.64575131106423,5,1,H,1,118.08602979391,1.55380681026363e-12
E3_SITE_14,2.64575131106423,5,1,H,0.1,117.48161273632,1.78582429253221e-12
E3_SITE_14,2.64575131106423,5,1,H,0.01,116.877194367229,2.0524877004084e-12
E3_SITE_14,2.64575131106423,5,1,H,0.005,116.695245418589,2.14030397537936e-12
E3_SITE_14,2.64575131106423,5,2,V,50,119.112915913129,1.22661538810812e-12
E3_SITE_14,2.64575131106423,5,2,V,20,118.830879479244,1.3089168305794e-12
E3_SITE_14,2.64575131106423,5,2,V,10,118.683310697308,1.35415672313926e-12
E3_SITE_14,2.64575131106423,5,2,V,1,118.08602979391,1.55380681026363e-12
E3_SITE_14,2.64575131106423,5,2,V,0.1,117.48161273632,1.78582429253221e-12
E3_SITE_14,2.64575131106423,5,2,V,0.01,116.877194367229,2.0524877004084e-12
E3_SITE_14,2.64575131106423,5,2,V,0.005,116.695245418589,2.14030397537936e-12
E3_SITE_14,2.64575131106423,50,1,H,50,119.112915913129,1.22661538810812e-12
E3_SITE_14,2.64575131106423,50,1,H,20,118.830879479244,1.3089168305794e-12
E3_SITE_14,2.64575131106423,50,1,H,10,118.683310697308,1.35415672313926e-12
E3_SITE_14,2.64575131106423,50,1,H,1,118.08602979391,1.55380681026363e-12
E3_SITE_14,2.64575131106423,50,1,H,0.1,117.48161273632,1.78582429253221e-12
E3_SITE_14,2.64575131106423,50,1,H,0.01,116.877194367229,2.0524877004084e-12
E3_SITE_14,2.64575131106423,50,1,H,0.005,116.695245418589,2.14030397537936e-12
E3_SITE_14,2.64575131106423,50,2,V,50,119.112915913129,1.22661538810812e-12
E3_SITE_14,2.64575131106423,50,2,V,20,118.830879479244,1.3089168305794e-12
E3_SITE_14,2.64575131106423,50,2,V,10,118.683310697308,1.35415672313926e-12
E3_SITE_14,2.64575131106423,50,2,V,1,118.08602979391,1.55380681026363e-12
E3_SITE_14,2.64575131106423,50,2,V,0.1,117.48161273632,1.78582429253221e-12
E3_SITE_14,2.64575131106423,50,2,V,0.01,116.877194367229,2.0524877004084e-12
E3_SITE_14,2.64575131106423,50,2,V,0.005,116.695245418589,2.14030397537936e-12
E3_SITE_14,2.64575131106423,200,1,H,50,119.112915913129,1.22661538810812e-12
E3_SITE_14,2.64575131106423,200,1,H,20,118.830879479244,1.3089168305794e-12
E3_SITE_14,2.64575131106423,200,1,H,10,118.683310697308,1.35415672313926e-12
E3_SITE_14,2.64575131106423,200,1,H,1,118.08602979391,1.55380681026363e-12
E3_SITE_14,2.64575131106423,200,1,H,0.1,117.48161273632,1.78582429253221e-12
E3_SITE_14,2.64575131106423,200,1,H,0.01,116.877194367229,2.0524877004084e-12
E3_SITE_14,2.64575131106423,200,1,H,0.005,116.695245418589,2.14030397537936e-12
E3_SITE_14,2.64575131106423,200,2,V,50,119.112915913129,1.22661538810812e-12
E3_SITE_14,2.64575131106423,200,2,V,20,118.830879479244,1.3089168305794e-12
E3_SITE_14,2.64575131106423,200,2,V,10,118.683310697308,1.35415672313926e-12
E3_SITE_14,2.64575131106423,200,2,V,1,118.08602979391,1.55380681026363e-12
E3_SITE_14,2.64575131106423,200,2,V,0.1,117.48161273632,1.78582429253221e-12
E3_SITE_14,2.64575131106423,200,2,V,0.01,116.877194367229,2.0524877004084e-12
E3_SITE_14,2.64575131106423,200,2,V,0.005,116.695245418589,2.14030397537936e-12
E3_SITE_15,3.12249899920005,5,1,H,50,120.562134710459,8.78590552451558e-13
E3_SITE_15,3.12249899920005,5,1,H,20,120.236090026821,9.470894466312e-13
E3_SITE_15,3.12249899920005,5,1,H,10,120.065494986598,9.85032367463752e-13
E3_SITE_15,3.12249899920005,5,1,H,1,119.377402869593,1.15414324227955e-12
E3_SITE_15,3.12249899920005,5,1,H,0.1,118.680079119389,1.35516472385356e-12
E3_SITE_15,3.12249899920005,5,1,H,0.01,117.982754262155,1.59119928066518e-12
E3_SITE_15,3.12249899920005,5,1,H,0.005,117.772837833258,1.6699990214695e-12
E3_SITE_15,3.12249899920005,5,2,V,50,120.562134710459,8.78590552451558e-13
E3_SITE_15,3.12249899920005,5,2,V,20,120.236090026821,9.470894466312e-13
E3_SITE_15,3.12249899920005,5,2,V,10,120.065494986598,9.85032367463752e-13
E3_SITE_15,3.12249899920005,5,2,V,1,119.377402869593,1.15414324227955e-12
E3_SITE_15,3.12249899920005,5,2,V,0.1,118.680079119389,1.35516472385356e-12
E3_SITE_15,3.12249899920005,5,2,V,0.01,117.982754262155,1.59119928066518e-12
E3_SITE_15,3.12249899920005,5,2,V,0.005,117.772837833258,1.6699990214695e-12
E3_SITE_15,3.12249899920005,50,1,H,50,120.562134710459,8.78590552451558e-13
E3_SITE_15,3.12249899920005,50,1,H,20,120.236090026821,9.470894466312e-13
E3_SITE_15,3.12249899920005,50,1,H,10,120.065494986598,9.85032367463752e-13
E3_SITE_15,3.12249899920005,50,1,H,1,119.377402869593,1.15414324227955e-12
E3_SITE_15,3.12249899920005,50,1,H,0.1,118.680079119389,1.35516472385356e-12
E3_SITE_15,3.12249899920005,50,1,H,0.01,117.982754262155,1.59119928066518e-12
E3_SITE_15,3.12249899920005,50,1,H,0.005,117.772837833258,1.6699990214695e-12
E3_SITE_15,3.12249899920005,50,2,V,50,120.562134710459,8.78590552451558e-13
E3_SITE_15,3.12249899920005,50,2,V,20,120.236090026821,9.470894466312e-13
E3_SITE_15,3.12249899920005,50,2,V,10,120.065494986598,9.85032367463752e-13
E3_SITE_15,3.12249899920005,50,2,V,1,119.377402869593,1.15414324227955e-12
E3_SITE_15,3.12249899920005,50,2,V,0.1,118.680079119389,1.35516472385356e-12
E3_SITE_15,3.12249899920005,50,2,V,0.01,117.982754262155,1.59119928066518e-12
E3_SITE_15,3.12249899920005,50,2,V,0.005,117.772837833258,1.6699990214695e-12
E3_SITE_15,3.12249899920005,200,1,H,50,120.562134710459,8.78590552451558e-13
E3_SITE_15,3.12249899920005,200,1,H,20,120.236090026821,9.470894466312e-13
E3_SITE_15,3.12249899920005,200,1,H,10,120.065494986598,9.85032367463752e-13
E3_SITE_15,3.12249899920005,200,1,H,1,119.377402869593,1.15414324227955e-12
E3_SITE_15,3.12249899920005,200,1,H,0.1,118.680079119389,1.35516472385356e-12
E3_SITE_15,3.12249899920005,200,1,H,0.01,117.982754262155,1.59119928066518e-12
E3_SITE_15,3.12249899920005,200,1,H,0.005,117.772837833258,1.6699990214695e-12
E3_SITE_15,3.12249899920005,200,2,V,50,120.562134710459,8.78590552451558e-13
E3_SITE_15,3.12249899920005,200,2,V,20,120.236090026821,9.470894466312e-13
E3_SITE_15,3.12249899920005,200,2,V,10,120.065494986598,9.85032367463752e-13
E3_SITE_15,3.12249899920005,200,2,V,1,119.377402869593,1.15414324227955e-12
E3_SITE_15,3.12249899920005,200,2,V,0.1,118.680079119389,1.35516472385356e-12
E3_SITE_15,3.12249899920005,200,2,V,0.01,117.982754262155,1.59119928066518e-12
E3_SITE_15,3.12249899920005,200,2,V,0.005,117.772837833258,1.6699990214695e-12
E3_SITE_16,2.29128784747654,5,1,H,50,117.856284606679,1.63821741862915e-12
E3_SITE_16,2.29128784747654,5,1,H,20,117.608220398658,1.73451460134289e-12
E3_SITE_16,2.29128784747654,5,1,H,10,117.478426766875,1.7871348477676e-12
E3_SITE_16,2.29128784747654,5,1,H,1,116.951732388245,2.01756140368069e-12
E3_SITE_16,2.29128784747654,5,1,H,0.1,116.419320055812,2.28069911699735e-12
E3_SITE_16,2.29128784747654,5,1,H,0.01,115.886906227883,2.57815709794709e-12
E3_SITE_16,2.29128784747654,5,1,H,0.005,115.726632659068,2.67507975166939e-12
E3_SITE_16,2.29128784747654,5,2,V,50,117.856284606679,1.63821741862915e-12
E3_SITE_16,2.29128784747654,5,2,V,20,117.608220398658,1.73451460134289e-12
E3_SITE_16,2.29128784747654,5,2,V,10,117.478426766875,1.7871348477676e-12
E3_SITE_16,2.29128784747654,5,2,V,1,116.951732388245,2.01756140368069e-12
E3_SITE_16,2.29128784747654,5,2,V,0.1,116.419320055812,2.28069911699735e-12
E3_SITE_16,2.29128784747654,5,2,V,0.01,115.886906227883,2.57815709794709e-12
E3_SITE_16,2.29128784747654,5,2,V,0.005,115.726632659068,2.67507975166939e-12
E3_SITE_16,2.29128784747654,50,1,H,50,117.856284606679,1.63821741862915e-12
E3_SITE_16,2.29128784747654,50,1,H,20,117.608220398658,1.73451460134289e-12
E3_SITE_16,2.29128784747654,50,1,H,10,117.478426766875,1.7871348477676e-12
E3_SITE_16,2.29128784747654,50,1,H,1,116.951732388245,2.01756140368069e-12
E3_SITE_16,2.29128784747654,50,1,H,0.1,116.419320055812,2.28069911699735e-12
E3_SITE_16,2.29128784747654,50,1,H,0.01,115.886906227883,2.57815709794709e-12
E3_SITE_16,2.29128784747654,50,1,H,0.005,115.726632659068,2.67507975166939e-12
E3_SITE_16,2.29128784747654,50,2,V,50,117.856284606679,1.63821741862915e-12
E3_SITE_16,2.29128784747654,50,2,V,20,117.608220398658,1.73451460134289e-12
E3_SITE_16,2.29128784747654,50,2,V,10,117.478426766875,1.7871348477676e-12
E3_SITE_16,2.29128784747654,50,2,V,1,116.951732388245,2.01756140368069e-12
E3_SITE_16,2.29128784747654,50,2,V,0.1,116.419320055812,2.28069911699735e-12
E3_SITE_16,2.29128784747654,50,2,V,0.01,115.886906227883,2.57815709794709e-12
E3_SITE_16,2.29128784747654,50,2,V,0.005,115.726632659068,2.67507975166939e-12
E3_SITE_16,2.29128784747654,200,1,H,50,117.856284606679,1.63821741862915e-12
E3_SITE_16,2.29128784747654,200,1,H,20,117.608220398658,1.73451460134289e-12
E3_SITE_16,2.29128784747654,200,1,H,10,117.478426766875,1.7871348477676e-12
E3_SITE_16,2.29128784747654,200,1,H,1,116.951732388245,2.01756140368069e-12
E3_SITE_16,2.29128784747654,200,1,H,0.1,116.419320055812,2.28069911699735e-12
E3_SITE_16,2.29128784747654,200,1,H,0.01,115.886906227883,2.57815709794709e-12
E3_SITE_16,2.29128784747654,200,1,H,0.005,115.726632659068,2.67507975166939e-12
E3_SITE_16,2.29128784747654,200,2,V,50,117.856284606679,1.63821741862915e-12
E3_SITE_16,2.29128784747654,200,2,V,20,117.608220398658,1.73451460134289e-12
E3_SITE_16,2.29128784747654,200,2,V,10,117.478426766875,1.7871348477676e-12
E3_SITE_16,2.29128784747654,200,2,V,1,116.951732388245,2.01756140368069e-12
E3_SITE_16,2.29128784747654,200,2,V,0.1,116.419320055812,2.28069911699735e-12
E3_SITE_16,2.29128784747654,200,2,V,0.01,115.886906227883,2.57815709794709e-12
E3_SITE_16,2.29128784747654,200,2,V,0.005,115.726632659068,2.67507975166939e-12
E3_SITE_17,2.64575131106423,5,1,H,50,162.183591456292,6.04840486952659e-17
E3_SITE_17,2.64575131106423,5,1,H,20,161.940123993172,6.39716571004807e-17
E3_SITE_17,2.64575131106423,5,1,H,10,161.757739594946,6.67153917466136e-17
E3_SITE_17,2.64575131106423,5,1,H,1,161.164725964078,7.64763942835159e-17
E3_SITE_17,2.64575131106423,5,1,H,0.1,160.572207459625,8.76555166855824e-17
E3_SITE_17,2.64575131106423,5,1,H,0.01,159.979677861568,1.00469031053404e-16
E3_SITE_17,2.64575131106423,5,1,H,0.005,159.801301127382,1.04681487988067e-16
E3_SITE_17,2.64575131106423,5,2,V,50,162.183591456292,6.04840486952659e-17
E3_SITE_17,2.64575131106423,5,2,V,20,161.940123993172,6.39716571004807e-17
E3_SITE_17,2.64575131106423,5,2,V,10,161.757739594946,6.67153917466136e-17
E3_SITE_17,2.64575131106423,5,2,V,1,161.164725964078,7.64763942835159e-17
E3_SITE_17,2.64575131106423,5,2,V,0.1,160.572207459625,8.76555166855824e-17
E3_SITE_17,2.64575131106423,5,2,V,0.01,159.979677861568,1.00469031053404e-16
E3_SITE_17,2.64575131106423,5,2,V,0.005,159.801301127382,1.04681487988067e-16
E3_SITE_17,2.64575131106423,50,1,H,50,162.183591456292,6.04840486952659e-17
E3_SITE_17,2.64575131106423,50,1,H,20,161.940123993172,6.39716571004807e-17
E3_SITE_17,2.64575131106423,50,1,H,10,161.757739594946,6.67153917466136e-17
E3_SITE_17,2.64575131106423,50,1,H,1,161.164725964078,7.64763942835159e-17
E3_SITE_17,2.64575131106423,50,1,H,0.1,160.572207459625,8.76555166855824e-17
E3_SITE_17,2.64575131106423,50,1,H,0.01,159.979677861568,1.00469031053404e-16
E3_SITE_17,2.64575131106423,50,1,H,0.005,159.801301127382,1.04681487988067e-16
E3_SITE_17,2.64575131106423,50,2,V,50,162.183591456292,6.04840486952659e-17
E3_SITE_17,2.64575131106423,50,2,V,20,161.940123993172,6.39716571004807e-17
E3_SITE_17,2.64575131106423,50,2,V,10,161.757739594946,6.67153917466136e-17
E3_SITE_17,2.64575131106423,50,2,V,1,161.164725964078,7.64763942835159e-17
E3_SITE_17,2.64575131106423,50,2,V,0.1,160.572207459625,8.76555166855824e-17
E3_SITE_17,2.64575131106423,50,2,V,0.01,159.979677861568,1.00469031053404e-16
E3_SITE_17,2.64575131106423,50,2,V,0.005,159.801301127382,1.04681487988067e-16
E3_SITE_17,2.64575131106423,200,1,H,50,162.183591456292,6.04840486952659e-17
E3_SITE_17,2.64575131106423,200,1,H,20,161.940123993172,6.39716571004807e-17
E3_SITE_17,2.64575131106423,200,1,H,10,161.757739594946,6.67153917466136e-17
E3_SITE_17,2.64575131106423,200,1,H,1,161.164725964078,7.64763942835159e-17
E3_SITE_17,2.64575131106423,200,1,H,0.1,160.572207459625,8.76555166855824e-17
E3_SITE_17,2.64575131106423,200,1,H,0.01,159.979677861568,1.00469031053404e-16
E3_SITE_17,2.64575131106423,200,1,H,0.005,159.801301127382,1.04681487988067e-16
E3_SITE_17,2.64575131106423,200,2,V,50,162.183591456292,6.04840486952659e-17
E3_SITE_17,2.64575131106423,200,2,V,20,161.940123993172,6.39716571004807e-17
E3_SITE_17,2.64575131106423,200,2,V,10,161.757739594946,6.67153917466136e-17
E3_SITE_17,2.64575131106423,200,2,V,1,161.164725964078,7.64763942835159e-17
E3_SITE_17,2.64575131106423,200,2,V,0.1,160.572207459625,8.76555166855824e-17
E3_SITE_17,2.64575131106423,200,2,V,0.01,159.979677861568,1.00469031053404e-16
E3_SITE_17,2.64575131106423,200,2,V,0.005,159.801301127382,1.04681487988067e-16
E3_SITE_18,2.2912878474776,5,1,H,50,117.863252559341,1.6355911202325e-12
E3_SITE_18,2.2912878474776,5,1,H,20,117.615188351318,1.73173392469782e-12
E3_SITE_18,2.2912878474776,5,1,H,10,117.485394719533,1.78426981329238e-12
E3_SITE_18,2.2912878474776,5,1,H,1,116.958700340829,2.01432696229369e-12
E3_SITE_18,2.2912878474776,5,1,H,0.1,116.426288007663,2.27704282835762e-12
E3_SITE_18,2.2912878474776,5,1,H,0.01,115.89387417421,2.57402394466484e-12
E3_SITE_18,2.2912878474776,5,1,H,0.005,115.73360060041,2.6707912206242e-12
E3_SITE_18,2.2912878474776,5,2,V,50,117.863252559341,1.6355911202325e-12
E3_SITE_18,2.2912878474776,5,2,V,20,117.615188351318,1.73173392469782e-12
E3_SITE_18,2.2912878474776,5,2,V,10,117.485394719533,1.78426981329238e-12
E3_SITE_18,2.2912878474776,5,2,V,1,116.958700340829,2.01432696229369e-12
E3_SITE_18,2.2912878474776,5,2,V,0.1,116.426288007663,2.27704282835762e-12
E3_SITE_18,2.2912878474776,5,2,V,0.01,115.89387417421,2.57402394466484e-12
E3_SITE_18,2.2912878474776,5,2,V,0.005,115.73360060041,2.6707912206242e-12
E3_SITE_18,2.2912878474776,50,1,H,50,117.863252559341,1.6355911202325e-12
E3_SITE_18,2.2912878474776,50,1,H,20,117.615188351318,1.73173392469782e-12
E3_SITE_18,2.2912878474776,50,1,H,10,117.485394719533,1.78426981329238e-12
E3_SITE_18,2.2912878474776,50,1,H,1,116.958700340829,2.01432696229369e-12
E3_SITE_18,2.2912878474776,50,1,H,0.1,116.426288007663,2.27704282835762e-12
E3_SITE_18,2.2912878474776,50,1,H,0.01,115.89387417421,2.57402394466484e-12
E3_SITE_18,2.2912878474776,50,1,H,0.005,115.73360060041,2.6707912206242e-12
E3_SITE_18,2.2912878474776,50,2,V,50,117.863252559341,1.6355911202325e-12
E3_SITE_18,2.2912878474776,50,2,V,20,117.615188351318,1.73173392469782e-12
E3_SITE_18,2.2912878474776,50,2,V,10,117.485394719533,1.78426981329238e-12
E3_SITE_18,2.2912878474776,50,2,V,1,116.958700340829,2.01432696229369e-12
E3_SITE_18,2.2912878474776,50,2,V,0.1,116.426288007663,2.27704282835762e-12
E3_SITE_18,2.2912878474776,50,2,V,0.01,115.89387417421,2.57402394466484e-12
E3_SITE_18,2.2912878474776,50,2,V,0.005,115.73360060041,2.6707912206242e-12
E3_SITE_18,2.2912878474776,200,1,H,50,117.863252559341,1.6355911202325e-12
E3_SITE_18,2.2912878474776,200,1,H,20,117.615188351318,1.73173392469782e-12
E3_SITE_18,2.2912878474776,200,1,H,10,117.485394719533,1.78426981329238e-12
E3_SITE_18,2.2912878474776,200,1,H,1,116.958700340829,2.01432696229369e-12
E3_SITE_18,2.2912878474776,200,1,H,0.1,116.426288007663,2.27704282835762e-12
E3_SITE_18,2.2912878474776,200,1,H,0.01,115.89387417421,2.57402394466484e-12
E3_SITE_18,2.2912878474776,200,1,H,0.005,115.73360060041,2.6707912206242e-12
E3_SITE_18,2.2912878474776,200,2,V,50,117.863252559341,1.6355911202325e-12
E3_SITE_18,2.2912878474776,200,2,V,20,117.615188351318,1.73173392469782e-12
E3_SITE_18,2.2912878474776,200,2,V,10,117.485394719533,1.78426981329238e-12
E3_SITE_18,2.2912878474776,200,2,V,1,116.958700340829,2.01432696229369e-12
E3_SITE_18,2.2912878474776,200,2,V,0.1,116.426288007663,2.27704282835762e-12
E3_SITE_18,2.2912878474776,200,2,V,0.01,115.89387417421,2.57402394466484e-12
E3_SITE_18,2.2912878474776,200,2,V,0.005,115.73360060041,2.6707912206242e-12
E3_SITE_19,1.99999999999875,5,1,H,50,116.68059257543,2.14753743224447e-12
E3_SITE_19,1.99999999999875,5,1,H,20,116.461273131842,2.25877351496491e-12
E3_SITE_19,1.99999999999875,5,1,H,10,116.346519506734,2.31925258499733e-12
E3_SITE_19,1.99999999999875,5,1,H,1,115.879867915596,2.58233872754871e-12
E3_SITE_19,1.99999999999875,5,1,H,0.1,115.408567625315,2.87834758461134e-12
E3_SITE_19,1.99999999999875,5,1,H,0.01,114.937265655311,3.20828864695486e-12
E3_SITE_19,1.99999999999875,5,1,H,0.005,114.795388439828,3.31482920131189e-12
E3_SITE_19,1.99999999999875,5,2,V,50,116.68059257543,2.14753743224447e-12
E3_SITE_19,1.99999999999875,5,2,V,20,116.461273131842,2.25877351496491e-12
E3_SITE_19,1.99999999999875,5,2,V,10,116.346519506734,2.31925258499733e-12
E3_SITE_19,1.99999999999875,5,2,V,1,115.879867915596,2.58233872754871e-12
E3_SITE_19,1.99999999999875,5,2,V,0.1,115.408567625315,2.87834758461134e-12
E3_SITE_19,1.99999999999875,5,2,V,0.01,114.937265655311,3.20828864695486e-12
E3_SITE_19,1.99999999999875,5,2,V,0.005,114.795388439828,3.31482920131189e-12
E3_SITE_19,1.99999999999875,50,1,H,50,116.68059257543,2.14753743224447e-12
E3_SITE_19,1.99999999999875,50,1,H,20,116.461273131842,2.25877351496491e-12
E3_SITE_19,1.99999999999875,50,1,H,10,116.346519506734,2.31925258499733e-12
E3_SITE_19,1.99999999999875,50,1,H,1,115.879867915596,2.58233872754871e-12
E3_SITE_19,1.99999999999875,50,1,H,0.1,115.408567625315,2.87834758461134e-12
E3_SITE_19,1.99999999999875,50,1,H,0.01,114.937265655311,3.20828864695486e-12
E3_SITE_19,1.99999999999875,50,1,H,0.005,114.795388439828,3.31482920131189e-12
E3_SITE_19,1.99999999999875,50,2,V,50,116.68059257543,2.14753743224447e-12
E3_SITE_19,1.99999999999875,50,2,V,20,116.461273131842,2.25877351496491e-12
E3_SITE_19,1.99999999999875,50,2,V,10,116.346519506734,2.31925258499733e-12
E3_SITE_19,1.99999999999875,50,2,V,1,115.879867915596,2.58233872754871e-12
E3_SITE_19,1.99999999999875,50,2,V,0.1,115.408567625315,2.87834758461134e-12
E3_SITE_19,1.99999999999875,50,2,V,0.01,114.937265655311,3.20828864695486e-12
E3_SITE_19,1.99999999999875,50,2,V,0.005,114.795388439828,3.31482920131189e-12
E3_SITE_19,1.99999999999875,200,1,H,50,116.68059257543,2.14753743224447e-12
E3_SITE_19,1.99999999999875,200,1,H,20,116.461273131842,2.25877351496491e-12
E3_SITE_19,1.99999999999875,200,1,H,10,116.346519506734,2.31925258499733e-12
E3_SITE_19,1.99999999999875,200,1,H,1,115.879867915596,2.58233872754871e-12
E3_SITE_19,1.99999999999875,200,1,H,0.1,115.408567625315,2.87834758461134e-12
E3_SITE_19,1.99999999999875,200,1,H,0.01,114.937265655311,3.20828864695486e-12
E3_SITE_19,1.99999999999875,200,1,H,0.005,114.795388439828,3.31482920131189e-12
E3_SITE_19,1.99999999999875,200,2,V,50,116.68059257543,2.14753743224447e-12
E3_SITE_19,1.99999999999875,200,2,V,20,116.461273131842,2.25877351496491e-12
E3_SITE_19,1.99999999999875,200,2,V,10,116.346519506734,2.31925258499733e-12
E3_SITE_19,1.99999999999875,200,2,V,1,115.879867915596,2.58233872754871e-12
E3_SITE_19,1.99999999999875,200,2,V,0.1,115.408567625315,2.87834758461134e-12
E3_SITE_19,1.99999999999875,200,2,V,0.01,114.937265655311,3.20828864695486e-12
E3_SITE_19,1.99999999999875,200,2,V,0.005,114.795388439828,3.31482920131189e-12
