pass_slot,interval_index,interval_seconds,chosen_action_class,pre_repair_floor_violation_count,candidate_floor_violation_count,candidate_long_violation_seconds,candidate_short_violation_seconds,mutable_sector_count,mutable_sectors,critical_serving_sectors,external_backoff_sectors,eess_backoff_sectors,scalar_backoff_sectors,strict_local_scope_gate,changed_sector_count,changed_sectors,changed_sector_equivalent_scales,muted_sector_count,muted_sectors,changed_stream_count,changed_streams,maximum_critical_q0_nominal_power_envelope_ratio,maximum_critical_strict_post_mode_baseline_power_ratio,q0_power_headroom_used,candidate_stream_scale_sha256
0,0,5,SPARSE_LOCAL_STREAM_POWER_REPAIR,1,0,0,0,5,0;5;10;26;51,5,10;26,0;51,0;10;26;51,PASS,1,5,5:0.70805002800126138,0,,3,5:0:0.017489454462321686;5:1:0.70823145409572219;5:2:0,0.6960064508502765,0.7080500280012614,False,db1a745ef2d37e9fe7c8afceee255a052cbc1b41ce9611ef40c9235dd1b1aca1
0,1,5,SPARSE_LOCAL_STREAM_POWER_REPAIR,1,0,0,0,5,0;5;10;26;51,5,10;26,0;51,0;10;26;51,PASS,1,5,5:0.70802548492335737,0,,3,5:0:0.017519789284958249;5:1:0.7082068959410065;5:2:0,0.695982325237863,0.7080254849233574,False,bb8d875f5c0aada9cf4aaa7ebba5b4f88a45e590800a6b2278af2a1569536616
0,2,5,SPARSE_LOCAL_STREAM_POWER_REPAIR,1,0,0,0,5,0;5;10;26;51,5,10;26,0;51,0;10;26;51,PASS,1,5,5:0.70809709419620193,0,,3,5:0:0.017553225566675493;5:1:0.70827851888560556;5:2:0,0.6960527174589483,0.7080970941962019,False,f683fc561b24a020ebe068397c52ddbd19df04541dccc7f2aa27741c32349622
0,3,5,SPARSE_LOCAL_STREAM_POWER_REPAIR,1,0,0,0,5,0;5;10;26;51,5,10;26,0;51,0;10;26;51,PASS,1,5,5:0.70846829374464215,0,,3,5:0:0.01755141539612113;5:1:0.70864983284571204;5:2:0,0.6964176078638203,0.7084682937446422,False,3cfe1776743796f67eafcbd5ed626f32c3f06fa1de2d933a3179cd8d97a64919
0,4,5,SPARSE_LOCAL_STREAM_POWER_REPAIR,1,0,0,0,5,0;5;10;26;51,5,10;26,0;51,0;10;26;51,PASS,1,5,5:0.7090194309830975,0,,3,5:0:0.017515647256834809;5:1:0.7092011481808782;5:2:0,0.6969593800720139,0.7090194309830975,False,3a4afe9f09fc725bfbed62ac1474b5204c2aab493b6a0fcc1269c8d749356542
0,5,5,SPARSE_LOCAL_STREAM_POWER_REPAIR,1,0,0,0,5,0;5;10;26;33,5,10;26,0;33,0;10;26;33,PASS,1,5,5:0.70976762709386931,0,,3,5:0:0.017515494593860179;5:1:0.70994957403221615;5:2:0,0.6976948688004155,0.7097676270938693,False,b2dbc3a8a5dc049403bcbdef57168745e472035967255550882db8b3d4f56669
0,6,5,SPARSE_LOCAL_STREAM_POWER_REPAIR,1,0,0,0,5,5;10;12;26;51,5,10;26,12;51,10;12;26;51,PASS,1,5,5:0.71079566263113814,0,,3,5:0:0.01755248702424525;5:1:0.71097791598766213;5:2:0,0.6987054560683866,0.7107956626311381,False,bbd872c2f0c92f14587eb8877d07a45900903c6532cbe1b47f24b5f91372ba4a
0,7,5,SPARSE_LOCAL_STREAM_POWER_REPAIR,1,0,0,0,5,5;10;26;39;45,5,10;26,39;45,10;26;39;45,PASS,1,5,5:0.71224191459736308,0,,3,5:0:0.017596594391780504;5:1:0.71242460099809568;5:2:0,0.7001271842364167,0.7122419145973631,False,712666c98f12bc8974ffe8dc0ecc01adef0383c725aa278f1e10f56409103dca
0,8,5,SPARSE_LOCAL_STREAM_POWER_REPAIR,1,0,0,0,5,5;10;26;27;51,5,10;26,27;51,10;26;27;51,PASS,1,5,5:0.71428066711375937,0,,3,5:0:0.017653862272868966;5:1:0.71446396518706268;5:2:0,0.7021314112461803,0.7142806671137594,False,adb9375c8c6e31f4f3fa24897493a92ead36211d24fa29a1d20f2f80dd4dd7e1
0,9,5,SPARSE_LOCAL_STREAM_POWER_REPAIR,1,0,0,0,5,5;10;26;45;51,5,10;26,45;51,10;26;45;51,PASS,1,5,5:0.71726531453703801,0,,3,5:0:0.017652731937988241;5:1:0.71744952919460903;5:2:0,0.7050655975739267,0.717265314537038,False,1280760071d749d2e9da80bae6d25bbc3f55d4198ab3ad3a5823e282a4b3e622
0,10,5,SPARSE_LOCAL_STREAM_POWER_REPAIR,1,0,0,0,5,5;10;26;45;51,5,10;26,45;51,10;26;45;51,PASS,1,5,5:0.72151414490156163,0,,3,5:0:0.017651095083680988;5:1:0.72169966437327981;5:2:0,0.7092427732293205,0.7215141449015616,False,7807b80302294bcaa0a212aecc1dbbf00ce4bfb664b7936e200c900e6ea18bd4
0,11,5,SPARSE_LOCAL_STREAM_POWER_REPAIR,1,0,0,0,5,5;10;26;45;51,5,10;26,45;51,10;26;45;51,PASS,1,5,5:0.7275792606928182,0,,3,5:0:0.017648729552935481;5:1:0.727766642751699;5:2:0,0.715205966428762,0.7275792606928182,False,543bc95b73a35fb2cbf805dc3179079c802dbf8975c414d64e3b57b64f6fc22e
0,12,5,SPARSE_LOCAL_STREAM_POWER_REPAIR,1,0,0,0,5,0;5;10;26;51,5,10;26,0;51,0;10;26;51,PASS,1,5,5:0.73629047943944237,0,,3,5:0:0.017542110596865095;5:1:0.73648056233199466;5:2:0,0.723771528230493,0.7362904794394424,False,2f07c3938df34084940443f2720d58f2dd5e03d7868dc822d066a1755bf78497
0,13,5,SPARSE_LOCAL_STREAM_POWER_REPAIR,1,0,0,0,5,5;10;26;39;40,5,10;26,39;40,10;26;39;40,PASS,1,5,5:0.74889988138372188,0,,3,5:0:0.017505858216460123;5:1:0.749093844286293;5:2:0,0.7361715830959736,0.7488998813837219,False,1d93eb0e0b5d85f904280ff9fb8207783579d73e26f7f1685f99aea110dd8737
0,14,5,SPARSE_LOCAL_STREAM_POWER_REPAIR,1,0,0,0,5,0;5;10;26;51,5,10;26,0;51,0;10;26;51,PASS,1,5,5:0.76721146797031536,0,,3,5:0:0.017633620630564686;5:1:0.76741102049943388;5:2:0,0.7541822628411029,0.7672114679703154,False,a4a3b24e59d1cc254916f8864da2138d4bd2bb86dd310df0b6fcf912a3d55444
0,15,5,SPARSE_LOCAL_STREAM_POWER_REPAIR,1,0,0,0,5,5;10;26;40;51,5,10;26,40;51,10;26;40;51,PASS,1,5,5:0.79405812653364083,0,,3,5:0:0.017620796721178868;5:1:0.79426592348537706;5:2:0,0.7805943017529564,0.7940581265336408,False,519c2069ca9f8f8855849844a6674e55f8387e4f4eb9142a7344e8b7bf3943e2
0,16,5,SPARSE_LOCAL_STREAM_POWER_REPAIR,1,0,0,0,5,5;10;26;48;51,5,10;26,48;51,10;26;48;51,PASS,1,5,5:0.83462761143249653,0,,3,5:0:0.017605032404874325;5:1:0.83484786543277967;5:2:0,0.8205205828608876,0.8346276114324965,False,771a541ce104a9b50769b7567bb84b42c68be1bd52c0522e911b81900cb1c97a
0,17,5,SPARSE_LOCAL_STREAM_POWER_REPAIR,1,0,0,0,5,5;10;26;41;48,5,10;26,41;48,10;26;41;48,PASS,1,5,5:0.79432822472735032,0,,2,5:2:0.67796557463099572;5:3:0.89263680395306289,0.9832046189542554,0.9999999874146094,False,de9afdd16fc5ae09ec61e2fd398495ca845c600d330690dcfb68c31fe0266e5f
0,18,5,SPARSE_LOCAL_FROZEN_GRID_SECTOR_REPAIR,1,0,0,0,5,5;10;26;41;51,5,10;26,41;51,10;26;41;51,PASS,4,5;10;26;51,5:0.79432823472428149;10:0.50118723362727224;26:0.79432823472428138;51:0.63095734448019325,0,,16,5:0:0.79432823472428149;5:1:0.79432823472428149;5:2:0.79432823472428149;5:3:0.79432823472428149;10:0:0.50118723362727224;10:1:0.50118723362727224;10:2:0.50118723362727224;10:3:0.50118723362727224;26:0:0.79432823472428149;26:1:0.79432823472428149;26:2:0.79432823472428149;26:3:0.79432823472428149;51:0:0.63095734448019325;51:1:0.63095734448019325;51:2:0.63095734448019325;51:3:0.63095734448019325,0.0,0.0,False,00fe1b8b2116a1dee63cbb177f43debc0cf9c435efa106a2d0ce0c73d3250682
0,19,5,BASELINE_NOOP,0,0,0,0,0,,,,,,PASS,0,,,0,,0,,0.0,0.0,False,b16a6389b0a6260550d7a8830c1164f38e63eba033f0a08580ead58130a8fe74
0,20,5,BASELINE_NOOP,0,0,0,0,0,,,,,,PASS,0,,,0,,0,,0.0,0.0,False,99fde3f09e90131b1502cbc68288c4b0f55c8588ffd536d2338477a7d232893b
0,21,5,BASELINE_NOOP,0,0,0,0,0,,,,,,PASS,0,,,0,,0,,0.0,0.0,False,e4a9db9369af24a4f03e80ef4f46c5de415904da00fd3d7daf61e1c6c84517c1
0,22,5,BASELINE_NOOP,0,0,0,0,0,,,,,,PASS,0,,,0,,0,,0.0,0.0,False,99fde3f09e90131b1502cbc68288c4b0f55c8588ffd536d2338477a7d232893b
0,23,5,BASELINE_NOOP,0,0,0,0,0,,,,,,PASS,0,,,0,,0,,0.0,0.0,False,3c2760ae85e151d9e3ded3d059eccfd906b01e3f3db2d79aa36f1eca02672036
0,24,5,BASELINE_NOOP,0,0,0,0,0,,,,,,PASS,0,,,0,,0,,0.0,0.0,False,eb54d362d4abb8d6178bec6cdc5813a3038d8e2aa4dd16c80793a9af933d8864
0,25,5,BASELINE_NOOP,0,0,0,0,0,,,,,,PASS,0,,,0,,0,,0.0,0.0,False,027f640ed6212ccb3b9cf93dbde1df06f1422da1db350cb9bfb82f8c9a01b806
0,26,5,BASELINE_NOOP,0,0,0,0,0,,,,,,PASS,0,,,0,,0,,0.0,0.0,False,e4a9db9369af24a4f03e80ef4f46c5de415904da00fd3d7daf61e1c6c84517c1
0,27,5,BASELINE_NOOP,0,0,0,0,0,,,,,,PASS,0,,,0,,0,,0.0,0.0,False,111a7fbcf44ffeddad6c700a73092346f29e3391689a4161435ae593457806b9
0,28,5,BASELINE_NOOP,0,0,0,0,0,,,,,,PASS,0,,,0,,0,,0.0,0.0,False,111a7fbcf44ffeddad6c700a73092346f29e3391689a4161435ae593457806b9
0,29,5,BASELINE_NOOP,0,0,0,0,0,,,,,,PASS,0,,,0,,0,,0.0,0.0,False,111a7fbcf44ffeddad6c700a73092346f29e3391689a4161435ae593457806b9
0,30,5,BASELINE_NOOP,0,0,0,0,0,,,,,,PASS,0,,,0,,0,,0.0,0.0,False,d0e8b24a562d12b55a2b4d52a99a05d338726522e4c3ec896cf7163f08b91f14
0,31,5,BASELINE_NOOP,0,0,0,0,0,,,,,,PASS,0,,,0,,0,,0.0,0.0,False,d0e8b24a562d12b55a2b4d52a99a05d338726522e4c3ec896cf7163f08b91f14
0,32,5,BASELINE_NOOP,0,0,0,0,0,,,,,,PASS,0,,,0,,0,,0.0,0.0,False,d0e8b24a562d12b55a2b4d52a99a05d338726522e4c3ec896cf7163f08b91f14
0,33,5,BASELINE_NOOP,0,0,0,0,0,,,,,,PASS,0,,,0,,0,,0.0,0.0,False,111a7fbcf44ffeddad6c700a73092346f29e3391689a4161435ae593457806b9
0,34,5,BASELINE_NOOP,0,0,0,0,0,,,,,,PASS,0,,,0,,0,,0.0,0.0,False,f1519a1a762b0ac94d202c5c85439c596e14cdc809768ac8b6e1a6fded6c67a6
0,35,5,BASELINE_NOOP,0,0,0,0,0,,,,,,PASS,0,,,0,,0,,0.0,0.0,False,6a568ef866a5fb6a470b0391c895b5cc2d18aeecc3b5afc9b50e07abcc938788
0,36,5,BASELINE_NOOP,0,0,0,0,0,,,,,,PASS,0,,,0,,0,,0.0,0.0,False,99fde3f09e90131b1502cbc68288c4b0f55c8588ffd536d2338477a7d232893b
0,37,5,BASELINE_NOOP,0,0,0,0,0,,,,,,PASS,0,,,0,,0,,0.0,0.0,False,6a568ef866a5fb6a470b0391c895b5cc2d18aeecc3b5afc9b50e07abcc938788
0,38,5,BASELINE_NOOP,0,0,0,0,0,,,,,,PASS,0,,,0,,0,,0.0,0.0,False,99fde3f09e90131b1502cbc68288c4b0f55c8588ffd536d2338477a7d232893b
0,39,5,BASELINE_NOOP,0,0,0,0,0,,,,,,PASS,0,,,0,,0,,0.0,0.0,False,f1519a1a762b0ac94d202c5c85439c596e14cdc809768ac8b6e1a6fded6c67a6
0,40,5,BASELINE_NOOP,0,0,0,0,0,,,,,,PASS,0,,,0,,0,,0.0,0.0,False,e4a9db9369af24a4f03e80ef4f46c5de415904da00fd3d7daf61e1c6c84517c1
0,41,5,BASELINE_NOOP,0,0,0,0,0,,,,,,PASS,0,,,0,,0,,0.0,0.0,False,e4a9db9369af24a4f03e80ef4f46c5de415904da00fd3d7daf61e1c6c84517c1
0,42,5,BASELINE_NOOP,0,0,0,0,0,,,,,,PASS,0,,,0,,0,,0.0,0.0,False,2efc081ce46d8ea0413074ed11299119d8458958d3ce74dabb8676d9553b393c
0,43,5,BASELINE_NOOP,0,0,0,0,0,,,,,,PASS,0,,,0,,0,,0.0,0.0,False,e4a9db9369af24a4f03e80ef4f46c5de415904da00fd3d7daf61e1c6c84517c1
0,44,5,BASELINE_NOOP,0,0,0,0,0,,,,,,PASS,0,,,0,,0,,0.0,0.0,False,2efc081ce46d8ea0413074ed11299119d8458958d3ce74dabb8676d9553b393c
0,45,5,BASELINE_NOOP,0,0,0,0,0,,,,,,PASS,0,,,0,,0,,0.0,0.0,False,e4a9db9369af24a4f03e80ef4f46c5de415904da00fd3d7daf61e1c6c84517c1
0,46,5,BASELINE_NOOP,0,0,0,0,0,,,,,,PASS,0,,,0,,0,,0.0,0.0,False,2efc081ce46d8ea0413074ed11299119d8458958d3ce74dabb8676d9553b393c
0,47,5,BASELINE_NOOP,0,0,0,0,0,,,,,,PASS,0,,,0,,0,,0.0,0.0,False,2efc081ce46d8ea0413074ed11299119d8458958d3ce74dabb8676d9553b393c
0,48,5,BASELINE_NOOP,0,0,0,0,0,,,,,,PASS,0,,,0,,0,,0.0,0.0,False,2efc081ce46d8ea0413074ed11299119d8458958d3ce74dabb8676d9553b393c
0,49,5,BASELINE_NOOP,0,0,0,0,0,,,,,,PASS,0,,,0,,0,,0.0,0.0,False,e4a9db9369af24a4f03e80ef4f46c5de415904da00fd3d7daf61e1c6c84517c1
0,50,5,BASELINE_NOOP,0,0,0,0,0,,,,,,PASS,0,,,0,,0,,0.0,0.0,False,e4a9db9369af24a4f03e80ef4f46c5de415904da00fd3d7daf61e1c6c84517c1
0,51,5,BASELINE_NOOP,0,0,0,0,0,,,,,,PASS,0,,,0,,0,,0.0,0.0,False,2efc081ce46d8ea0413074ed11299119d8458958d3ce74dabb8676d9553b393c
0,52,5,BASELINE_NOOP,0,0,0,0,0,,,,,,PASS,0,,,0,,0,,0.0,0.0,False,f1519a1a762b0ac94d202c5c85439c596e14cdc809768ac8b6e1a6fded6c67a6
0,53,5,BASELINE_NOOP,0,0,0,0,0,,,,,,PASS,0,,,0,,0,,0.0,0.0,False,e4a9db9369af24a4f03e80ef4f46c5de415904da00fd3d7daf61e1c6c84517c1
0,54,5,BASELINE_NOOP,0,0,0,0,0,,,,,,PASS,0,,,0,,0,,0.0,0.0,False,e4a9db9369af24a4f03e80ef4f46c5de415904da00fd3d7daf61e1c6c84517c1
0,55,5,BASELINE_NOOP,0,0,0,0,0,,,,,,PASS,0,,,0,,0,,0.0,0.0,False,f1519a1a762b0ac94d202c5c85439c596e14cdc809768ac8b6e1a6fded6c67a6
0,56,5,BASELINE_NOOP,0,0,0,0,0,,,,,,PASS,0,,,0,,0,,0.0,0.0,False,85fff04f091e1ed3f751ec25c7caa770c9b7a0e0d805470b50b9990f8c1948d1
0,57,5,BASELINE_NOOP,0,0,0,0,0,,,,,,PASS,0,,,0,,0,,0.0,0.0,False,583918741cdf5a684c17887ac595917aab37e225620e2d8edcb20130120097d9
0,58,5,BASELINE_NOOP,0,0,0,0,0,,,,,,PASS,0,,,0,,0,,0.0,0.0,False,583918741cdf5a684c17887ac595917aab37e225620e2d8edcb20130120097d9
0,59,5,BASELINE_NOOP,0,0,0,0,0,,,,,,PASS,0,,,0,,0,,0.0,0.0,False,583918741cdf5a684c17887ac595917aab37e225620e2d8edcb20130120097d9
0,60,5,BASELINE_NOOP,0,0,0,0,0,,,,,,PASS,0,,,0,,0,,0.0,0.0,False,f1519a1a762b0ac94d202c5c85439c596e14cdc809768ac8b6e1a6fded6c67a6
0,61,5,BASELINE_NOOP,0,0,0,0,0,,,,,,PASS,0,,,7,6;40;43;44;47;49;53,0,,0.0,0.0,False,4523c76da81702827a4c01a59c3306a2d5ad89591e4cad4078944c6e94fecc8a
0,62,5,BASELINE_NOOP,0,0,0,0,0,,,,,,PASS,0,,,0,,0,,0.0,0.0,False,232247cbf33b219e9fa03312be27f1ca90fd8f9dc542fef1dd95f08527f86dc3
0,63,5,BASELINE_NOOP,0,0,0,0,0,,,,,,PASS,0,,,0,,0,,0.0,0.0,False,f1519a1a762b0ac94d202c5c85439c596e14cdc809768ac8b6e1a6fded6c67a6
0,64,5,BASELINE_NOOP,0,0,0,0,0,,,,,,PASS,0,,,7,6;40;43;44;47;49;53,0,,0.0,0.0,False,768a8209a7a02389622049a5447d9473a4433d6a1deacd724b03f4eb5d47cc04
0,65,5,BASELINE_NOOP,0,0,0,0,0,,,,,,PASS,0,,,7,6;40;43;44;47;49;53,0,,0.0,0.0,False,768a8209a7a02389622049a5447d9473a4433d6a1deacd724b03f4eb5d47cc04
0,66,5,BASELINE_NOOP,0,0,0,0,0,,,,,,PASS,0,,,7,6;40;43;44;47;49;53,0,,0.0,0.0,False,768a8209a7a02389622049a5447d9473a4433d6a1deacd724b03f4eb5d47cc04
0,67,5,BASELINE_NOOP,0,0,0,0,0,,,,,,PASS,0,,,7,6;40;43;44;47;49;53,0,,0.0,0.0,False,768a8209a7a02389622049a5447d9473a4433d6a1deacd724b03f4eb5d47cc04
0,68,5,BASELINE_NOOP,0,0,0,0,0,,,,,,PASS,0,,,7,6;40;43;44;47;49;53,0,,0.0,0.0,False,768a8209a7a02389622049a5447d9473a4433d6a1deacd724b03f4eb5d47cc04
0,69,5,BASELINE_NOOP,0,0,0,0,0,,,,,,PASS,0,,,7,6;40;43;44;47;49;53,0,,0.0,0.0,False,768a8209a7a02389622049a5447d9473a4433d6a1deacd724b03f4eb5d47cc04
0,70,5,BASELINE_NOOP,0,0,0,0,0,,,,,,PASS,0,,,7,6;40;43;44;47;49;53,0,,0.0,0.0,False,768a8209a7a02389622049a5447d9473a4433d6a1deacd724b03f4eb5d47cc04
0,71,5,BASELINE_NOOP,0,0,0,0,0,,,,,,PASS,0,,,7,6;40;43;44;47;49;53,0,,0.0,0.0,False,768a8209a7a02389622049a5447d9473a4433d6a1deacd724b03f4eb5d47cc04
0,72,5,BASELINE_NOOP,0,0,0,0,0,,,,,,PASS,0,,,7,6;40;43;44;47;49;53,0,,0.0,0.0,False,768a8209a7a02389622049a5447d9473a4433d6a1deacd724b03f4eb5d47cc04
0,73,5,BASELINE_NOOP,0,0,0,0,0,,,,,,PASS,0,,,7,6;40;43;44;47;49;53,0,,0.0,0.0,False,768a8209a7a02389622049a5447d9473a4433d6a1deacd724b03f4eb5d47cc04
0,74,5,BASELINE_NOOP,0,0,0,0,0,,,,,,PASS,0,,,7,6;40;43;44;47;49;53,0,,0.0,0.0,False,768a8209a7a02389622049a5447d9473a4433d6a1deacd724b03f4eb5d47cc04
0,75,5,BASELINE_NOOP,0,0,0,0,0,,,,,,PASS,0,,,7,6;40;43;44;47;49;53,0,,0.0,0.0,False,768a8209a7a02389622049a5447d9473a4433d6a1deacd724b03f4eb5d47cc04
0,76,5,BASELINE_NOOP,0,0,0,0,0,,,,,,PASS,0,,,0,,0,,0.0,0.0,False,f1519a1a762b0ac94d202c5c85439c596e14cdc809768ac8b6e1a6fded6c67a6
0,77,5,BASELINE_NOOP,0,0,0,0,0,,,,,,PASS,0,,,0,,0,,0.0,0.0,False,f1519a1a762b0ac94d202c5c85439c596e14cdc809768ac8b6e1a6fded6c67a6
0,78,5,BASELINE_NOOP,0,0,0,0,0,,,,,,PASS,0,,,0,,0,,0.0,0.0,False,f1519a1a762b0ac94d202c5c85439c596e14cdc809768ac8b6e1a6fded6c67a6
0,79,5,BASELINE_NOOP,0,0,0,0,0,,,,,,PASS,0,,,0,,0,,0.0,0.0,False,f1519a1a762b0ac94d202c5c85439c596e14cdc809768ac8b6e1a6fded6c67a6
0,80,5,SPARSE_LOCAL_STREAM_POWER_REPAIR,1,0,0,0,4,5;21;26;48,5,21;26,21;48,21;26;48,PASS,1,5,5:0.50356460821752314,0,,2,5:1:0.50356386085359039;5:2:0,0.49499596272127805,0.5035646082175231,False,5c500564673eaf2ed328c9a8ea9068b784475757ceb1b977c2f9e1fe4784e605
0,81,5,SPARSE_LOCAL_STREAM_POWER_REPAIR,1,0,0,0,4,5;21;26;48,5,21;26,21;48,21;26;48,PASS,1,5,5:0.51903096716378894,0,,2,5:1:0.51903101801948659;5:2:0,0.5102046960100538,0.5190309671637889,False,cc52e5b11d237249df3e632101e6f5edffa3cf2f4d40f0bef8c697593b995b35
0,82,5,SPARSE_LOCAL_STREAM_POWER_REPAIR,1,0,0,0,4,5;21;26;48,5,21;26,21;48,21;26;48,PASS,1,5,5:0.53535606346719489,0,,2,5:1:0.53535695682660756;5:2:0,0.5262636005371534,0.5353560634671949,False,8c941b7d604ced361a4e79a22776aab3f04d143f17396e5b96b703f86108b5d5
0,83,5,SPARSE_LOCAL_STREAM_POWER_REPAIR,1,0,0,0,4,5;21;26;48,5,21;26,21;48,21;26;48,PASS,1,5,5:0.56024485343956099,0,,2,5:1:0.56024703119439523;5:2:0,0.5507535281385045,0.560244853439561,False,a760b7ade168813cda32104f5a016b2f9f0f03b5d64cdc75ace0da2ab83b371f
0,84,5,SPARSE_LOCAL_STREAM_POWER_REPAIR,1,0,0,0,4,5;21;24;26,5,21;26,21;24,21;24;26,PASS,1,5,5:0.59809429350390264,0,,2,5:1:0.59809842432111382;5:2:0,0.5880125431902434,0.5980942935039026,False,3879f5ed0ab75ed443950f51421b66473351a2552db52e99bb1236af4baa4b0c
0,85,5,SPARSE_LOCAL_STREAM_POWER_REPAIR,1,0,0,0,4,5;21;24;26,5,21;26,21;24,21;24;26,PASS,1,5,5:0.65803126622941588,0,,2,5:1:0.65803848936542553;5:2:0,0.6470507013037036,0.6580312662294159,False,1620871d209ccc363c65d9ec6ba871ea50fbdb27ff8667080eb11a242fd2f80e
0,86,5,SPARSE_LOCAL_STREAM_POWER_REPAIR,1,0,0,0,4,5;21;24;26,5,21;26,21;24,21;24;26,PASS,1,5,5:0.75846971329504875,0,,2,5:1:0.75848211692408252;5:2:0,0.7460695849034404,0.7584697132950488,False,1c31ed582b492724bec8074c63d8b2fd44163eaef10166bd1ac828cb88ce0f75
0,87,5,SPARSE_LOCAL_STREAM_POWER_REPAIR,1,0,0,0,4,5;21;24;26,5,21;26,21;24,21;24;26,PASS,1,5,5:0.93739661276896835,0,,2,5:1:0.93741824071005375;5:2:0,0.9227036306624878,0.9373966127689684,False,6a17218504303c738b64fde71df38ca0d2d3e029cb53150ee96b8ec6b242b378
0,88,5,BASELINE_NOOP,0,0,0,0,0,,,,,,PASS,0,,,0,,0,,0.0,0.0,False,85fff04f091e1ed3f751ec25c7caa770c9b7a0e0d805470b50b9990f8c1948d1
0,89,5,BASELINE_NOOP,0,0,0,0,0,,,,,,PASS,0,,,0,,0,,0.0,0.0,False,85fff04f091e1ed3f751ec25c7caa770c9b7a0e0d805470b50b9990f8c1948d1
0,90,5,BASELINE_NOOP,0,0,0,0,0,,,,,,PASS,0,,,0,,0,,0.0,0.0,False,85fff04f091e1ed3f751ec25c7caa770c9b7a0e0d805470b50b9990f8c1948d1
0,91,5,BASELINE_NOOP,0,0,0,0,0,,,,,,PASS,0,,,0,,0,,0.0,0.0,False,85fff04f091e1ed3f751ec25c7caa770c9b7a0e0d805470b50b9990f8c1948d1
0,92,5,BASELINE_NOOP,0,0,0,0,0,,,,,,PASS,0,,,0,,0,,0.0,0.0,False,85fff04f091e1ed3f751ec25c7caa770c9b7a0e0d805470b50b9990f8c1948d1
0,93,5,BASELINE_NOOP,0,0,0,0,0,,,,,,PASS,0,,,0,,0,,0.0,0.0,False,85fff04f091e1ed3f751ec25c7caa770c9b7a0e0d805470b50b9990f8c1948d1
0,94,5,BASELINE_NOOP,0,0,0,0,0,,,,,,PASS,0,,,0,,0,,0.0,0.0,False,85fff04f091e1ed3f751ec25c7caa770c9b7a0e0d805470b50b9990f8c1948d1
0,95,5,BASELINE_NOOP,0,0,0,0,0,,,,,,PASS,0,,,0,,0,,0.0,0.0,False,85fff04f091e1ed3f751ec25c7caa770c9b7a0e0d805470b50b9990f8c1948d1
0,96,5,BASELINE_NOOP,0,0,0,0,0,,,,,,PASS,0,,,0,,0,,0.0,0.0,False,85fff04f091e1ed3f751ec25c7caa770c9b7a0e0d805470b50b9990f8c1948d1
0,97,5,BASELINE_NOOP,0,0,0,0,0,,,,,,PASS,0,,,0,,0,,0.0,0.0,False,85fff04f091e1ed3f751ec25c7caa770c9b7a0e0d805470b50b9990f8c1948d1
0,98,5,BASELINE_NOOP,0,0,0,0,0,,,,,,PASS,0,,,0,,0,,0.0,0.0,False,85fff04f091e1ed3f751ec25c7caa770c9b7a0e0d805470b50b9990f8c1948d1
0,99,5,BASELINE_NOOP,0,0,0,0,0,,,,,,PASS,0,,,0,,0,,0.0,0.0,False,f1519a1a762b0ac94d202c5c85439c596e14cdc809768ac8b6e1a6fded6c67a6
0,100,5,BASELINE_NOOP,0,0,0,0,0,,,,,,PASS,0,,,0,,0,,0.0,0.0,False,2efc081ce46d8ea0413074ed11299119d8458958d3ce74dabb8676d9553b393c
0,101,5,BASELINE_NOOP,0,0,0,0,0,,,,,,PASS,0,,,0,,0,,0.0,0.0,False,2efc081ce46d8ea0413074ed11299119d8458958d3ce74dabb8676d9553b393c
0,102,5,BASELINE_NOOP,0,0,0,0,0,,,,,,PASS,0,,,0,,0,,0.0,0.0,False,2efc081ce46d8ea0413074ed11299119d8458958d3ce74dabb8676d9553b393c
0,103,5,BASELINE_NOOP,0,0,0,0,0,,,,,,PASS,0,,,0,,0,,0.0,0.0,False,2efc081ce46d8ea0413074ed11299119d8458958d3ce74dabb8676d9553b393c
0,104,5,BASELINE_NOOP,0,0,0,0,0,,,,,,PASS,0,,,0,,0,,0.0,0.0,False,2efc081ce46d8ea0413074ed11299119d8458958d3ce74dabb8676d9553b393c
0,105,5,BASELINE_NOOP,0,0,0,0,0,,,,,,PASS,0,,,0,,0,,0.0,0.0,False,2efc081ce46d8ea0413074ed11299119d8458958d3ce74dabb8676d9553b393c
0,106,5,BASELINE_NOOP,0,0,0,0,0,,,,,,PASS,0,,,0,,0,,0.0,0.0,False,2efc081ce46d8ea0413074ed11299119d8458958d3ce74dabb8676d9553b393c
0,107,5,BASELINE_NOOP,0,0,0,0,0,,,,,,PASS,0,,,0,,0,,0.0,0.0,False,2efc081ce46d8ea0413074ed11299119d8458958d3ce74dabb8676d9553b393c
0,108,5,BASELINE_NOOP,0,0,0,0,0,,,,,,PASS,0,,,0,,0,,0.0,0.0,False,e4a9db9369af24a4f03e80ef4f46c5de415904da00fd3d7daf61e1c6c84517c1
0,109,5,BASELINE_NOOP,0,0,0,0,0,,,,,,PASS,0,,,0,,0,,0.0,0.0,False,e4a9db9369af24a4f03e80ef4f46c5de415904da00fd3d7daf61e1c6c84517c1
0,110,5,BASELINE_NOOP,0,0,0,0,0,,,,,,PASS,0,,,0,,0,,0.0,0.0,False,e4a9db9369af24a4f03e80ef4f46c5de415904da00fd3d7daf61e1c6c84517c1
0,111,5,BASELINE_NOOP,0,0,0,0,0,,,,,,PASS,0,,,0,,0,,0.0,0.0,False,e4a9db9369af24a4f03e80ef4f46c5de415904da00fd3d7daf61e1c6c84517c1
0,112,5,BASELINE_NOOP,0,0,0,0,0,,,,,,PASS,0,,,0,,0,,0.0,0.0,False,e4a9db9369af24a4f03e80ef4f46c5de415904da00fd3d7daf61e1c6c84517c1
0,113,5,BASELINE_NOOP,0,0,0,0,0,,,,,,PASS,0,,,0,,0,,0.0,0.0,False,2efc081ce46d8ea0413074ed11299119d8458958d3ce74dabb8676d9553b393c
0,114,5,BASELINE_NOOP,0,0,0,0,0,,,,,,PASS,0,,,0,,0,,0.0,0.0,False,2efc081ce46d8ea0413074ed11299119d8458958d3ce74dabb8676d9553b393c
0,115,5,BASELINE_NOOP,0,0,0,0,0,,,,,,PASS,0,,,0,,0,,0.0,0.0,False,2efc081ce46d8ea0413074ed11299119d8458958d3ce74dabb8676d9553b393c
0,116,5,BASELINE_NOOP,0,0,0,0,0,,,,,,PASS,0,,,0,,0,,0.0,0.0,False,2efc081ce46d8ea0413074ed11299119d8458958d3ce74dabb8676d9553b393c
0,117,2,BASELINE_NOOP,0,0,0,0,0,,,,,,PASS,0,,,0,,0,,0.0,0.0,False,f1519a1a762b0ac94d202c5c85439c596e14cdc809768ac8b6e1a6fded6c67a6
1,0,5,SPARSE_LOCAL_STREAM_POWER_REPAIR,1,0,0,0,5,5;9;10;26;51,5,10;26,9;51,9;10;26;51,PASS,1,5,5:0.70791540684105947,0,,3,5:0:0.01765647467783547;5:1:0.7080967500809241;5:2:0,0.6958741195287369,0.7079154068410595,False,4ae654485f7302a7944c1d24d790ce9bc13ea40ff24e74b9a3a832f5df80625b
1,1,5,SPARSE_LOCAL_STREAM_POWER_REPAIR,1,0,0,0,5,5;9;10;26;51,5,10;26,9;51,9;10;26;51,PASS,1,5,5:0.70791363188769185,0,,3,5:0:0.017656450436499101;5:1:0.70809497458865567;5:2:0,0.6958723747664392,0.7079136318876919,False,09e66be5f9b337f56fa83aed1b2b5e784d28cce5774a600ded0a22f471fc63e8
1,2,5,SPARSE_LOCAL_STREAM_POWER_REPAIR,1,0,0,0,5,5;9;10;26;51,5,10;26,9;51,9;10;26;51,PASS,1,5,5:0.70801091181883857,0,,3,5:0:0.017656409713943454;5:1:0.70819228439575654;5:2:0,0.6959680010006369,0.7080109118188386,False,aab8dfd8835eb505059bea18185903f328719fd94bb226b993d6cdce5433b344
1,3,5,SPARSE_LOCAL_STREAM_POWER_REPAIR,1,0,0,0,5,0;5;10;26;51,5,10;26,0;51,0;10;26;51,PASS,1,5,5:0.70838665189092398,0,,3,5:0:0.017654214854794303;5:1:0.70856814036913385;5:2:0,0.696337354696572,0.708386651890924,False,90ff2805ece5dd1ca4788a668bc0bcb72dda7761e57d2a441e9c0349d463e91d
1,4,5,SPARSE_LOCAL_STREAM_POWER_REPAIR,1,0,0,0,5,0;5;10;26;51,5,10;26,0;51,0;10;26;51,PASS,1,5,5:0.7089114503285926,0,,3,5:0:0.017652347527166219;5:1:0.70909310038882034;5:2:0,0.696853236112152,0.7089114503285926,False,63afcda1a4a0d27e48279235d8c40e5b98822cbda21673fce1a25d885c8f96d6
1,5,5,SPARSE_LOCAL_STREAM_POWER_REPAIR,1,0,0,0,5,0;5;10;26;33,5,10;26,0;33,0;10;26;33,PASS,1,5,5:0.70965154579134682,0,,3,5:0:0.01765206314522887;5:1:0.70983342313791276;5:2:0,0.6975807619772214,0.7096515457913468,False,3eb07ce417ed73bf55b3a583d7d6308e71a82b5f85a0cdcd7a7bd0e7e88ae0a1
1,6,5,SPARSE_LOCAL_STREAM_POWER_REPAIR,1,0,0,0,5,0;5;10;26;51,5,10;26,0;51,0;10;26;51,PASS,1,5,5:0.71070910724009428,0,,3,5:0:0.017651834988034319;5:1:0.71089130932336808;5:2:0,0.6986203729324674,0.7107091072400943,False,2e17fc4333923f9fc217c07cd519efde9a304c65c5b90e15f4fe4506a458e33d
1,7,5,SPARSE_LOCAL_STREAM_POWER_REPAIR,1,0,0,0,5,5;10;12;26;51,5,10;26,12;51,10;12;26;51,PASS,1,5,5:0.71219172675483111,0,,3,5:0:0.017655077107720997;5:1:0.71237438320742819;5:2:0,0.7000778500535293,0.7121917267548311,False,932fe772f7dac0e8fcea4ea8beb878588015a2735b0b9f13a14f4165d886b193
1,8,5,SPARSE_LOCAL_STREAM_POWER_REPAIR,1,0,0,0,5,5;10;26;39;51,5,10;26,39;51,10;26;39;51,PASS,1,5,5:0.71428950733468655,0,,3,5:0:0.017654121606198742;5:1:0.71447280805754632;5:2:0,0.7021401011030965,0.7142895073346865,False,a9e3feebf9f5316949f12f533bdec01499519d487245dbedbc008dab19d3d981
1,9,5,SPARSE_LOCAL_STREAM_POWER_REPAIR,1,0,0,0,5,5;10;26;39;45,5,10;26,39;45,10;26;39;45,PASS,1,5,5:0.71726491330248698,0,,3,5:0:0.017652795933993218;5:1:0.71744912782096448;5:2:0,0.705065203163835,0.717264913302487,False,4f303d6c3f9fc8765e9c8264619dc4e30a3a4419472470f592c30fa6a2bffb25
1,10,5,SPARSE_LOCAL_STREAM_POWER_REPAIR,1,0,0,0,5,5;10;26;39;45,5,10;26,39;45,10;26;39;45,PASS,1,5,5:0.72151516440568386,0,,3,5:0:0.01765123702711769;5:1:0.72170068415510946;5:2:0,0.7092437753939158,0.7215151644056839,False,c2a0051e9b9658d14056e4813da0da47f774600927892922db6ab1200d66a64f
1,11,5,SPARSE_LOCAL_STREAM_POWER_REPAIR,1,0,0,0,5,5;10;26;39;45,5,10;26,39;45,10;26;39;45,PASS,1,5,5:0.72758299094904266,0,,3,5:0:0.017648890503995481;5:1:0.72777037411313117;5:2:0,0.715209633247832,0.7275829909490427,False,3b4c03dca90833dfa016dfea08703c6bbf0bdedc898ffeaf64fa00e1e4645748
1,12,5,SPARSE_LOCAL_STREAM_POWER_REPAIR,1,0,0,0,5,5;10;26;39;45,5,10;26,39;45,10;26;39;45,PASS,1,5,5:0.73628487576930368,0,,3,5:0:0.017645646141240239;5:1:0.73647493120046514;5:2:0,0.7237660198380673,0.7362848757693037,False,b297034371a2a002bab3cd87e9fb56dd840eaaf8cc1220c9debe07e1077da90d
1,13,5,SPARSE_LOCAL_STREAM_POWER_REPAIR,1,0,0,0,5,5;10;26;39;45,5,10;26,39;45,10;26;39;45,PASS,1,5,5:0.74885310616282386,0,,3,5:0:0.017564576489899231;5:1:0.74904704010647227;5:2:0,0.7361256028664742,0.7488531061628239,False,92b5e69391f7e0b1bc0d4be6f24d058933fac065ea4293e7597052a213d1b8e6
1,14,5,SPARSE_LOCAL_STREAM_POWER_REPAIR,1,0,0,0,5,5;10;26;39;40,5,10;26,39;40,10;26;39;40,PASS,1,5,5:0.7671570241829434,0,,3,5:0:0.017558028125012923;5:1:0.76735657879116226;5:2:0,0.7541287436479313,0.7671570241829434,False,4a97dced88b3b00a8039088a9567fde457a352975ddf114061a75077e780d1e8
1,15,5,SPARSE_LOCAL_STREAM_POWER_REPAIR,1,0,0,0,5,5;10;26;40;51,5,10;26,40;51,10;26;40;51,PASS,1,5,5:0.79407787345279079,0,,3,5:0:0.017622292106292483;5:1:0.79428567609516565;5:2:0,0.7806137138489361,0.7940778734527908,False,cf1266d9ce45f901dc1cd24dfe4e7adfbc413d05156d6a13f43ff4b89c3abd99
1,16,5,SPARSE_LOCAL_STREAM_POWER_REPAIR,1,0,0,0,5,5;10;26;40;48,5,10;26,40;48,10;26;40;48,PASS,1,5,5:0.83466960127312373,0,,3,5:0:0.017606493671795533;5:1:0.83488986780108065;5:2:0,0.8205618629815471,0.8346696012731237,False,a16fe7e8a97d7ff32305e7bd40ee68f9f41284a5ea5faeb2dc0df086c58f2272
1,17,5,SPARSE_LOCAL_STREAM_POWER_REPAIR,1,0,0,0,5,5;10;26;40;48,5,10;26,40;48,10;26;40;48,PASS,1,5,5:0.89750157979309164,0,,3,5:0:0.017584467960745084;5:1:0.89774113701217595;5:2:0,0.8824277098770064,0.8975015797930916,False,73106fa227bd753e94c88b4a86ed164bc8f349b7827aacc8d99101ec3b220d98
1,18,5,SPARSE_LOCAL_FROZEN_GRID_SECTOR_REPAIR,1,0,0,0,5,5;10;26;41;48,5,10;26,41;48,10;26;41;48,PASS,2,5;41,5:1;41:0.63095734448019325,0,,8,5:0:1;5:1:1;5:2:1;5:3:1;41:0:0.63095734448019325;41:1:0.63095734448019325;41:2:0.63095734448019325;41:3:0.63095734448019325,0.0,0.0,False,d600292abc38871037a9f41fd8f365291781e6b327a0c468f948722fddde6760
1,19,5,BASELINE_NOOP,0,0,0,0,0,,,,,,PASS,0,,,0,,0,,0.0,0.0,False,ceb09b2ceea14383702889415f9fdd03cf35aa68d6a3acd0c7817080370904f8
1,20,5,BASELINE_NOOP,0,0,0,0,0,,,,,,PASS,0,,,0,,0,,0.0,0.0,False,99fde3f09e90131b1502cbc68288c4b0f55c8588ffd536d2338477a7d232893b
1,21,5,BASELINE_NOOP,0,0,0,0,0,,,,,,PASS,0,,,0,,0,,0.0,0.0,False,e4a9db9369af24a4f03e80ef4f46c5de415904da00fd3d7daf61e1c6c84517c1
1,22,5,BASELINE_NOOP,0,0,0,0,0,,,,,,PASS,0,,,0,,0,,0.0,0.0,False,2efc081ce46d8ea0413074ed11299119d8458958d3ce74dabb8676d9553b393c
1,23,5,BASELINE_NOOP,0,0,0,0,0,,,,,,PASS,0,,,0,,0,,0.0,0.0,False,e4a9db9369af24a4f03e80ef4f46c5de415904da00fd3d7daf61e1c6c84517c1
1,24,5,BASELINE_NOOP,0,0,0,0,0,,,,,,PASS,0,,,0,,0,,0.0,0.0,False,3c2760ae85e151d9e3ded3d059eccfd906b01e3f3db2d79aa36f1eca02672036
1,25,5,BASELINE_NOOP,0,0,0,0,0,,,,,,PASS,0,,,0,,0,,0.0,0.0,False,3c2760ae85e151d9e3ded3d059eccfd906b01e3f3db2d79aa36f1eca02672036
1,26,5,BASELINE_NOOP,0,0,0,0,0,,,,,,PASS,0,,,0,,0,,0.0,0.0,False,eb54d362d4abb8d6178bec6cdc5813a3038d8e2aa4dd16c80793a9af933d8864
1,27,5,BASELINE_NOOP,0,0,0,0,0,,,,,,PASS,0,,,0,,0,,0.0,0.0,False,d0e8b24a562d12b55a2b4d52a99a05d338726522e4c3ec896cf7163f08b91f14
1,28,5,BASELINE_NOOP,0,0,0,0,0,,,,,,PASS,0,,,0,,0,,0.0,0.0,False,3983e4d4242003ec15763f4ff85bfd43da0bb3aae76ab5567d4e0c8cf42a2825
1,29,5,BASELINE_NOOP,0,0,0,0,0,,,,,,PASS,0,,,0,,0,,0.0,0.0,False,99fde3f09e90131b1502cbc68288c4b0f55c8588ffd536d2338477a7d232893b
1,30,5,BASELINE_NOOP,0,0,0,0,0,,,,,,PASS,0,,,0,,0,,0.0,0.0,False,3983e4d4242003ec15763f4ff85bfd43da0bb3aae76ab5567d4e0c8cf42a2825
1,31,5,BASELINE_NOOP,0,0,0,0,0,,,,,,PASS,0,,,0,,0,,0.0,0.0,False,99fde3f09e90131b1502cbc68288c4b0f55c8588ffd536d2338477a7d232893b
1,32,5,BASELINE_NOOP,0,0,0,0,0,,,,,,PASS,0,,,0,,0,,0.0,0.0,False,3983e4d4242003ec15763f4ff85bfd43da0bb3aae76ab5567d4e0c8cf42a2825
1,33,5,BASELINE_NOOP,0,0,0,0,0,,,,,,PASS,0,,,0,,0,,0.0,0.0,False,2efc081ce46d8ea0413074ed11299119d8458958d3ce74dabb8676d9553b393c
1,34,5,BASELINE_NOOP,0,0,0,0,0,,,,,,PASS,0,,,0,,0,,0.0,0.0,False,3c2760ae85e151d9e3ded3d059eccfd906b01e3f3db2d79aa36f1eca02672036
1,35,5,BASELINE_NOOP,0,0,0,0,0,,,,,,PASS,0,,,0,,0,,0.0,0.0,False,99fde3f09e90131b1502cbc68288c4b0f55c8588ffd536d2338477a7d232893b
1,36,5,BASELINE_NOOP,0,0,0,0,0,,,,,,PASS,0,,,0,,0,,0.0,0.0,False,99fde3f09e90131b1502cbc68288c4b0f55c8588ffd536d2338477a7d232893b
1,37,5,BASELINE_NOOP,0,0,0,0,0,,,,,,PASS,0,,,0,,0,,0.0,0.0,False,f1519a1a762b0ac94d202c5c85439c596e14cdc809768ac8b6e1a6fded6c67a6
1,38,5,BASELINE_NOOP,0,0,0,0,0,,,,,,PASS,0,,,0,,0,,0.0,0.0,False,f1519a1a762b0ac94d202c5c85439c596e14cdc809768ac8b6e1a6fded6c67a6
1,39,5,BASELINE_NOOP,0,0,0,0,0,,,,,,PASS,0,,,0,,0,,0.0,0.0,False,2efc081ce46d8ea0413074ed11299119d8458958d3ce74dabb8676d9553b393c
1,40,5,BASELINE_NOOP,0,0,0,0,0,,,,,,PASS,0,,,0,,0,,0.0,0.0,False,2efc081ce46d8ea0413074ed11299119d8458958d3ce74dabb8676d9553b393c
1,41,5,BASELINE_NOOP,0,0,0,0,0,,,,,,PASS,0,,,0,,0,,0.0,0.0,False,2efc081ce46d8ea0413074ed11299119d8458958d3ce74dabb8676d9553b393c
1,42,5,BASELINE_NOOP,0,0,0,0,0,,,,,,PASS,0,,,0,,0,,0.0,0.0,False,2efc081ce46d8ea0413074ed11299119d8458958d3ce74dabb8676d9553b393c
1,43,5,BASELINE_NOOP,0,0,0,0,0,,,,,,PASS,0,,,0,,0,,0.0,0.0,False,2efc081ce46d8ea0413074ed11299119d8458958d3ce74dabb8676d9553b393c
1,44,5,BASELINE_NOOP,0,0,0,0,0,,,,,,PASS,0,,,0,,0,,0.0,0.0,False,2efc081ce46d8ea0413074ed11299119d8458958d3ce74dabb8676d9553b393c
1,45,5,BASELINE_NOOP,0,0,0,0,0,,,,,,PASS,0,,,0,,0,,0.0,0.0,False,e4a9db9369af24a4f03e80ef4f46c5de415904da00fd3d7daf61e1c6c84517c1
1,46,5,BASELINE_NOOP,0,0,0,0,0,,,,,,PASS,0,,,0,,0,,0.0,0.0,False,e4a9db9369af24a4f03e80ef4f46c5de415904da00fd3d7daf61e1c6c84517c1
1,47,5,BASELINE_NOOP,0,0,0,0,0,,,,,,PASS,0,,,0,,0,,0.0,0.0,False,2fb60260ccf1b29813a11b7ddce5f9ad449fee643d39b327d94789b085974f0a
1,48,5,BASELINE_NOOP,0,0,0,0,0,,,,,,PASS,0,,,0,,0,,0.0,0.0,False,e4a9db9369af24a4f03e80ef4f46c5de415904da00fd3d7daf61e1c6c84517c1
1,49,5,BASELINE_NOOP,0,0,0,0,0,,,,,,PASS,0,,,0,,0,,0.0,0.0,False,2efc081ce46d8ea0413074ed11299119d8458958d3ce74dabb8676d9553b393c
1,50,5,BASELINE_NOOP,0,0,0,0,0,,,,,,PASS,0,,,0,,0,,0.0,0.0,False,f1519a1a762b0ac94d202c5c85439c596e14cdc809768ac8b6e1a6fded6c67a6
1,51,5,BASELINE_NOOP,0,0,0,0,0,,,,,,PASS,0,,,0,,0,,0.0,0.0,False,e4a9db9369af24a4f03e80ef4f46c5de415904da00fd3d7daf61e1c6c84517c1
1,52,5,BASELINE_NOOP,0,0,0,0,0,,,,,,PASS,0,,,0,,0,,0.0,0.0,False,f1519a1a762b0ac94d202c5c85439c596e14cdc809768ac8b6e1a6fded6c67a6
1,53,5,BASELINE_NOOP,0,0,0,0,0,,,,,,PASS,0,,,0,,0,,0.0,0.0,False,2efc081ce46d8ea0413074ed11299119d8458958d3ce74dabb8676d9553b393c
1,54,5,BASELINE_NOOP,0,0,0,0,0,,,,,,PASS,0,,,0,,0,,0.0,0.0,False,3daa3ffe3ed749c02b00449c19f4f7bbee1010e2984dcde809d1566a66b07565
1,55,5,BASELINE_NOOP,0,0,0,0,0,,,,,,PASS,0,,,0,,0,,0.0,0.0,False,583918741cdf5a684c17887ac595917aab37e225620e2d8edcb20130120097d9
1,56,5,BASELINE_NOOP,0,0,0,0,0,,,,,,PASS,0,,,0,,0,,0.0,0.0,False,583918741cdf5a684c17887ac595917aab37e225620e2d8edcb20130120097d9
1,57,5,BASELINE_NOOP,0,0,0,0,0,,,,,,PASS,0,,,0,,0,,0.0,0.0,False,3daa3ffe3ed749c02b00449c19f4f7bbee1010e2984dcde809d1566a66b07565
1,58,5,BASELINE_NOOP,0,0,0,0,0,,,,,,PASS,0,,,0,,0,,0.0,0.0,False,583918741cdf5a684c17887ac595917aab37e225620e2d8edcb20130120097d9
1,59,5,BASELINE_NOOP,0,0,0,0,0,,,,,,PASS,0,,,0,,0,,0.0,0.0,False,583918741cdf5a684c17887ac595917aab37e225620e2d8edcb20130120097d9
1,60,5,BASELINE_NOOP,0,0,0,0,0,,,,,,PASS,0,,,0,,0,,0.0,0.0,False,f1519a1a762b0ac94d202c5c85439c596e14cdc809768ac8b6e1a6fded6c67a6
1,61,5,BASELINE_NOOP,0,0,0,0,0,,,,,,PASS,0,,,7,6;40;43;44;47;49;53,0,,0.0,0.0,False,4523c76da81702827a4c01a59c3306a2d5ad89591e4cad4078944c6e94fecc8a
1,62,5,BASELINE_NOOP,0,0,0,0,0,,,,,,PASS,0,,,0,,0,,0.0,0.0,False,5b3fb3a760e8abbbbcf4e3f376a977c46a04ed62b63e8c4f205014e1e9bc4aeb
1,63,5,BASELINE_NOOP,0,0,0,0,0,,,,,,PASS,0,,,0,,0,,0.0,0.0,False,f1519a1a762b0ac94d202c5c85439c596e14cdc809768ac8b6e1a6fded6c67a6
1,64,5,BASELINE_NOOP,0,0,0,0,0,,,,,,PASS,0,,,7,6;40;43;44;47;49;53,0,,0.0,0.0,False,768a8209a7a02389622049a5447d9473a4433d6a1deacd724b03f4eb5d47cc04
1,65,5,BASELINE_NOOP,0,0,0,0,0,,,,,,PASS,0,,,7,6;40;43;44;47;49;53,0,,0.0,0.0,False,768a8209a7a02389622049a5447d9473a4433d6a1deacd724b03f4eb5d47cc04
1,66,5,BASELINE_NOOP,0,0,0,0,0,,,,,,PASS,0,,,7,6;40;43;44;47;49;53,0,,0.0,0.0,False,768a8209a7a02389622049a5447d9473a4433d6a1deacd724b03f4eb5d47cc04
1,67,5,BASELINE_NOOP,0,0,0,0,0,,,,,,PASS,0,,,7,6;40;43;44;47;49;53,0,,0.0,0.0,False,768a8209a7a02389622049a5447d9473a4433d6a1deacd724b03f4eb5d47cc04
1,68,5,BASELINE_NOOP,0,0,0,0,0,,,,,,PASS,0,,,7,6;40;43;44;47;49;53,0,,0.0,0.0,False,768a8209a7a02389622049a5447d9473a4433d6a1deacd724b03f4eb5d47cc04
1,69,5,BASELINE_NOOP,0,0,0,0,0,,,,,,PASS,0,,,7,6;40;43;44;47;49;53,0,,0.0,0.0,False,768a8209a7a02389622049a5447d9473a4433d6a1deacd724b03f4eb5d47cc04
1,70,5,BASELINE_NOOP,0,0,0,0,0,,,,,,PASS,0,,,7,6;40;43;44;47;49;53,0,,0.0,0.0,False,768a8209a7a02389622049a5447d9473a4433d6a1deacd724b03f4eb5d47cc04
1,71,5,BASELINE_NOOP,0,0,0,0,0,,,,,,PASS,0,,,7,6;40;43;44;47;49;53,0,,0.0,0.0,False,768a8209a7a02389622049a5447d9473a4433d6a1deacd724b03f4eb5d47cc04
1,72,5,BASELINE_NOOP,0,0,0,0,0,,,,,,PASS,0,,,7,6;40;43;44;47;49;53,0,,0.0,0.0,False,768a8209a7a02389622049a5447d9473a4433d6a1deacd724b03f4eb5d47cc04
1,73,5,BASELINE_NOOP,0,0,0,0,0,,,,,,PASS,0,,,7,6;40;43;44;47;49;53,0,,0.0,0.0,False,768a8209a7a02389622049a5447d9473a4433d6a1deacd724b03f4eb5d47cc04
1,74,5,BASELINE_NOOP,0,0,0,0,0,,,,,,PASS,0,,,7,6;40;43;44;47;49;53,0,,0.0,0.0,False,768a8209a7a02389622049a5447d9473a4433d6a1deacd724b03f4eb5d47cc04
1,75,5,BASELINE_NOOP,0,0,0,0,0,,,,,,PASS,0,,,7,6;40;43;44;47;49;53,0,,0.0,0.0,False,768a8209a7a02389622049a5447d9473a4433d6a1deacd724b03f4eb5d47cc04
1,76,5,BASELINE_NOOP,0,0,0,0,0,,,,,,PASS,0,,,0,,0,,0.0,0.0,False,f1519a1a762b0ac94d202c5c85439c596e14cdc809768ac8b6e1a6fded6c67a6
1,77,5,BASELINE_NOOP,0,0,0,0,0,,,,,,PASS,0,,,0,,0,,0.0,0.0,False,f1519a1a762b0ac94d202c5c85439c596e14cdc809768ac8b6e1a6fded6c67a6
1,78,5,BASELINE_NOOP,0,0,0,0,0,,,,,,PASS,0,,,0,,0,,0.0,0.0,False,f1519a1a762b0ac94d202c5c85439c596e14cdc809768ac8b6e1a6fded6c67a6
1,79,5,BASELINE_NOOP,0,0,0,0,0,,,,,,PASS,0,,,0,,0,,0.0,0.0,False,f1519a1a762b0ac94d202c5c85439c596e14cdc809768ac8b6e1a6fded6c67a6
1,80,5,SPARSE_LOCAL_STREAM_POWER_REPAIR,1,0,0,0,4,5;21;26;48,5,21;26,21;48,21;26;48,PASS,1,5,5:0.50794359580873738,0,,2,5:1:0.50794307445179887;5:2:0,0.499300437545532,0.5079435958087374,False,0f448a250c6206e4c3cb3930162e58d92c42edca0e00c8213016baaf34aba2e5
1,81,5,SPARSE_LOCAL_STREAM_POWER_REPAIR,1,0,0,0,4,5;21;26;48,5,21;26,21;48,21;26;48,PASS,1,5,5:0.5190330255272172,0,,2,5:1:0.51903307648915009;5:2:0,0.510206719370419,0.5190330255272172,False,f7708ae874db97cba563df1599b329b1200f92e0d6eb6bd8ee36bacd37ac62d0
1,82,5,SPARSE_LOCAL_STREAM_POWER_REPAIR,1,0,0,0,4,5;21;26;48,5,21;26,21;48,21;26;48,PASS,1,5,5:0.53535627957287313,0,,2,5:1:0.53535717294343921;5:2:0,0.5262638129725028,0.5353562795728731,False,ac1bdfd7f9458148ffa857fc46ef6aad94a4fff78d9ab8dc6a397d861445594b
1,83,5,SPARSE_LOCAL_STREAM_POWER_REPAIR,1,0,0,0,4,5;21;26;48,5,21;26,21;48,21;26;48,PASS,1,5,5:0.56024483962607252,0,,2,5:1:0.560247017380194;5:2:0,0.5507535145590359,0.5602448396260725,False,5b59c2eb327824417bc9261194f443929f6da1d927eb7330f1521b5a7d9c62f4
1,84,5,SPARSE_LOCAL_STREAM_POWER_REPAIR,1,0,0,0,4,5;21;24;26,5,21;26,21;24,21;24;26,PASS,1,5,5:0.59809381951564689,0,,2,5:1:0.5980979503083963;5:2:0,0.58801207719175,0.5980938195156469,False,17e6dec6e0ec04eb458f929a2f3576c651c6eee6e7b599565d14fa90c09a29ea
1,85,5,SPARSE_LOCAL_STREAM_POWER_REPAIR,1,0,0,0,4,5;21;24;26,5,21;26,21;24,21;24;26,PASS,1,5,5:0.65803120788023817,0,,2,5:1:0.65803843101323667;5:2:0,0.6470506439281982,0.6580312078802382,False,84a44c18345b76597cb139b28364f98943ec1eb2e5b3f6e65bc5b16331c204ea
1,86,5,SPARSE_LOCAL_STREAM_POWER_REPAIR,1,0,0,0,4,5;21;24;26,5,21;26,21;24,21;24;26,PASS,1,5,5:0.75847044550078158,0,,2,5:1:0.75848284916759501;5:2:0,0.7460703051384315,0.7584704455007816,False,240cf369fe5ccd8bd89654d99db35e7156cdd78ab00f84b78206b656701788e8
1,87,5,SPARSE_LOCAL_STREAM_POWER_REPAIR,1,0,0,0,4,5;21;24;26,5,21;26,21;24,21;24;26,PASS,1,5,5:0.93740083785428596,0,,2,5:1:0.93742246601331081;5:2:0,0.9227077895227923,0.937400837854286,False,604bb2c80c55f6e3a6de7c23e8fb34044e06edd13930906e717e0c5075e547b9
1,88,5,BASELINE_NOOP,0,0,0,0,0,,,,,,PASS,0,,,0,,0,,0.0,0.0,False,85fff04f091e1ed3f751ec25c7caa770c9b7a0e0d805470b50b9990f8c1948d1
1,89,5,BASELINE_NOOP,0,0,0,0,0,,,,,,PASS,0,,,0,,0,,0.0,0.0,False,85fff04f091e1ed3f751ec25c7caa770c9b7a0e0d805470b50b9990f8c1948d1
1,90,5,BASELINE_NOOP,0,0,0,0,0,,,,,,PASS,0,,,0,,0,,0.0,0.0,False,85fff04f091e1ed3f751ec25c7caa770c9b7a0e0d805470b50b9990f8c1948d1
1,91,5,BASELINE_NOOP,0,0,0,0,0,,,,,,PASS,0,,,0,,0,,0.0,0.0,False,85fff04f091e1ed3f751ec25c7caa770c9b7a0e0d805470b50b9990f8c1948d1
1,92,5,BASELINE_NOOP,0,0,0,0,0,,,,,,PASS,0,,,0,,0,,0.0,0.0,False,85fff04f091e1ed3f751ec25c7caa770c9b7a0e0d805470b50b9990f8c1948d1
1,93,5,BASELINE_NOOP,0,0,0,0,0,,,,,,PASS,0,,,0,,0,,0.0,0.0,False,85fff04f091e1ed3f751ec25c7caa770c9b7a0e0d805470b50b9990f8c1948d1
1,94,5,BASELINE_NOOP,0,0,0,0,0,,,,,,PASS,0,,,0,,0,,0.0,0.0,False,85fff04f091e1ed3f751ec25c7caa770c9b7a0e0d805470b50b9990f8c1948d1
1,95,5,BASELINE_NOOP,0,0,0,0,0,,,,,,PASS,0,,,0,,0,,0.0,0.0,False,85fff04f091e1ed3f751ec25c7caa770c9b7a0e0d805470b50b9990f8c1948d1
1,96,5,BASELINE_NOOP,0,0,0,0,0,,,,,,PASS,0,,,0,,0,,0.0,0.0,False,85fff04f091e1ed3f751ec25c7caa770c9b7a0e0d805470b50b9990f8c1948d1
1,97,5,BASELINE_NOOP,0,0,0,0,0,,,,,,PASS,0,,,0,,0,,0.0,0.0,False,85fff04f091e1ed3f751ec25c7caa770c9b7a0e0d805470b50b9990f8c1948d1
1,98,5,BASELINE_NOOP,0,0,0,0,0,,,,,,PASS,0,,,0,,0,,0.0,0.0,False,85fff04f091e1ed3f751ec25c7caa770c9b7a0e0d805470b50b9990f8c1948d1
1,99,5,BASELINE_NOOP,0,0,0,0,0,,,,,,PASS,0,,,0,,0,,0.0,0.0,False,f1519a1a762b0ac94d202c5c85439c596e14cdc809768ac8b6e1a6fded6c67a6
1,100,5,BASELINE_NOOP,0,0,0,0,0,,,,,,PASS,0,,,0,,0,,0.0,0.0,False,2efc081ce46d8ea0413074ed11299119d8458958d3ce74dabb8676d9553b393c
1,101,5,BASELINE_NOOP,0,0,0,0,0,,,,,,PASS,0,,,0,,0,,0.0,0.0,False,2efc081ce46d8ea0413074ed11299119d8458958d3ce74dabb8676d9553b393c
1,102,5,BASELINE_NOOP,0,0,0,0,0,,,,,,PASS,0,,,0,,0,,0.0,0.0,False,2efc081ce46d8ea0413074ed11299119d8458958d3ce74dabb8676d9553b393c
1,103,5,BASELINE_NOOP,0,0,0,0,0,,,,,,PASS,0,,,0,,0,,0.0,0.0,False,2efc081ce46d8ea0413074ed11299119d8458958d3ce74dabb8676d9553b393c
1,104,5,BASELINE_NOOP,0,0,0,0,0,,,,,,PASS,0,,,0,,0,,0.0,0.0,False,2efc081ce46d8ea0413074ed11299119d8458958d3ce74dabb8676d9553b393c
1,105,5,BASELINE_NOOP,0,0,0,0,0,,,,,,PASS,0,,,0,,0,,0.0,0.0,False,2efc081ce46d8ea0413074ed11299119d8458958d3ce74dabb8676d9553b393c
1,106,5,BASELINE_NOOP,0,0,0,0,0,,,,,,PASS,0,,,0,,0,,0.0,0.0,False,2efc081ce46d8ea0413074ed11299119d8458958d3ce74dabb8676d9553b393c
1,107,5,BASELINE_NOOP,0,0,0,0,0,,,,,,PASS,0,,,0,,0,,0.0,0.0,False,2efc081ce46d8ea0413074ed11299119d8458958d3ce74dabb8676d9553b393c
1,108,5,BASELINE_NOOP,0,0,0,0,0,,,,,,PASS,0,,,0,,0,,0.0,0.0,False,e4a9db9369af24a4f03e80ef4f46c5de415904da00fd3d7daf61e1c6c84517c1
1,109,5,BASELINE_NOOP,0,0,0,0,0,,,,,,PASS,0,,,0,,0,,0.0,0.0,False,e4a9db9369af24a4f03e80ef4f46c5de415904da00fd3d7daf61e1c6c84517c1
1,110,5,BASELINE_NOOP,0,0,0,0,0,,,,,,PASS,0,,,0,,0,,0.0,0.0,False,e4a9db9369af24a4f03e80ef4f46c5de415904da00fd3d7daf61e1c6c84517c1
1,111,5,BASELINE_NOOP,0,0,0,0,0,,,,,,PASS,0,,,0,,0,,0.0,0.0,False,e4a9db9369af24a4f03e80ef4f46c5de415904da00fd3d7daf61e1c6c84517c1
1,112,5,BASELINE_NOOP,0,0,0,0,0,,,,,,PASS,0,,,0,,0,,0.0,0.0,False,e4a9db9369af24a4f03e80ef4f46c5de415904da00fd3d7daf61e1c6c84517c1
1,113,5,BASELINE_NOOP,0,0,0,0,0,,,,,,PASS,0,,,0,,0,,0.0,0.0,False,2efc081ce46d8ea0413074ed11299119d8458958d3ce74dabb8676d9553b393c
1,114,1,BASELINE_NOOP,0,0,0,0,0,,,,,,PASS,0,,,0,,0,,0.0,0.0,False,2efc081ce46d8ea0413074ed11299119d8458958d3ce74dabb8676d9553b393c
2,0,5,BASELINE_NOOP,0,0,0,0,0,,,,,,PASS,0,,,0,,0,,0.0,0.0,False,2efc081ce46d8ea0413074ed11299119d8458958d3ce74dabb8676d9553b393c
2,1,5,BASELINE_NOOP,0,0,0,0,0,,,,,,PASS,0,,,0,,0,,0.0,0.0,False,2efc081ce46d8ea0413074ed11299119d8458958d3ce74dabb8676d9553b393c
2,2,5,BASELINE_NOOP,0,0,0,0,0,,,,,,PASS,0,,,0,,0,,0.0,0.0,False,2efc081ce46d8ea0413074ed11299119d8458958d3ce74dabb8676d9553b393c
2,3,5,BASELINE_NOOP,0,0,0,0,0,,,,,,PASS,0,,,0,,0,,0.0,0.0,False,2efc081ce46d8ea0413074ed11299119d8458958d3ce74dabb8676d9553b393c
2,4,5,BASELINE_NOOP,0,0,0,0,0,,,,,,PASS,0,,,0,,0,,0.0,0.0,False,2efc081ce46d8ea0413074ed11299119d8458958d3ce74dabb8676d9553b393c
2,5,5,BASELINE_NOOP,0,0,0,0,0,,,,,,PASS,0,,,0,,0,,0.0,0.0,False,2efc081ce46d8ea0413074ed11299119d8458958d3ce74dabb8676d9553b393c
2,6,5,BASELINE_NOOP,0,0,0,0,0,,,,,,PASS,0,,,0,,0,,0.0,0.0,False,2efc081ce46d8ea0413074ed11299119d8458958d3ce74dabb8676d9553b393c
2,7,5,BASELINE_NOOP,0,0,0,0,0,,,,,,PASS,0,,,0,,0,,0.0,0.0,False,2efc081ce46d8ea0413074ed11299119d8458958d3ce74dabb8676d9553b393c
2,8,5,BASELINE_NOOP,0,0,0,0,0,,,,,,PASS,0,,,0,,0,,0.0,0.0,False,2efc081ce46d8ea0413074ed11299119d8458958d3ce74dabb8676d9553b393c
2,9,5,BASELINE_NOOP,0,0,0,0,0,,,,,,PASS,0,,,0,,0,,0.0,0.0,False,2efc081ce46d8ea0413074ed11299119d8458958d3ce74dabb8676d9553b393c
2,10,5,BASELINE_NOOP,0,0,0,0,0,,,,,,PASS,0,,,0,,0,,0.0,0.0,False,2efc081ce46d8ea0413074ed11299119d8458958d3ce74dabb8676d9553b393c
2,11,5,BASELINE_NOOP,0,0,0,0,0,,,,,,PASS,0,,,0,,0,,0.0,0.0,False,2efc081ce46d8ea0413074ed11299119d8458958d3ce74dabb8676d9553b393c
2,12,5,BASELINE_NOOP,0,0,0,0,0,,,,,,PASS,0,,,0,,0,,0.0,0.0,False,2efc081ce46d8ea0413074ed11299119d8458958d3ce74dabb8676d9553b393c
2,13,5,BASELINE_NOOP,0,0,0,0,0,,,,,,PASS,0,,,0,,0,,0.0,0.0,False,2efc081ce46d8ea0413074ed11299119d8458958d3ce74dabb8676d9553b393c
2,14,5,BASELINE_NOOP,0,0,0,0,0,,,,,,PASS,0,,,0,,0,,0.0,0.0,False,2efc081ce46d8ea0413074ed11299119d8458958d3ce74dabb8676d9553b393c
2,15,5,BASELINE_NOOP,0,0,0,0,0,,,,,,PASS,0,,,0,,0,,0.0,0.0,False,2efc081ce46d8ea0413074ed11299119d8458958d3ce74dabb8676d9553b393c
2,16,5,BASELINE_NOOP,0,0,0,0,0,,,,,,PASS,0,,,0,,0,,0.0,0.0,False,2efc081ce46d8ea0413074ed11299119d8458958d3ce74dabb8676d9553b393c
2,17,5,BASELINE_NOOP,0,0,0,0,0,,,,,,PASS,0,,,0,,0,,0.0,0.0,False,2efc081ce46d8ea0413074ed11299119d8458958d3ce74dabb8676d9553b393c
2,18,5,BASELINE_NOOP,0,0,0,0,0,,,,,,PASS,0,,,0,,0,,0.0,0.0,False,2efc081ce46d8ea0413074ed11299119d8458958d3ce74dabb8676d9553b393c
2,19,5,BASELINE_NOOP,0,0,0,0,0,,,,,,PASS,0,,,0,,0,,0.0,0.0,False,2efc081ce46d8ea0413074ed11299119d8458958d3ce74dabb8676d9553b393c
2,20,5,BASELINE_NOOP,0,0,0,0,0,,,,,,PASS,0,,,0,,0,,0.0,0.0,False,2efc081ce46d8ea0413074ed11299119d8458958d3ce74dabb8676d9553b393c
2,21,5,BASELINE_NOOP,0,0,0,0,0,,,,,,PASS,0,,,0,,0,,0.0,0.0,False,f1519a1a762b0ac94d202c5c85439c596e14cdc809768ac8b6e1a6fded6c67a6
2,22,5,BASELINE_NOOP,0,0,0,0,0,,,,,,PASS,0,,,0,,0,,0.0,0.0,False,2efc081ce46d8ea0413074ed11299119d8458958d3ce74dabb8676d9553b393c
2,23,5,BASELINE_NOOP,0,0,0,0,0,,,,,,PASS,0,,,0,,0,,0.0,0.0,False,2efc081ce46d8ea0413074ed11299119d8458958d3ce74dabb8676d9553b393c
2,24,5,BASELINE_NOOP,0,0,0,0,0,,,,,,PASS,0,,,0,,0,,0.0,0.0,False,2efc081ce46d8ea0413074ed11299119d8458958d3ce74dabb8676d9553b393c
2,25,5,BASELINE_NOOP,0,0,0,0,0,,,,,,PASS,0,,,0,,0,,0.0,0.0,False,2efc081ce46d8ea0413074ed11299119d8458958d3ce74dabb8676d9553b393c
2,26,5,BASELINE_NOOP,0,0,0,0,0,,,,,,PASS,0,,,0,,0,,0.0,0.0,False,2efc081ce46d8ea0413074ed11299119d8458958d3ce74dabb8676d9553b393c
2,27,5,BASELINE_NOOP,0,0,0,0,0,,,,,,PASS,0,,,0,,0,,0.0,0.0,False,e4a9db9369af24a4f03e80ef4f46c5de415904da00fd3d7daf61e1c6c84517c1
2,28,5,BASELINE_NOOP,0,0,0,0,0,,,,,,PASS,0,,,0,,0,,0.0,0.0,False,f1519a1a762b0ac94d202c5c85439c596e14cdc809768ac8b6e1a6fded6c67a6
2,29,5,BASELINE_NOOP,0,0,0,0,0,,,,,,PASS,0,,,0,,0,,0.0,0.0,False,99fde3f09e90131b1502cbc68288c4b0f55c8588ffd536d2338477a7d232893b
2,30,5,BASELINE_NOOP,0,0,0,0,0,,,,,,PASS,0,,,0,,0,,0.0,0.0,False,e4a9db9369af24a4f03e80ef4f46c5de415904da00fd3d7daf61e1c6c84517c1
2,31,5,BASELINE_NOOP,0,0,0,0,0,,,,,,PASS,0,,,0,,0,,0.0,0.0,False,3c2760ae85e151d9e3ded3d059eccfd906b01e3f3db2d79aa36f1eca02672036
2,32,5,BASELINE_NOOP,0,0,0,0,0,,,,,,PASS,0,,,0,,0,,0.0,0.0,False,99fde3f09e90131b1502cbc68288c4b0f55c8588ffd536d2338477a7d232893b
2,33,5,BASELINE_NOOP,0,0,0,0,0,,,,,,PASS,0,,,0,,0,,0.0,0.0,False,3983e4d4242003ec15763f4ff85bfd43da0bb3aae76ab5567d4e0c8cf42a2825
2,34,5,BASELINE_NOOP,0,0,0,0,0,,,,,,PASS,0,,,0,,0,,0.0,0.0,False,3c2760ae85e151d9e3ded3d059eccfd906b01e3f3db2d79aa36f1eca02672036
2,35,5,BASELINE_NOOP,0,0,0,0,0,,,,,,PASS,0,,,0,,0,,0.0,0.0,False,e4a9db9369af24a4f03e80ef4f46c5de415904da00fd3d7daf61e1c6c84517c1
2,36,5,BASELINE_NOOP,0,0,0,0,0,,,,,,PASS,0,,,0,,0,,0.0,0.0,False,99fde3f09e90131b1502cbc68288c4b0f55c8588ffd536d2338477a7d232893b
2,37,5,BASELINE_NOOP,0,0,0,0,0,,,,,,PASS,0,,,0,,0,,0.0,0.0,False,3983e4d4242003ec15763f4ff85bfd43da0bb3aae76ab5567d4e0c8cf42a2825
2,38,5,BASELINE_NOOP,0,0,0,0,0,,,,,,PASS,0,,,0,,0,,0.0,0.0,False,3983e4d4242003ec15763f4ff85bfd43da0bb3aae76ab5567d4e0c8cf42a2825
2,39,5,BASELINE_NOOP,0,0,0,0,0,,,,,,PASS,0,,,0,,0,,0.0,0.0,False,f1519a1a762b0ac94d202c5c85439c596e14cdc809768ac8b6e1a6fded6c67a6
2,40,5,BASELINE_NOOP,0,0,0,0,0,,,,,,PASS,0,,,0,,0,,0.0,0.0,False,562cadd10cd07368ff9deb209faf96839a5308d0f21badbe26722eab2db614ec
2,41,5,BASELINE_NOOP,0,0,0,0,0,,,,,,PASS,0,,,0,,0,,0.0,0.0,False,e4a9db9369af24a4f03e80ef4f46c5de415904da00fd3d7daf61e1c6c84517c1
2,42,5,BASELINE_NOOP,0,0,0,0,0,,,,,,PASS,0,,,0,,0,,0.0,0.0,False,e4a9db9369af24a4f03e80ef4f46c5de415904da00fd3d7daf61e1c6c84517c1
2,43,5,BASELINE_NOOP,0,0,0,0,0,,,,,,PASS,0,,,0,,0,,0.0,0.0,False,2efc081ce46d8ea0413074ed11299119d8458958d3ce74dabb8676d9553b393c
2,44,5,BASELINE_NOOP,0,0,0,0,0,,,,,,PASS,0,,,0,,0,,0.0,0.0,False,d929c16ddc481883e3d9ba0c7fd61abe3e8770d646bcae007db2b6ecf35e2ac6
2,45,5,BASELINE_NOOP,0,0,0,0,0,,,,,,PASS,0,,,0,,0,,0.0,0.0,False,d929c16ddc481883e3d9ba0c7fd61abe3e8770d646bcae007db2b6ecf35e2ac6
2,46,5,BASELINE_NOOP,0,0,0,0,0,,,,,,PASS,0,,,0,,0,,0.0,0.0,False,d929c16ddc481883e3d9ba0c7fd61abe3e8770d646bcae007db2b6ecf35e2ac6
2,47,5,BASELINE_NOOP,0,0,0,0,0,,,,,,PASS,0,,,0,,0,,0.0,0.0,False,d929c16ddc481883e3d9ba0c7fd61abe3e8770d646bcae007db2b6ecf35e2ac6
2,48,5,BASELINE_NOOP,0,0,0,0,0,,,,,,PASS,0,,,0,,0,,0.0,0.0,False,d929c16ddc481883e3d9ba0c7fd61abe3e8770d646bcae007db2b6ecf35e2ac6
2,49,5,BASELINE_NOOP,0,0,0,0,0,,,,,,PASS,0,,,0,,0,,0.0,0.0,False,2efc081ce46d8ea0413074ed11299119d8458958d3ce74dabb8676d9553b393c
2,50,5,BASELINE_NOOP,0,0,0,0,0,,,,,,PASS,0,,,0,,0,,0.0,0.0,False,3d2795d7dda35bb0734d27e93858c765587a557c374c70cd43525114b57b2041
2,51,5,BASELINE_NOOP,0,0,0,0,0,,,,,,PASS,0,,,0,,0,,0.0,0.0,False,ceb09b2ceea14383702889415f9fdd03cf35aa68d6a3acd0c7817080370904f8
2,52,5,BASELINE_NOOP,0,0,0,0,0,,,,,,PASS,0,,,0,,0,,0.0,0.0,False,ceb09b2ceea14383702889415f9fdd03cf35aa68d6a3acd0c7817080370904f8
2,53,5,BASELINE_NOOP,0,0,0,0,0,,,,,,PASS,0,,,0,,0,,0.0,0.0,False,ceb09b2ceea14383702889415f9fdd03cf35aa68d6a3acd0c7817080370904f8
2,54,5,BASELINE_NOOP,0,0,0,0,0,,,,,,PASS,0,,,0,,0,,0.0,0.0,False,ceb09b2ceea14383702889415f9fdd03cf35aa68d6a3acd0c7817080370904f8
2,55,5,BASELINE_NOOP,0,0,0,0,0,,,,,,PASS,0,,,0,,0,,0.0,0.0,False,ceb09b2ceea14383702889415f9fdd03cf35aa68d6a3acd0c7817080370904f8
2,56,5,BASELINE_NOOP,0,0,0,0,0,,,,,,PASS,0,,,0,,0,,0.0,0.0,False,562cadd10cd07368ff9deb209faf96839a5308d0f21badbe26722eab2db614ec
2,57,5,BASELINE_NOOP,0,0,0,0,0,,,,,,PASS,0,,,0,,0,,0.0,0.0,False,562cadd10cd07368ff9deb209faf96839a5308d0f21badbe26722eab2db614ec
2,58,5,BASELINE_NOOP,0,0,0,0,0,,,,,,PASS,0,,,0,,0,,0.0,0.0,False,2efc081ce46d8ea0413074ed11299119d8458958d3ce74dabb8676d9553b393c
2,59,5,BASELINE_NOOP,0,0,0,0,0,,,,,,PASS,0,,,0,,0,,0.0,0.0,False,562cadd10cd07368ff9deb209faf96839a5308d0f21badbe26722eab2db614ec
2,60,5,BASELINE_NOOP,0,0,0,0,0,,,,,,PASS,0,,,0,,0,,0.0,0.0,False,f1519a1a762b0ac94d202c5c85439c596e14cdc809768ac8b6e1a6fded6c67a6
2,61,5,BASELINE_NOOP,0,0,0,0,0,,,,,,PASS,0,,,7,6;40;43;44;47;49;53,0,,0.0,0.0,False,371f98af991bb82d410be03496a02edf745fc464b0538e320e37f2b967ec0adb
2,62,5,BASELINE_NOOP,0,0,0,0,0,,,,,,PASS,0,,,7,6;40;43;44;47;49;53,0,,0.0,0.0,False,768a8209a7a02389622049a5447d9473a4433d6a1deacd724b03f4eb5d47cc04
2,63,5,BASELINE_NOOP,0,0,0,0,0,,,,,,PASS,0,,,7,6;40;43;44;47;49;53,0,,0.0,0.0,False,768a8209a7a02389622049a5447d9473a4433d6a1deacd724b03f4eb5d47cc04
2,64,5,BASELINE_NOOP,0,0,0,0,0,,,,,,PASS,0,,,7,6;40;43;44;47;49;53,0,,0.0,0.0,False,768a8209a7a02389622049a5447d9473a4433d6a1deacd724b03f4eb5d47cc04
2,65,5,BASELINE_NOOP,0,0,0,0,0,,,,,,PASS,0,,,7,6;40;43;44;47;49;53,0,,0.0,0.0,False,768a8209a7a02389622049a5447d9473a4433d6a1deacd724b03f4eb5d47cc04
2,66,5,BASELINE_NOOP,0,0,0,0,0,,,,,,PASS,0,,,7,6;40;43;44;47;49;53,0,,0.0,0.0,False,768a8209a7a02389622049a5447d9473a4433d6a1deacd724b03f4eb5d47cc04
2,67,5,BASELINE_NOOP,0,0,0,0,0,,,,,,PASS,0,,,7,6;40;43;44;47;49;53,0,,0.0,0.0,False,768a8209a7a02389622049a5447d9473a4433d6a1deacd724b03f4eb5d47cc04
2,68,5,BASELINE_NOOP,0,0,0,0,0,,,,,,PASS,0,,,7,6;40;43;44;47;49;53,0,,0.0,0.0,False,768a8209a7a02389622049a5447d9473a4433d6a1deacd724b03f4eb5d47cc04
2,69,5,BASELINE_NOOP,0,0,0,0,0,,,,,,PASS,0,,,7,6;40;43;44;47;49;53,0,,0.0,0.0,False,768a8209a7a02389622049a5447d9473a4433d6a1deacd724b03f4eb5d47cc04
2,70,5,BASELINE_NOOP,0,0,0,0,0,,,,,,PASS,0,,,7,6;40;43;44;47;49;53,0,,0.0,0.0,False,768a8209a7a02389622049a5447d9473a4433d6a1deacd724b03f4eb5d47cc04
2,71,5,BASELINE_NOOP,0,0,0,0,0,,,,,,PASS,0,,,7,6;40;43;44;47;49;53,0,,0.0,0.0,False,768a8209a7a02389622049a5447d9473a4433d6a1deacd724b03f4eb5d47cc04
2,72,5,BASELINE_NOOP,0,0,0,0,0,,,,,,PASS,0,,,7,6;40;43;44;47;49;53,0,,0.0,0.0,False,768a8209a7a02389622049a5447d9473a4433d6a1deacd724b03f4eb5d47cc04
2,73,5,BASELINE_NOOP,0,0,0,0,0,,,,,,PASS,0,,,6,6;40;43;44;47;53,0,,0.0,0.0,False,8e97a44b3c9a97196a0a45c97f682383c7efb6de89d39a03f4b78176ba37ba86
2,74,5,BASELINE_NOOP,0,0,0,0,0,,,,,,PASS,0,,,7,6;40;43;44;47;49;53,0,,0.0,0.0,False,768a8209a7a02389622049a5447d9473a4433d6a1deacd724b03f4eb5d47cc04
2,75,5,BASELINE_NOOP,0,0,0,0,0,,,,,,PASS,0,,,7,6;40;43;44;47;49;53,0,,0.0,0.0,False,768a8209a7a02389622049a5447d9473a4433d6a1deacd724b03f4eb5d47cc04
2,76,5,BASELINE_NOOP,0,0,0,0,0,,,,,,PASS,0,,,7,6;40;43;44;47;49;53,0,,0.0,0.0,False,768a8209a7a02389622049a5447d9473a4433d6a1deacd724b03f4eb5d47cc04
2,77,5,BASELINE_NOOP,0,0,0,0,0,,,,,,PASS,0,,,0,,0,,0.0,0.0,False,f1519a1a762b0ac94d202c5c85439c596e14cdc809768ac8b6e1a6fded6c67a6
2,78,5,BASELINE_NOOP,0,0,0,0,0,,,,,,PASS,0,,,0,,0,,0.0,0.0,False,f1519a1a762b0ac94d202c5c85439c596e14cdc809768ac8b6e1a6fded6c67a6
2,79,5,BASELINE_NOOP,0,0,0,0,0,,,,,,PASS,0,,,0,,0,,0.0,0.0,False,f1519a1a762b0ac94d202c5c85439c596e14cdc809768ac8b6e1a6fded6c67a6
2,80,5,SPARSE_LOCAL_STREAM_POWER_REPAIR,1,0,0,0,4,5;21;26;48,5,21;26,21;48,21;26;48,PASS,1,5,5:0.50542156238575653,0,,2,5:1:0.50542091086698404;5:2:0,0.49682020223464224,0.5054215623857565,False,94452adaa2f373e58769cc3602c2f2e636f0cd4f6f24bf47abd60889f94bfddd
2,81,5,SPARSE_LOCAL_STREAM_POWER_REPAIR,1,0,0,0,4,5;21;26;48,5,21;26,21;48,21;26;48,PASS,1,5,5:0.51555239013591803,0,,2,5:1:0.51555226146731459;5:2:0,0.5067830002961164,0.515552390135918,False,2f6f04dcfe60ad31b5aeade6c55d7001e6c5c201a1c6d32210070b6d1b0d3ba5
2,82,5,SPARSE_LOCAL_STREAM_POWER_REPAIR,1,0,0,0,4,5;21;26;48,5,21;26,21;48,21;26;48,PASS,1,5,5:0.53042645961405066,0,,2,5:1:0.53042709857483272;5:2:0,0.5214130549989016,0.5304264596140507,False,52f1741229bddba1d7119a528636a09373bb18a3dd86e12b438e13fe8fd33e89
2,83,5,SPARSE_LOCAL_STREAM_POWER_REPAIR,1,0,0,0,4,5;21;26;48,5,21;26,21;48,21;26;48,PASS,1,5,5:0.55194265696922296,0,,2,5:1:0.55194440630163966;5:2:0,0.5425822951653881,0.551942656969223,False,7eba885e2b8db97161ab666d57b3dc9110123cee84ac8478b0356b686e7fd7a9
2,84,5,SPARSE_LOCAL_STREAM_POWER_REPAIR,1,0,0,0,4,5;21;26;48,5,21;26,21;48,21;26;48,PASS,1,5,5:0.58000211748739527,0,,2,5:1:0.58000531473024108;5:2:0,0.5702050259592891,0.5800021174873953,False,3fb34d90d86f00e5970eaed16d4ebb92aaf2eb77b56407dea3ff2c74c8c5555b
2,85,5,SPARSE_LOCAL_STREAM_POWER_REPAIR,1,0,0,0,4,5;21;26;48,5,21;26,21;48,21;26;48,PASS,1,5,5:0.63068129240738124,0,,2,5:1:0.63068710449977783;5:2:0,0.6201130491523155,0.6306812924073812,False,53545f938e5937a290bf8fc2a0ca1916947a06b8f13e29a3fefe3fa898742969
2,86,5,SPARSE_LOCAL_STREAM_POWER_REPAIR,1,0,0,0,4,5;21;26;48,5,21;26,21;48,21;26;48,PASS,1,5,5:0.71408297574087065,0,,2,5:1:0.71409309007287725;5:2:0,0.702308967661945,0.7140829757408707,False,7eef3fe9481004215a8a5ff39f2b37e7fdcbc8b5340dfb68a162ff5a35fc9636
2,87,5,SPARSE_LOCAL_STREAM_POWER_REPAIR,1,0,0,0,4,5;21;26;48,5,21;26,21;48,21;26;48,PASS,1,5,5:0.8627544054229962,0,,2,5:1:0.86277218590517701;5:2:0,0.8489913935082127,0.8627544054229962,False,fdf67a74ebe56e3778cfc3cc759068e695f5a42036c8cfbc222a1576319657a4
2,88,5,BASELINE_NOOP,0,0,0,0,0,,,,,,PASS,0,,,0,,0,,0.0,0.0,False,fe1a2dfdd919f69271b142f293a3ce311591a9d4d72bf0f6d88abe0bed4d46be
2,89,5,BASELINE_NOOP,0,0,0,0,0,,,,,,PASS,0,,,0,,0,,0.0,0.0,False,d5df4f719cb86c66c02ad5908c7499b8417837ac717d31334d51e568a9692391
2,90,5,BASELINE_NOOP,0,0,0,0,0,,,,,,PASS,0,,,0,,0,,0.0,0.0,False,ff2a4e5b760c3073c2dcb4bd4002565e01fa81427bac63ce1daf1addcc8eaae4
2,91,5,BASELINE_NOOP,0,0,0,0,0,,,,,,PASS,0,,,0,,0,,0.0,0.0,False,1e4290304d878cf03b084d9bac595d883e48a3683261b81c319a5b7a7a1ffb0d
2,92,5,BASELINE_NOOP,0,0,0,0,0,,,,,,PASS,0,,,0,,0,,0.0,0.0,False,0fd5858bb8f1a55f79069fc83c3b878829889ddfca12f6e9a5319af71386502c
2,93,5,BASELINE_NOOP,0,0,0,0,0,,,,,,PASS,0,,,0,,0,,0.0,0.0,False,4053c21851604ef7b7044bd80ebca2fd283bb381bdd928fa63bb435dbb0eeb62
2,94,5,BASELINE_NOOP,0,0,0,0,0,,,,,,PASS,0,,,0,,0,,0.0,0.0,False,fb1e8d1a39409c153487bcecc6b4c0bf0e0dc7319eb65566684c03aab3919750
2,95,5,BASELINE_NOOP,0,0,0,0,0,,,,,,PASS,0,,,0,,0,,0.0,0.0,False,bac9160127928e66fe3c010a1de14c6d54d4cb4f0d1e79552443fe7d6aca5f4b
2,96,5,BASELINE_NOOP,0,0,0,0,0,,,,,,PASS,0,,,0,,0,,0.0,0.0,False,8690e2d690962bf717de31226ef75f0fa00675eab31fac991902515f27fa6500
2,97,5,SPARSE_LOCAL_STREAM_POWER_REPAIR,1,0,0,0,5,5;21;26;33;39,5,21;26,33;39,21;26;33;39,PASS,1,5,5:0.7974422579155197,0,,2,5:1:0.79745667161690981;5:2:0,0.7844563962902217,0.7974422579155197,False,2968c24e42f6edc9885a133038bf71be05ea4a0edf1d74095df3873680154454
2,98,5,SPARSE_LOCAL_STREAM_POWER_REPAIR,1,0,0,0,5,5;21;26;33;39,5,21;26,33;39,21;26;33;39,PASS,1,5,5:0.682660560621698,0,,2,5:1:0.68266905439214653;5:2:0,0.6712910701665683,0.682660560621698,False,8ace626109c4c742f153518b8e1d35440771140b6103c09da709a8eb89026d30
2,99,5,SPARSE_LOCAL_STREAM_POWER_REPAIR,1,0,0,0,5,5;21;26;33;39,5,21;26,33;39,21;26;33;39,PASS,1,5,5:0.79744293363616436,0,,2,5:1:0.79745734737241913;5:2:0,0.7844570610071672,0.7974429336361644,False,b57e3e46f4f15f022c80ef51a691eeb368b8f0fdc51a750dc38afb33bd5725da
2,100,5,BASELINE_NOOP,0,0,0,0,0,,,,,,PASS,0,,,0,,0,,0.0,0.0,False,99fde3f09e90131b1502cbc68288c4b0f55c8588ffd536d2338477a7d232893b
2,101,5,BASELINE_NOOP,0,0,0,0,0,,,,,,PASS,0,,,0,,0,,0.0,0.0,False,eb54d362d4abb8d6178bec6cdc5813a3038d8e2aa4dd16c80793a9af933d8864
2,102,5,BASELINE_NOOP,0,0,0,0,0,,,,,,PASS,0,,,0,,0,,0.0,0.0,False,2062dc8587bba04484cc89c588d98c741ae0e0d01dc6d8f9a7c3289eae74ccb9
2,103,5,BASELINE_NOOP,0,0,0,0,0,,,,,,PASS,0,,,0,,0,,0.0,0.0,False,31f57482f9d86a0c7e4d784bb0f4a62876f8a58d7d4fbc704fa1c84f3b838ac6
2,104,5,BASELINE_NOOP,0,0,0,0,0,,,,,,PASS,0,,,0,,0,,0.0,0.0,False,f5766b4c9a8e368a5a96c5165c9d60257d92c2bcf8a9eebe10dd444d74899ce7
2,105,5,BASELINE_NOOP,0,0,0,0,0,,,,,,PASS,0,,,0,,0,,0.0,0.0,False,8e3c57216d98dac6f119d467e33576fede00ca5ee26a51c1d5a66a46bf83fed7
2,106,5,BASELINE_NOOP,0,0,0,0,0,,,,,,PASS,0,,,0,,0,,0.0,0.0,False,2fcdb42218cf68b00ed6045e04777fcda75144d1fb028b3d5395f4f4ed5b9dee
2,107,5,BASELINE_NOOP,0,0,0,0,0,,,,,,PASS,0,,,0,,0,,0.0,0.0,False,0caab59bca2ff60c81c6fe1042c8649fb6e97da0ea3bf0578a9b8365b6dbc875
2,108,5,BASELINE_NOOP,0,0,0,0,0,,,,,,PASS,0,,,0,,0,,0.0,0.0,False,3450f91593f992edd133a09c4184fe3d40ec9a1f389b8dc8549bc8574b7ea5ca
2,109,5,BASELINE_NOOP,0,0,0,0,0,,,,,,PASS,0,,,0,,0,,0.0,0.0,False,d70779330b9bbed0c0f0dcebcc2937b2dcb48b341ca0ee5ded9753264a8b9d8e
2,110,5,BASELINE_NOOP,0,0,0,0,0,,,,,,PASS,0,,,0,,0,,0.0,0.0,False,406bd21b5ae1aebdf6a089e7683f1cd3b14bb58853be58dbc70f92451e7ad329
2,111,5,BASELINE_NOOP,0,0,0,0,0,,,,,,PASS,0,,,0,,0,,0.0,0.0,False,b9d9473e7050d9fc67df12e72e5fd093b833e4f9bd9ae34a3bc93192e9dd05ad
2,112,5,BASELINE_NOOP,0,0,0,0,0,,,,,,PASS,0,,,0,,0,,0.0,0.0,False,2a38d6be9591620b950233051b77956343025661304b565f357e6f54bd5121ee
2,113,5,BASELINE_NOOP,0,0,0,0,0,,,,,,PASS,0,,,0,,0,,0.0,0.0,False,0bb9f6a9db9c45cc34bd3aedaf74c3e7f4509579cd7055339a64223e2837d0d9
2,114,5,BASELINE_NOOP,0,0,0,0,0,,,,,,PASS,0,,,0,,0,,0.0,0.0,False,677a7c964862ab2fd548371779397cafad5d95d2863286d9cdfd164c8b8514de
2,115,5,BASELINE_NOOP,0,0,0,0,0,,,,,,PASS,0,,,0,,0,,0.0,0.0,False,91999079e8e707e0a27634acf5cc780e2e47fa17e52aee600013261611bc6bad
2,116,1,BASELINE_NOOP,0,0,0,0,0,,,,,,PASS,0,,,0,,0,,0.0,0.0,False,3cdb4064970bb210146f78ad607c944c46d88b0725f816dc28bf5857ff3b90c0
3,0,5,BASELINE_NOOP,0,0,0,0,0,,,,,,PASS,0,,,0,,0,,0.0,0.0,False,2efc081ce46d8ea0413074ed11299119d8458958d3ce74dabb8676d9553b393c
3,1,5,BASELINE_NOOP,0,0,0,0,0,,,,,,PASS,0,,,0,,0,,0.0,0.0,False,2efc081ce46d8ea0413074ed11299119d8458958d3ce74dabb8676d9553b393c
3,2,5,BASELINE_NOOP,0,0,0,0,0,,,,,,PASS,0,,,0,,0,,0.0,0.0,False,2efc081ce46d8ea0413074ed11299119d8458958d3ce74dabb8676d9553b393c
3,3,5,BASELINE_NOOP,0,0,0,0,0,,,,,,PASS,0,,,0,,0,,0.0,0.0,False,2efc081ce46d8ea0413074ed11299119d8458958d3ce74dabb8676d9553b393c
3,4,5,BASELINE_NOOP,0,0,0,0,0,,,,,,PASS,0,,,0,,0,,0.0,0.0,False,2efc081ce46d8ea0413074ed11299119d8458958d3ce74dabb8676d9553b393c
3,5,5,BASELINE_NOOP,0,0,0,0,0,,,,,,PASS,0,,,0,,0,,0.0,0.0,False,2efc081ce46d8ea0413074ed11299119d8458958d3ce74dabb8676d9553b393c
3,6,5,BASELINE_NOOP,0,0,0,0,0,,,,,,PASS,0,,,0,,0,,0.0,0.0,False,2efc081ce46d8ea0413074ed11299119d8458958d3ce74dabb8676d9553b393c
3,7,5,BASELINE_NOOP,0,0,0,0,0,,,,,,PASS,0,,,0,,0,,0.0,0.0,False,2efc081ce46d8ea0413074ed11299119d8458958d3ce74dabb8676d9553b393c
3,8,5,BASELINE_NOOP,0,0,0,0,0,,,,,,PASS,0,,,0,,0,,0.0,0.0,False,2efc081ce46d8ea0413074ed11299119d8458958d3ce74dabb8676d9553b393c
3,9,5,BASELINE_NOOP,0,0,0,0,0,,,,,,PASS,0,,,0,,0,,0.0,0.0,False,2efc081ce46d8ea0413074ed11299119d8458958d3ce74dabb8676d9553b393c
3,10,5,BASELINE_NOOP,0,0,0,0,0,,,,,,PASS,0,,,0,,0,,0.0,0.0,False,2efc081ce46d8ea0413074ed11299119d8458958d3ce74dabb8676d9553b393c
3,11,5,BASELINE_NOOP,0,0,0,0,0,,,,,,PASS,0,,,0,,0,,0.0,0.0,False,2efc081ce46d8ea0413074ed11299119d8458958d3ce74dabb8676d9553b393c
3,12,5,BASELINE_NOOP,0,0,0,0,0,,,,,,PASS,0,,,0,,0,,0.0,0.0,False,2efc081ce46d8ea0413074ed11299119d8458958d3ce74dabb8676d9553b393c
3,13,5,BASELINE_NOOP,0,0,0,0,0,,,,,,PASS,0,,,0,,0,,0.0,0.0,False,2efc081ce46d8ea0413074ed11299119d8458958d3ce74dabb8676d9553b393c
3,14,5,BASELINE_NOOP,0,0,0,0,0,,,,,,PASS,0,,,0,,0,,0.0,0.0,False,2efc081ce46d8ea0413074ed11299119d8458958d3ce74dabb8676d9553b393c
3,15,5,BASELINE_NOOP,0,0,0,0,0,,,,,,PASS,0,,,0,,0,,0.0,0.0,False,2efc081ce46d8ea0413074ed11299119d8458958d3ce74dabb8676d9553b393c
3,16,5,BASELINE_NOOP,0,0,0,0,0,,,,,,PASS,0,,,0,,0,,0.0,0.0,False,2efc081ce46d8ea0413074ed11299119d8458958d3ce74dabb8676d9553b393c
3,17,5,BASELINE_NOOP,0,0,0,0,0,,,,,,PASS,0,,,0,,0,,0.0,0.0,False,2efc081ce46d8ea0413074ed11299119d8458958d3ce74dabb8676d9553b393c
3,18,5,BASELINE_NOOP,0,0,0,0,0,,,,,,PASS,0,,,0,,0,,0.0,0.0,False,2efc081ce46d8ea0413074ed11299119d8458958d3ce74dabb8676d9553b393c
3,19,5,BASELINE_NOOP,0,0,0,0,0,,,,,,PASS,0,,,0,,0,,0.0,0.0,False,2efc081ce46d8ea0413074ed11299119d8458958d3ce74dabb8676d9553b393c
3,20,5,BASELINE_NOOP,0,0,0,0,0,,,,,,PASS,0,,,0,,0,,0.0,0.0,False,2efc081ce46d8ea0413074ed11299119d8458958d3ce74dabb8676d9553b393c
3,21,5,BASELINE_NOOP,0,0,0,0,0,,,,,,PASS,0,,,0,,0,,0.0,0.0,False,f1519a1a762b0ac94d202c5c85439c596e14cdc809768ac8b6e1a6fded6c67a6
3,22,5,BASELINE_NOOP,0,0,0,0,0,,,,,,PASS,0,,,0,,0,,0.0,0.0,False,2efc081ce46d8ea0413074ed11299119d8458958d3ce74dabb8676d9553b393c
3,23,5,BASELINE_NOOP,0,0,0,0,0,,,,,,PASS,0,,,0,,0,,0.0,0.0,False,2efc081ce46d8ea0413074ed11299119d8458958d3ce74dabb8676d9553b393c
3,24,5,BASELINE_NOOP,0,0,0,0,0,,,,,,PASS,0,,,0,,0,,0.0,0.0,False,2efc081ce46d8ea0413074ed11299119d8458958d3ce74dabb8676d9553b393c
3,25,5,BASELINE_NOOP,0,0,0,0,0,,,,,,PASS,0,,,0,,0,,0.0,0.0,False,2efc081ce46d8ea0413074ed11299119d8458958d3ce74dabb8676d9553b393c
3,26,5,BASELINE_NOOP,0,0,0,0,0,,,,,,PASS,0,,,0,,0,,0.0,0.0,False,f1519a1a762b0ac94d202c5c85439c596e14cdc809768ac8b6e1a6fded6c67a6
3,27,5,BASELINE_NOOP,0,0,0,0,0,,,,,,PASS,0,,,0,,0,,0.0,0.0,False,2efc081ce46d8ea0413074ed11299119d8458958d3ce74dabb8676d9553b393c
3,28,5,BASELINE_NOOP,0,0,0,0,0,,,,,,PASS,0,,,0,,0,,0.0,0.0,False,e4a9db9369af24a4f03e80ef4f46c5de415904da00fd3d7daf61e1c6c84517c1
3,29,5,BASELINE_NOOP,0,0,0,0,0,,,,,,PASS,0,,,0,,0,,0.0,0.0,False,f1519a1a762b0ac94d202c5c85439c596e14cdc809768ac8b6e1a6fded6c67a6
3,30,5,BASELINE_NOOP,0,0,0,0,0,,,,,,PASS,0,,,0,,0,,0.0,0.0,False,2efc081ce46d8ea0413074ed11299119d8458958d3ce74dabb8676d9553b393c
3,31,5,BASELINE_NOOP,0,0,0,0,0,,,,,,PASS,0,,,0,,0,,0.0,0.0,False,f1519a1a762b0ac94d202c5c85439c596e14cdc809768ac8b6e1a6fded6c67a6
3,32,5,BASELINE_NOOP,0,0,0,0,0,,,,,,PASS,0,,,0,,0,,0.0,0.0,False,f1519a1a762b0ac94d202c5c85439c596e14cdc809768ac8b6e1a6fded6c67a6
3,33,5,BASELINE_NOOP,0,0,0,0,0,,,,,,PASS,0,,,0,,0,,0.0,0.0,False,f1519a1a762b0ac94d202c5c85439c596e14cdc809768ac8b6e1a6fded6c67a6
3,34,5,BASELINE_NOOP,0,0,0,0,0,,,,,,PASS,0,,,0,,0,,0.0,0.0,False,99fde3f09e90131b1502cbc68288c4b0f55c8588ffd536d2338477a7d232893b
3,35,5,BASELINE_NOOP,0,0,0,0,0,,,,,,PASS,0,,,0,,0,,0.0,0.0,False,99fde3f09e90131b1502cbc68288c4b0f55c8588ffd536d2338477a7d232893b
3,36,5,BASELINE_NOOP,0,0,0,0,0,,,,,,PASS,0,,,0,,0,,0.0,0.0,False,3983e4d4242003ec15763f4ff85bfd43da0bb3aae76ab5567d4e0c8cf42a2825
3,37,5,BASELINE_NOOP,0,0,0,0,0,,,,,,PASS,0,,,0,,0,,0.0,0.0,False,3983e4d4242003ec15763f4ff85bfd43da0bb3aae76ab5567d4e0c8cf42a2825
3,38,5,BASELINE_NOOP,0,0,0,0,0,,,,,,PASS,0,,,0,,0,,0.0,0.0,False,99fde3f09e90131b1502cbc68288c4b0f55c8588ffd536d2338477a7d232893b
3,39,5,BASELINE_NOOP,0,0,0,0,0,,,,,,PASS,0,,,0,,0,,0.0,0.0,False,f1519a1a762b0ac94d202c5c85439c596e14cdc809768ac8b6e1a6fded6c67a6
3,40,5,BASELINE_NOOP,0,0,0,0,0,,,,,,PASS,0,,,0,,0,,0.0,0.0,False,e4a9db9369af24a4f03e80ef4f46c5de415904da00fd3d7daf61e1c6c84517c1
3,41,5,BASELINE_NOOP,0,0,0,0,0,,,,,,PASS,0,,,0,,0,,0.0,0.0,False,e4a9db9369af24a4f03e80ef4f46c5de415904da00fd3d7daf61e1c6c84517c1
3,42,5,BASELINE_NOOP,0,0,0,0,0,,,,,,PASS,0,,,0,,0,,0.0,0.0,False,f1519a1a762b0ac94d202c5c85439c596e14cdc809768ac8b6e1a6fded6c67a6
3,43,5,BASELINE_NOOP,0,0,0,0,0,,,,,,PASS,0,,,0,,0,,0.0,0.0,False,f1519a1a762b0ac94d202c5c85439c596e14cdc809768ac8b6e1a6fded6c67a6
3,44,5,BASELINE_NOOP,0,0,0,0,0,,,,,,PASS,0,,,0,,0,,0.0,0.0,False,562cadd10cd07368ff9deb209faf96839a5308d0f21badbe26722eab2db614ec
3,45,5,BASELINE_NOOP,0,0,0,0,0,,,,,,PASS,0,,,0,,0,,0.0,0.0,False,d929c16ddc481883e3d9ba0c7fd61abe3e8770d646bcae007db2b6ecf35e2ac6
3,46,5,BASELINE_NOOP,0,0,0,0,0,,,,,,PASS,0,,,0,,0,,0.0,0.0,False,d929c16ddc481883e3d9ba0c7fd61abe3e8770d646bcae007db2b6ecf35e2ac6
3,47,5,BASELINE_NOOP,0,0,0,0,0,,,,,,PASS,0,,,0,,0,,0.0,0.0,False,d929c16ddc481883e3d9ba0c7fd61abe3e8770d646bcae007db2b6ecf35e2ac6
3,48,5,BASELINE_NOOP,0,0,0,0,0,,,,,,PASS,0,,,0,,0,,0.0,0.0,False,d929c16ddc481883e3d9ba0c7fd61abe3e8770d646bcae007db2b6ecf35e2ac6
3,49,5,BASELINE_NOOP,0,0,0,0,0,,,,,,PASS,0,,,0,,0,,0.0,0.0,False,d929c16ddc481883e3d9ba0c7fd61abe3e8770d646bcae007db2b6ecf35e2ac6
3,50,5,BASELINE_NOOP,0,0,0,0,0,,,,,,PASS,0,,,0,,0,,0.0,0.0,False,2efc081ce46d8ea0413074ed11299119d8458958d3ce74dabb8676d9553b393c
3,51,5,BASELINE_NOOP,0,0,0,0,0,,,,,,PASS,0,,,0,,0,,0.0,0.0,False,3d2795d7dda35bb0734d27e93858c765587a557c374c70cd43525114b57b2041
3,52,5,BASELINE_NOOP,0,0,0,0,0,,,,,,PASS,0,,,0,,0,,0.0,0.0,False,ceb09b2ceea14383702889415f9fdd03cf35aa68d6a3acd0c7817080370904f8
3,53,5,BASELINE_NOOP,0,0,0,0,0,,,,,,PASS,0,,,0,,0,,0.0,0.0,False,ceb09b2ceea14383702889415f9fdd03cf35aa68d6a3acd0c7817080370904f8
3,54,5,BASELINE_NOOP,0,0,0,0,0,,,,,,PASS,0,,,0,,0,,0.0,0.0,False,ceb09b2ceea14383702889415f9fdd03cf35aa68d6a3acd0c7817080370904f8
3,55,5,BASELINE_NOOP,0,0,0,0,0,,,,,,PASS,0,,,0,,0,,0.0,0.0,False,ceb09b2ceea14383702889415f9fdd03cf35aa68d6a3acd0c7817080370904f8
3,56,5,BASELINE_NOOP,0,0,0,0,0,,,,,,PASS,0,,,0,,0,,0.0,0.0,False,562cadd10cd07368ff9deb209faf96839a5308d0f21badbe26722eab2db614ec
3,57,5,BASELINE_NOOP,0,0,0,0,0,,,,,,PASS,0,,,0,,0,,0.0,0.0,False,562cadd10cd07368ff9deb209faf96839a5308d0f21badbe26722eab2db614ec
3,58,5,BASELINE_NOOP,0,0,0,0,0,,,,,,PASS,0,,,0,,0,,0.0,0.0,False,562cadd10cd07368ff9deb209faf96839a5308d0f21badbe26722eab2db614ec
3,59,5,BASELINE_NOOP,0,0,0,0,0,,,,,,PASS,0,,,0,,0,,0.0,0.0,False,562cadd10cd07368ff9deb209faf96839a5308d0f21badbe26722eab2db614ec
3,60,5,BASELINE_NOOP,0,0,0,0,0,,,,,,PASS,0,,,0,,0,,0.0,0.0,False,f1519a1a762b0ac94d202c5c85439c596e14cdc809768ac8b6e1a6fded6c67a6
3,61,5,BASELINE_NOOP,0,0,0,0,0,,,,,,PASS,0,,,7,6;40;43;44;47;49;53,0,,0.0,0.0,False,0d244e759ab15ea0f40117fa28a59953e3c8b46848f22eee8c4f14a1689452d2
3,62,5,BASELINE_NOOP,0,0,0,0,0,,,,,,PASS,0,,,7,6;40;43;44;47;49;53,0,,0.0,0.0,False,4523c76da81702827a4c01a59c3306a2d5ad89591e4cad4078944c6e94fecc8a
3,63,5,BASELINE_NOOP,0,0,0,0,0,,,,,,PASS,0,,,7,6;40;43;44;47;49;53,0,,0.0,0.0,False,768a8209a7a02389622049a5447d9473a4433d6a1deacd724b03f4eb5d47cc04
3,64,5,BASELINE_NOOP,0,0,0,0,0,,,,,,PASS,0,,,7,6;40;43;44;47;49;53,0,,0.0,0.0,False,768a8209a7a02389622049a5447d9473a4433d6a1deacd724b03f4eb5d47cc04
3,65,5,BASELINE_NOOP,0,0,0,0,0,,,,,,PASS,0,,,7,6;40;43;44;47;49;53,0,,0.0,0.0,False,768a8209a7a02389622049a5447d9473a4433d6a1deacd724b03f4eb5d47cc04
3,66,5,BASELINE_NOOP,0,0,0,0,0,,,,,,PASS,0,,,7,6;40;43;44;47;49;53,0,,0.0,0.0,False,768a8209a7a02389622049a5447d9473a4433d6a1deacd724b03f4eb5d47cc04
3,67,5,BASELINE_NOOP,0,0,0,0,0,,,,,,PASS,0,,,7,6;40;43;44;47;49;53,0,,0.0,0.0,False,768a8209a7a02389622049a5447d9473a4433d6a1deacd724b03f4eb5d47cc04
3,68,5,BASELINE_NOOP,0,0,0,0,0,,,,,,PASS,0,,,7,6;40;43;44;47;49;53,0,,0.0,0.0,False,768a8209a7a02389622049a5447d9473a4433d6a1deacd724b03f4eb5d47cc04
3,69,5,BASELINE_NOOP,0,0,0,0,0,,,,,,PASS,0,,,7,6;40;43;44;47;49;53,0,,0.0,0.0,False,768a8209a7a02389622049a5447d9473a4433d6a1deacd724b03f4eb5d47cc04
3,70,5,BASELINE_NOOP,0,0,0,0,0,,,,,,PASS,0,,,7,6;40;43;44;47;49;53,0,,0.0,0.0,False,768a8209a7a02389622049a5447d9473a4433d6a1deacd724b03f4eb5d47cc04
3,71,5,BASELINE_NOOP,0,0,0,0,0,,,,,,PASS,0,,,7,6;40;43;44;47;49;53,0,,0.0,0.0,False,768a8209a7a02389622049a5447d9473a4433d6a1deacd724b03f4eb5d47cc04
3,72,5,BASELINE_NOOP,0,0,0,0,0,,,,,,PASS,0,,,7,6;40;43;44;47;49;53,0,,0.0,0.0,False,768a8209a7a02389622049a5447d9473a4433d6a1deacd724b03f4eb5d47cc04
3,73,5,BASELINE_NOOP,0,0,0,0,0,,,,,,PASS,0,,,6,6;40;43;44;47;53,0,,0.0,0.0,False,8e97a44b3c9a97196a0a45c97f682383c7efb6de89d39a03f4b78176ba37ba86
3,74,5,BASELINE_NOOP,0,0,0,0,0,,,,,,PASS,0,,,7,6;40;43;44;47;49;53,0,,0.0,0.0,False,768a8209a7a02389622049a5447d9473a4433d6a1deacd724b03f4eb5d47cc04
3,75,5,BASELINE_NOOP,0,0,0,0,0,,,,,,PASS,0,,,7,6;40;43;44;47;49;53,0,,0.0,0.0,False,768a8209a7a02389622049a5447d9473a4433d6a1deacd724b03f4eb5d47cc04
3,76,5,BASELINE_NOOP,0,0,0,0,0,,,,,,PASS,0,,,6,6;40;43;44;47;53,0,,0.0,0.0,False,8e97a44b3c9a97196a0a45c97f682383c7efb6de89d39a03f4b78176ba37ba86
3,77,5,BASELINE_NOOP,0,0,0,0,0,,,,,,PASS,0,,,0,,0,,0.0,0.0,False,f1519a1a762b0ac94d202c5c85439c596e14cdc809768ac8b6e1a6fded6c67a6
3,78,5,BASELINE_NOOP,0,0,0,0,0,,,,,,PASS,0,,,0,,0,,0.0,0.0,False,f1519a1a762b0ac94d202c5c85439c596e14cdc809768ac8b6e1a6fded6c67a6
3,79,5,BASELINE_NOOP,0,0,0,0,0,,,,,,PASS,0,,,0,,0,,0.0,0.0,False,f1519a1a762b0ac94d202c5c85439c596e14cdc809768ac8b6e1a6fded6c67a6
3,80,5,SPARSE_LOCAL_STREAM_POWER_REPAIR,1,0,0,0,4,5;21;26;48,5,21;26,21;48,21;26;48,PASS,1,5,5:0.50287496771375839,0,,2,5:1:0.50287418476433643;5:2:0,0.4943160633907175,0.5028749677137584,False,de602317fee910a61a93d1d0fa142ef26da4d98fc35060d5ecdd672c5f7f34c9
3,81,5,SPARSE_LOCAL_STREAM_POWER_REPAIR,1,0,0,0,4,5;21;26;48,5,21;26,21;48,21;26;48,PASS,1,5,5:0.5121427760604419,0,,2,5:1:0.51214247142413527;5:2:0,0.5034295892411363,0.5121427760604419,False,ae02e5ad461d5dc279e6a00bb4241ea730eb5423b75abe4094778bff3c140883
3,82,5,SPARSE_LOCAL_STREAM_POWER_REPAIR,1,0,0,0,4,5;21;26;48,5,21;26,21;48,21;26;48,PASS,1,5,5:0.52498596827414346,0,,2,5:1:0.52498632646223808;5:2:0,0.5160613443684551,0.5249859682741435,False,74fe1d37aa1d9baa968c9124a3195ed8655fd160bf9f43a49179565c03f6488e
3,83,5,SPARSE_LOCAL_STREAM_POWER_REPAIR,1,0,0,0,4,5;21;26;48,5,21;26,21;48,21;26;48,PASS,1,5,5:0.53977187894288314,0,,2,5:1:0.53977300017553298;5:2:0,0.5306103954553519,0.5397718789428831,False,31761029020e2c91e037c3f97ce802381df9a362c90c50c557bec4d14a29d92e
3,84,5,SPARSE_LOCAL_STREAM_POWER_REPAIR,1,0,0,0,4,5;21;26;48,5,21;26,21;48,21;26;48,PASS,1,5,5:0.56788067745029769,0,,2,5:1:0.56788324921419475;5:2:0,0.5582725383569848,0.5678806774502977,False,28b0f4ac5a3836e0207bcf6a208c526c601811f1167ac0c08e90302b62828302
3,85,5,SPARSE_LOCAL_STREAM_POWER_REPAIR,1,0,0,0,4,5;21;26;48,5,21;26,21;48,21;26;48,PASS,1,5,5:0.61130059591162711,0,,2,5:1:0.61130540808807809;5:2:0,0.6010231842510018,0.6113005959116271,False,62adf3d4b00497ec282037787e75d3654927f1513d0136a3ff0dd2df206cc14f
3,86,5,SPARSE_LOCAL_STREAM_POWER_REPAIR,1,0,0,0,4,5;21;26;48,5,21;26,21;48,21;26;48,PASS,1,5,5:0.6814159885361204,0,,2,5:1:0.68142441790575292;5:2:0,0.670105143034295,0.6814159885361204,False,d5344b0a46d27fe177f1d0747ccb168597fcb50a2e6b6b8e2339c053c1370ee6
3,87,5,SPARSE_LOCAL_STREAM_POWER_REPAIR,1,0,0,0,4,5;21;26;48,5,21;26,21;48,21;26;48,PASS,1,5,5:0.80274227137837961,0,,2,5:1:0.80275695783193657;5:2:0,0.7897592269194325,0.8027422713783796,False,6b9182ad20afbf854185c73ecd8615b1055b404ba9d8bf674dd12301ccc1af23
3,88,5,BASELINE_NOOP,0,0,0,0,0,,,,,,PASS,0,,,0,,0,,0.0,0.0,False,c9b31f421012bcce7a6482d6526dc1f6031dbc87fc07adc16f25bdd9a79f8d1a
3,89,5,BASELINE_NOOP,0,0,0,0,0,,,,,,PASS,0,,,0,,0,,0.0,0.0,False,c85df3a84adeca8afa47b7c7832f23f8bdaf5825ccde0251de443be8142cba6b
3,90,5,BASELINE_NOOP,0,0,0,0,0,,,,,,PASS,0,,,0,,0,,0.0,0.0,False,e3b36b226a51c8164fd01cc0b828375008fa83b3cf6a572356a44926ab2506fc
3,91,5,BASELINE_NOOP,0,0,0,0,0,,,,,,PASS,0,,,0,,0,,0.0,0.0,False,bb8607ab88cca6d91d964a693fbca43771bd13499136bdde246d273c772d231f
3,92,5,BASELINE_NOOP,0,0,0,0,0,,,,,,PASS,0,,,0,,0,,0.0,0.0,False,a9f275d8165accf4579d2c948d2058a827e29412a46194535f33cdad069d1a9a
3,93,5,SPARSE_LOCAL_STREAM_POWER_REPAIR,1,0,0,0,5,0;5;21;26;39,5,21;26,0;39,0;21;26;39,PASS,1,5,5:0.78676562684267393,0,,2,5:1:0.78677948991936641;5:2:0,0.773945327754596,0.7867656268426739,False,2981da57052fe09924d0e2c54b19da180c705db2c12d5748a1f0779bcb84e5e2
3,94,5,SPARSE_LOCAL_STREAM_POWER_REPAIR,1,0,0,0,5,0;5;21;26;39,5,21;26,0;39,0;21;26;39,PASS,1,5,5:0.67366225639538813,0,,2,5:1:0.67367028594700251;5:2:0,0.6624390679807305,0.6736622563953881,False,5fb9e3c082e9ee765960d961cb73e2481b3ea394140b8ee392d67c030dbfadcc
3,95,5,SPARSE_LOCAL_STREAM_POWER_REPAIR,1,0,0,0,5,0;5;21;26;39,5,21;26,0;39,0;21;26;39,PASS,1,5,5:0.78676562684267393,0,,2,5:1:0.78677948991936641;5:2:0,0.773945327754596,0.7867656268426739,False,2981da57052fe09924d0e2c54b19da180c705db2c12d5748a1f0779bcb84e5e2
3,96,5,SPARSE_LOCAL_STREAM_POWER_REPAIR,1,0,0,0,5,0;5;21;26;39,5,21;26,0;39,0;21;26;39,PASS,1,5,5:0.67366225639538813,0,,2,5:1:0.67367028594700251;5:2:0,0.6624390679807305,0.6736622563953881,False,5fb9e3c082e9ee765960d961cb73e2481b3ea394140b8ee392d67c030dbfadcc
3,97,5,SPARSE_LOCAL_STREAM_POWER_REPAIR,1,0,0,0,5,0;5;21;26;39,5,21;26,0;39,0;21;26;39,PASS,1,5,5:0.78676562684267393,0,,3,5:1:0.78677948991936641;5:2:0;5:3:1,0.9743394404496265,0.9904792407584094,False,99a6dced3c69b9979411e9ef55e637ec87e7fc13f638ab8e084b5e2a2b721273
3,98,5,SPARSE_LOCAL_STREAM_POWER_REPAIR,1,0,0,0,5,0;5;21;26;39,5,21;26,0;39,0;21;26;39,PASS,1,5,5:0.67366225639538813,0,,2,5:1:0.67367028594700251;5:2:0,0.6624390679807305,0.6736622563953881,False,5fb9e3c082e9ee765960d961cb73e2481b3ea394140b8ee392d67c030dbfadcc
3,99,5,SPARSE_LOCAL_STREAM_POWER_REPAIR,1,0,0,0,5,0;5;21;26;33,5,21;26,0;33,0;21;26;33,PASS,1,5,5:0.50118722362778811,0,,2,5:2:0.27422821525353058;5:3:0.71193057065269016,0.9837050398592407,0.9999999800484061,False,9dbc49c72ed4f356333431f9dda591e7c3b456d6e87b7b3444a728590634258c
3,100,5,BASELINE_NOOP,0,0,0,0,0,,,,,,PASS,0,,,0,,0,,0.0,0.0,False,3c2760ae85e151d9e3ded3d059eccfd906b01e3f3db2d79aa36f1eca02672036
3,101,5,BASELINE_NOOP,0,0,0,0,0,,,,,,PASS,0,,,0,,0,,0.0,0.0,False,8dc0072032ea89fec00000dace6c97d1e01a4e685b331db96917dba5dbef75a0
3,102,5,BASELINE_NOOP,0,0,0,0,0,,,,,,PASS,0,,,0,,0,,0.0,0.0,False,51dd87d3c5e00263bcd5771550b207d265c5b388665e7cc2969305c8c68ce4fc
3,103,5,BASELINE_NOOP,0,0,0,0,0,,,,,,PASS,0,,,0,,0,,0.0,0.0,False,b76d634f8a11a128ef00fc0b5447b1ed37122612ac6f1a73a045aa864c8d4621
3,104,5,BASELINE_NOOP,0,0,0,0,0,,,,,,PASS,0,,,0,,0,,0.0,0.0,False,a6d8305a1b21c06c055b570b7189e174640d4bff46fb815a6994fabb97a2739b
3,105,5,BASELINE_NOOP,0,0,0,0,0,,,,,,PASS,0,,,0,,0,,0.0,0.0,False,15902db287cb0b3e6b430334887858ef17738d26daab1c27d880aded91611287
3,106,5,BASELINE_NOOP,0,0,0,0,0,,,,,,PASS,0,,,0,,0,,0.0,0.0,False,4c6f6326ff9304e728d6f3fb792a78379c86afe26a38e063b64d71620d1c8540
3,107,5,BASELINE_NOOP,0,0,0,0,0,,,,,,PASS,0,,,0,,0,,0.0,0.0,False,907d206034f8c620401371b5d152d74b090b492fbcb6fc275ea0f550b4a2f329
3,108,5,BASELINE_NOOP,0,0,0,0,0,,,,,,PASS,0,,,0,,0,,0.0,0.0,False,d228021b3a6fb2ee9ab89bcee92b265f9fa57270e03808ca705299cb49298b5b
3,109,5,BASELINE_NOOP,0,0,0,0,0,,,,,,PASS,0,,,0,,0,,0.0,0.0,False,4cd3e6588f8d26211731ae3184019461bbed8127fb2f330c4bdbe7b99d358bad
3,110,5,BASELINE_NOOP,0,0,0,0,0,,,,,,PASS,0,,,0,,0,,0.0,0.0,False,7668cead01d09c3dd743895ce5a3a85573535aa565fcdc6bab61bcdc4b4395e5
3,111,5,BASELINE_NOOP,0,0,0,0,0,,,,,,PASS,0,,,0,,0,,0.0,0.0,False,6ea0038f9e357988b97d628979630ca1f6151a84144ef258ed15275c5a3d6e94
3,112,5,BASELINE_NOOP,0,0,0,0,0,,,,,,PASS,0,,,0,,0,,0.0,0.0,False,e0bf4a0448f305e5966c396ec61f72aa9882a20fa86b6c608d437da0e800865e
3,113,5,BASELINE_NOOP,0,0,0,0,0,,,,,,PASS,0,,,0,,0,,0.0,0.0,False,2342df394635d17fd30c77f8f5bda7da02cc35bd12652fb3cebbdd636d856f42
3,114,5,BASELINE_NOOP,0,0,0,0,0,,,,,,PASS,0,,,0,,0,,0.0,0.0,False,d044209ce41a7fdb5f3c7c8f5b4056f38317aa2a464e6932a4f161a5d2d3609a
3,115,5,BASELINE_NOOP,0,0,0,0,0,,,,,,PASS,0,,,0,,0,,0.0,0.0,False,3fee3e0533097f15fb0880f84e1f9152fa0e3d3eb21543ca58371959494f0ba6
3,116,5,BASELINE_NOOP,0,0,0,0,0,,,,,,PASS,0,,,0,,0,,0.0,0.0,False,e28753e5555ddbb2860cf133492d39a8fc297210d847641f20113965d9eaebd8
3,117,5,BASELINE_NOOP,0,0,0,0,0,,,,,,PASS,0,,,0,,0,,0.0,0.0,False,72e78f5fbc0659de45842aa93892d3f3f757e24cd9d3b3009c5bd49fc6dd1aa2
3,118,4,SPARSE_LOCAL_FROZEN_GRID_SECTOR_REPAIR,1,0,0,0,5,0;18;19;48;55,18,19;55,0;48,0;19;48;55,PASS,2,19;55,19:0.25118864315095801;55:0,3,6;27;55,8,19:0:0.25118864315095801;19:1:0.25118864315095801;19:2:0.25118864315095801;19:3:0.25118864315095801;55:0:0;55:1:0;55:2:0;55:3:0,0.0,0.0,False,f12663992bfcf6bb007df5301260fe6c176b637831323a4d4f5de2854ddf1607
4,0,5,BASELINE_NOOP,0,0,0,0,0,,,,,,PASS,0,,,0,,0,,0.0,0.0,False,2efc081ce46d8ea0413074ed11299119d8458958d3ce74dabb8676d9553b393c
4,1,5,BASELINE_NOOP,0,0,0,0,0,,,,,,PASS,0,,,0,,0,,0.0,0.0,False,2efc081ce46d8ea0413074ed11299119d8458958d3ce74dabb8676d9553b393c
4,2,5,BASELINE_NOOP,0,0,0,0,0,,,,,,PASS,0,,,0,,0,,0.0,0.0,False,2efc081ce46d8ea0413074ed11299119d8458958d3ce74dabb8676d9553b393c
4,3,5,BASELINE_NOOP,0,0,0,0,0,,,,,,PASS,0,,,0,,0,,0.0,0.0,False,2efc081ce46d8ea0413074ed11299119d8458958d3ce74dabb8676d9553b393c
4,4,5,BASELINE_NOOP,0,0,0,0,0,,,,,,PASS,0,,,0,,0,,0.0,0.0,False,2efc081ce46d8ea0413074ed11299119d8458958d3ce74dabb8676d9553b393c
4,5,5,BASELINE_NOOP,0,0,0,0,0,,,,,,PASS,0,,,0,,0,,0.0,0.0,False,2efc081ce46d8ea0413074ed11299119d8458958d3ce74dabb8676d9553b393c
4,6,5,BASELINE_NOOP,0,0,0,0,0,,,,,,PASS,0,,,0,,0,,0.0,0.0,False,2efc081ce46d8ea0413074ed11299119d8458958d3ce74dabb8676d9553b393c
4,7,5,BASELINE_NOOP,0,0,0,0,0,,,,,,PASS,0,,,0,,0,,0.0,0.0,False,2efc081ce46d8ea0413074ed11299119d8458958d3ce74dabb8676d9553b393c
4,8,5,BASELINE_NOOP,0,0,0,0,0,,,,,,PASS,0,,,0,,0,,0.0,0.0,False,2efc081ce46d8ea0413074ed11299119d8458958d3ce74dabb8676d9553b393c
4,9,5,BASELINE_NOOP,0,0,0,0,0,,,,,,PASS,0,,,0,,0,,0.0,0.0,False,2efc081ce46d8ea0413074ed11299119d8458958d3ce74dabb8676d9553b393c
4,10,5,BASELINE_NOOP,0,0,0,0,0,,,,,,PASS,0,,,0,,0,,0.0,0.0,False,2efc081ce46d8ea0413074ed11299119d8458958d3ce74dabb8676d9553b393c
4,11,5,BASELINE_NOOP,0,0,0,0,0,,,,,,PASS,0,,,0,,0,,0.0,0.0,False,2efc081ce46d8ea0413074ed11299119d8458958d3ce74dabb8676d9553b393c
4,12,5,BASELINE_NOOP,0,0,0,0,0,,,,,,PASS,0,,,0,,0,,0.0,0.0,False,2efc081ce46d8ea0413074ed11299119d8458958d3ce74dabb8676d9553b393c
4,13,5,BASELINE_NOOP,0,0,0,0,0,,,,,,PASS,0,,,0,,0,,0.0,0.0,False,2efc081ce46d8ea0413074ed11299119d8458958d3ce74dabb8676d9553b393c
4,14,5,BASELINE_NOOP,0,0,0,0,0,,,,,,PASS,0,,,0,,0,,0.0,0.0,False,2efc081ce46d8ea0413074ed11299119d8458958d3ce74dabb8676d9553b393c
4,15,5,BASELINE_NOOP,0,0,0,0,0,,,,,,PASS,0,,,0,,0,,0.0,0.0,False,2efc081ce46d8ea0413074ed11299119d8458958d3ce74dabb8676d9553b393c
4,16,5,BASELINE_NOOP,0,0,0,0,0,,,,,,PASS,0,,,0,,0,,0.0,0.0,False,2efc081ce46d8ea0413074ed11299119d8458958d3ce74dabb8676d9553b393c
4,17,5,BASELINE_NOOP,0,0,0,0,0,,,,,,PASS,0,,,0,,0,,0.0,0.0,False,2efc081ce46d8ea0413074ed11299119d8458958d3ce74dabb8676d9553b393c
4,18,5,BASELINE_NOOP,0,0,0,0,0,,,,,,PASS,0,,,0,,0,,0.0,0.0,False,2efc081ce46d8ea0413074ed11299119d8458958d3ce74dabb8676d9553b393c
4,19,5,BASELINE_NOOP,0,0,0,0,0,,,,,,PASS,0,,,0,,0,,0.0,0.0,False,2efc081ce46d8ea0413074ed11299119d8458958d3ce74dabb8676d9553b393c
4,20,5,BASELINE_NOOP,0,0,0,0,0,,,,,,PASS,0,,,0,,0,,0.0,0.0,False,2efc081ce46d8ea0413074ed11299119d8458958d3ce74dabb8676d9553b393c
4,21,5,BASELINE_NOOP,0,0,0,0,0,,,,,,PASS,0,,,0,,0,,0.0,0.0,False,f1519a1a762b0ac94d202c5c85439c596e14cdc809768ac8b6e1a6fded6c67a6
4,22,5,BASELINE_NOOP,0,0,0,0,0,,,,,,PASS,0,,,0,,0,,0.0,0.0,False,2efc081ce46d8ea0413074ed11299119d8458958d3ce74dabb8676d9553b393c
4,23,5,BASELINE_NOOP,0,0,0,0,0,,,,,,PASS,0,,,0,,0,,0.0,0.0,False,2efc081ce46d8ea0413074ed11299119d8458958d3ce74dabb8676d9553b393c
4,24,5,BASELINE_NOOP,0,0,0,0,0,,,,,,PASS,0,,,0,,0,,0.0,0.0,False,2efc081ce46d8ea0413074ed11299119d8458958d3ce74dabb8676d9553b393c
4,25,5,BASELINE_NOOP,0,0,0,0,0,,,,,,PASS,0,,,0,,0,,0.0,0.0,False,2efc081ce46d8ea0413074ed11299119d8458958d3ce74dabb8676d9553b393c
4,26,5,BASELINE_NOOP,0,0,0,0,0,,,,,,PASS,0,,,0,,0,,0.0,0.0,False,f1519a1a762b0ac94d202c5c85439c596e14cdc809768ac8b6e1a6fded6c67a6
4,27,5,BASELINE_NOOP,0,0,0,0,0,,,,,,PASS,0,,,0,,0,,0.0,0.0,False,2efc081ce46d8ea0413074ed11299119d8458958d3ce74dabb8676d9553b393c
4,28,5,BASELINE_NOOP,0,0,0,0,0,,,,,,PASS,0,,,0,,0,,0.0,0.0,False,e4a9db9369af24a4f03e80ef4f46c5de415904da00fd3d7daf61e1c6c84517c1
4,29,5,BASELINE_NOOP,0,0,0,0,0,,,,,,PASS,0,,,0,,0,,0.0,0.0,False,f1519a1a762b0ac94d202c5c85439c596e14cdc809768ac8b6e1a6fded6c67a6
4,30,5,BASELINE_NOOP,0,0,0,0,0,,,,,,PASS,0,,,0,,0,,0.0,0.0,False,99fde3f09e90131b1502cbc68288c4b0f55c8588ffd536d2338477a7d232893b
4,31,5,BASELINE_NOOP,0,0,0,0,0,,,,,,PASS,0,,,0,,0,,0.0,0.0,False,2efc081ce46d8ea0413074ed11299119d8458958d3ce74dabb8676d9553b393c
4,32,5,BASELINE_NOOP,0,0,0,0,0,,,,,,PASS,0,,,0,,0,,0.0,0.0,False,2efc081ce46d8ea0413074ed11299119d8458958d3ce74dabb8676d9553b393c
4,33,5,BASELINE_NOOP,0,0,0,0,0,,,,,,PASS,0,,,0,,0,,0.0,0.0,False,99fde3f09e90131b1502cbc68288c4b0f55c8588ffd536d2338477a7d232893b
4,34,5,BASELINE_NOOP,0,0,0,0,0,,,,,,PASS,0,,,0,,0,,0.0,0.0,False,99fde3f09e90131b1502cbc68288c4b0f55c8588ffd536d2338477a7d232893b
4,35,5,BASELINE_NOOP,0,0,0,0,0,,,,,,PASS,0,,,0,,0,,0.0,0.0,False,3c2760ae85e151d9e3ded3d059eccfd906b01e3f3db2d79aa36f1eca02672036
4,36,5,BASELINE_NOOP,0,0,0,0,0,,,,,,PASS,0,,,0,,0,,0.0,0.0,False,f1519a1a762b0ac94d202c5c85439c596e14cdc809768ac8b6e1a6fded6c67a6
4,37,5,BASELINE_NOOP,0,0,0,0,0,,,,,,PASS,0,,,0,,0,,0.0,0.0,False,3983e4d4242003ec15763f4ff85bfd43da0bb3aae76ab5567d4e0c8cf42a2825
4,38,5,BASELINE_NOOP,0,0,0,0,0,,,,,,PASS,0,,,0,,0,,0.0,0.0,False,f1519a1a762b0ac94d202c5c85439c596e14cdc809768ac8b6e1a6fded6c67a6
4,39,5,BASELINE_NOOP,0,0,0,0,0,,,,,,PASS,0,,,0,,0,,0.0,0.0,False,e4a9db9369af24a4f03e80ef4f46c5de415904da00fd3d7daf61e1c6c84517c1
4,40,5,BASELINE_NOOP,0,0,0,0,0,,,,,,PASS,0,,,0,,0,,0.0,0.0,False,e4a9db9369af24a4f03e80ef4f46c5de415904da00fd3d7daf61e1c6c84517c1
4,41,5,BASELINE_NOOP,0,0,0,0,0,,,,,,PASS,0,,,0,,0,,0.0,0.0,False,e4a9db9369af24a4f03e80ef4f46c5de415904da00fd3d7daf61e1c6c84517c1
4,42,5,BASELINE_NOOP,0,0,0,0,0,,,,,,PASS,0,,,0,,0,,0.0,0.0,False,2efc081ce46d8ea0413074ed11299119d8458958d3ce74dabb8676d9553b393c
4,43,5,BASELINE_NOOP,0,0,0,0,0,,,,,,PASS,0,,,0,,0,,0.0,0.0,False,f1519a1a762b0ac94d202c5c85439c596e14cdc809768ac8b6e1a6fded6c67a6
4,44,5,BASELINE_NOOP,0,0,0,0,0,,,,,,PASS,0,,,0,,0,,0.0,0.0,False,e4a9db9369af24a4f03e80ef4f46c5de415904da00fd3d7daf61e1c6c84517c1
4,45,5,BASELINE_NOOP,0,0,0,0,0,,,,,,PASS,0,,,0,,0,,0.0,0.0,False,2fb60260ccf1b29813a11b7ddce5f9ad449fee643d39b327d94789b085974f0a
4,46,5,BASELINE_NOOP,0,0,0,0,0,,,,,,PASS,0,,,0,,0,,0.0,0.0,False,f1519a1a762b0ac94d202c5c85439c596e14cdc809768ac8b6e1a6fded6c67a6
4,47,5,BASELINE_NOOP,0,0,0,0,0,,,,,,PASS,0,,,0,,0,,0.0,0.0,False,f84d41fbd834e20aebd57b7ae037de46cdfb9f3ce754de5b2b0d15c888379a58
4,48,5,BASELINE_NOOP,0,0,0,0,0,,,,,,PASS,0,,,0,,0,,0.0,0.0,False,d929c16ddc481883e3d9ba0c7fd61abe3e8770d646bcae007db2b6ecf35e2ac6
4,49,5,BASELINE_NOOP,0,0,0,0,0,,,,,,PASS,0,,,0,,0,,0.0,0.0,False,583918741cdf5a684c17887ac595917aab37e225620e2d8edcb20130120097d9
4,50,5,BASELINE_NOOP,0,0,0,0,0,,,,,,PASS,0,,,0,,0,,0.0,0.0,False,d929c16ddc481883e3d9ba0c7fd61abe3e8770d646bcae007db2b6ecf35e2ac6
4,51,5,BASELINE_NOOP,0,0,0,0,0,,,,,,PASS,0,,,0,,0,,0.0,0.0,False,3daa3ffe3ed749c02b00449c19f4f7bbee1010e2984dcde809d1566a66b07565
4,52,5,BASELINE_NOOP,0,0,0,0,0,,,,,,PASS,0,,,0,,0,,0.0,0.0,False,2efc081ce46d8ea0413074ed11299119d8458958d3ce74dabb8676d9553b393c
4,53,5,BASELINE_NOOP,0,0,0,0,0,,,,,,PASS,0,,,0,,0,,0.0,0.0,False,d929c16ddc481883e3d9ba0c7fd61abe3e8770d646bcae007db2b6ecf35e2ac6
4,54,5,BASELINE_NOOP,0,0,0,0,0,,,,,,PASS,0,,,0,,0,,0.0,0.0,False,ceb09b2ceea14383702889415f9fdd03cf35aa68d6a3acd0c7817080370904f8
4,55,5,BASELINE_NOOP,0,0,0,0,0,,,,,,PASS,0,,,0,,0,,0.0,0.0,False,ceb09b2ceea14383702889415f9fdd03cf35aa68d6a3acd0c7817080370904f8
4,56,5,BASELINE_NOOP,0,0,0,0,0,,,,,,PASS,0,,,0,,0,,0.0,0.0,False,562cadd10cd07368ff9deb209faf96839a5308d0f21badbe26722eab2db614ec
4,57,5,BASELINE_NOOP,0,0,0,0,0,,,,,,PASS,0,,,0,,0,,0.0,0.0,False,562cadd10cd07368ff9deb209faf96839a5308d0f21badbe26722eab2db614ec
4,58,5,BASELINE_NOOP,0,0,0,0,0,,,,,,PASS,0,,,0,,0,,0.0,0.0,False,562cadd10cd07368ff9deb209faf96839a5308d0f21badbe26722eab2db614ec
4,59,5,BASELINE_NOOP,0,0,0,0,0,,,,,,PASS,0,,,0,,0,,0.0,0.0,False,2efc081ce46d8ea0413074ed11299119d8458958d3ce74dabb8676d9553b393c
4,60,5,BASELINE_NOOP,0,0,0,0,0,,,,,,PASS,0,,,7,6;40;43;44;47;49;53,0,,0.0,0.0,False,4523c76da81702827a4c01a59c3306a2d5ad89591e4cad4078944c6e94fecc8a
4,61,5,BASELINE_NOOP,0,0,0,0,0,,,,,,PASS,0,,,0,,0,,0.0,0.0,False,f1519a1a762b0ac94d202c5c85439c596e14cdc809768ac8b6e1a6fded6c67a6
4,62,5,BASELINE_NOOP,0,0,0,0,0,,,,,,PASS,0,,,7,6;40;43;44;47;49;53,0,,0.0,0.0,False,768a8209a7a02389622049a5447d9473a4433d6a1deacd724b03f4eb5d47cc04
4,63,5,BASELINE_NOOP,0,0,0,0,0,,,,,,PASS,0,,,0,,0,,0.0,0.0,False,f1519a1a762b0ac94d202c5c85439c596e14cdc809768ac8b6e1a6fded6c67a6
4,64,5,BASELINE_NOOP,0,0,0,0,0,,,,,,PASS,0,,,7,6;40;43;44;47;49;53,0,,0.0,0.0,False,768a8209a7a02389622049a5447d9473a4433d6a1deacd724b03f4eb5d47cc04
4,65,5,BASELINE_NOOP,0,0,0,0,0,,,,,,PASS,0,,,7,6;40;43;44;47;49;53,0,,0.0,0.0,False,768a8209a7a02389622049a5447d9473a4433d6a1deacd724b03f4eb5d47cc04
4,66,5,BASELINE_NOOP,0,0,0,0,0,,,,,,PASS,0,,,7,6;40;43;44;47;49;53,0,,0.0,0.0,False,768a8209a7a02389622049a5447d9473a4433d6a1deacd724b03f4eb5d47cc04
4,67,5,BASELINE_NOOP,0,0,0,0,0,,,,,,PASS,0,,,7,6;40;43;44;47;49;53,0,,0.0,0.0,False,768a8209a7a02389622049a5447d9473a4433d6a1deacd724b03f4eb5d47cc04
4,68,5,BASELINE_NOOP,0,0,0,0,0,,,,,,PASS,0,,,7,6;40;43;44;47;49;53,0,,0.0,0.0,False,768a8209a7a02389622049a5447d9473a4433d6a1deacd724b03f4eb5d47cc04
4,69,5,BASELINE_NOOP,0,0,0,0,0,,,,,,PASS,0,,,7,6;40;43;44;47;49;53,0,,0.0,0.0,False,768a8209a7a02389622049a5447d9473a4433d6a1deacd724b03f4eb5d47cc04
4,70,5,BASELINE_NOOP,0,0,0,0,0,,,,,,PASS,0,,,7,6;40;43;44;47;49;53,0,,0.0,0.0,False,768a8209a7a02389622049a5447d9473a4433d6a1deacd724b03f4eb5d47cc04
4,71,5,BASELINE_NOOP,0,0,0,0,0,,,,,,PASS,0,,,7,6;40;43;44;47;49;53,0,,0.0,0.0,False,768a8209a7a02389622049a5447d9473a4433d6a1deacd724b03f4eb5d47cc04
4,72,5,BASELINE_NOOP,0,0,0,0,0,,,,,,PASS,0,,,7,6;40;43;44;47;49;53,0,,0.0,0.0,False,768a8209a7a02389622049a5447d9473a4433d6a1deacd724b03f4eb5d47cc04
4,73,5,BASELINE_NOOP,0,0,0,0,0,,,,,,PASS,0,,,6,6;40;43;44;47;53,0,,0.0,0.0,False,8e97a44b3c9a97196a0a45c97f682383c7efb6de89d39a03f4b78176ba37ba86
4,74,5,BASELINE_NOOP,0,0,0,0,0,,,,,,PASS,0,,,7,6;40;43;44;47;49;53,0,,0.0,0.0,False,768a8209a7a02389622049a5447d9473a4433d6a1deacd724b03f4eb5d47cc04
4,75,5,BASELINE_NOOP,0,0,0,0,0,,,,,,PASS,0,,,7,6;40;43;44;47;49;53,0,,0.0,0.0,False,768a8209a7a02389622049a5447d9473a4433d6a1deacd724b03f4eb5d47cc04
4,76,5,BASELINE_NOOP,0,0,0,0,0,,,,,,PASS,0,,,0,,0,,0.0,0.0,False,f1519a1a762b0ac94d202c5c85439c596e14cdc809768ac8b6e1a6fded6c67a6
4,77,5,BASELINE_NOOP,0,0,0,0,0,,,,,,PASS,0,,,0,,0,,0.0,0.0,False,f1519a1a762b0ac94d202c5c85439c596e14cdc809768ac8b6e1a6fded6c67a6
4,78,5,BASELINE_NOOP,0,0,0,0,0,,,,,,PASS,0,,,0,,0,,0.0,0.0,False,f1519a1a762b0ac94d202c5c85439c596e14cdc809768ac8b6e1a6fded6c67a6
4,79,5,BASELINE_NOOP,0,0,0,0,0,,,,,,PASS,0,,,0,,0,,0.0,0.0,False,f1519a1a762b0ac94d202c5c85439c596e14cdc809768ac8b6e1a6fded6c67a6
4,80,5,SPARSE_LOCAL_STREAM_POWER_REPAIR,1,0,0,0,4,5;21;26;48,5,21;26,21;48,21;26;48,PASS,1,5,5:0.50322136879641066,0,,2,5:1:0.5032206037253677;5:2:0,0.494656568745974,0.5032213687964107,False,15281712858bf02ccb2f99a467adfaa08399d41fedc23de0fafc77a8fd30b764
4,81,5,SPARSE_LOCAL_STREAM_POWER_REPAIR,1,0,0,0,4,5;21;26;48,5,21;26,21;48,21;26;48,PASS,1,5,5:0.5085483713844926,0,,2,5:1:0.50854788123506955;5:2:0,0.4998963368861992,0.5085483713844926,False,015458589b37bdf2a97d4d7458dc2e6052eca401bb41fc7628843d53367aca72
4,82,5,SPARSE_LOCAL_STREAM_POWER_REPAIR,1,0,0,0,4,5;21;26;48,5,21;26,21;48,21;26;48,PASS,1,5,5:0.52517543072874717,0,,2,5:1:0.52517579869525355;5:2:0,0.5162475860109729,0.5251754307287472,False,267376e2babdc942e379aa5e8e8fbec32abe786f8b48c92007b5ed32e405ab93
4,83,5,SPARSE_LOCAL_STREAM_POWER_REPAIR,1,0,0,0,4,5;21;26;48,5,21;26,21;48,21;26;48,PASS,1,5,5:0.53994840304811809,0,,2,5:1:0.53994953339130991;5:2:0,0.5307839234380797,0.5399484030481181,False,33b2bd60a007a1df0db57d4e9da5d11a751a0ff01e35c92b4838f99dc2c255e6
4,84,5,SPARSE_LOCAL_STREAM_POWER_REPAIR,1,0,0,0,4,5;21;26;48,5,21;26,21;48,21;26;48,PASS,1,5,5:0.56804496638049984,0,,2,5:1:0.56804754662327894;5:2:0,0.5584340476347783,0.5680449663804998,False,cbb3f5ffd237405313ebdbbd064738ec85e367587e53c13d5ee79004939d4ba3
4,85,5,SPARSE_LOCAL_STREAM_POWER_REPAIR,1,0,0,0,4,5;21;26;48,5,21;26,21;48,21;26;48,PASS,1,5,5:0.61144569759623202,0,,2,5:1:0.61145051726097877;5:2:0,0.6011658464324305,0.611445697596232,False,f2ed78473fbd5fbb4335bdf19866305518121dec80c00db17dff09e4f7d22604
4,86,5,SPARSE_LOCAL_STREAM_POWER_REPAIR,1,0,0,0,5,5;21;24;26;48,5,21;26,24;48,21;24;26;48,PASS,1,5,5:0.68153898993198836,0,,2,5:1:0.68154742564880599;5:2:0,0.6702261027261106,0.6815389899319884,False,d6943b69dd09888cd1867e63ba683ab1595cacafecb994b5a66332a931be6530
4,87,5,SPARSE_LOCAL_STREAM_POWER_REPAIR,1,0,0,0,5,5;21;24;26;48,5,21;26,24;48,21;24;26;48,PASS,1,5,5:0.79432822472479736,0,,2,5:2:0.58185035654110762;5:3:0.99159899766021276,0.9838266217392281,0.9999999874113953,False,c26381efaa1da1f8da8257c95a345ea023c97078dcfaaff8fa0eee048bfd1b26
4,88,5,SPARSE_LOCAL_STREAM_POWER_REPAIR,1,0,0,0,5,5;21;24;26;48,5,21;26,24;48,21;24;26;48,PASS,1,5,5:0.68229818368316275,0,,2,5:1:0.68230665857631068;5:2:0,0.6709726945962462,0.6822981836831628,False,791429e0b3a8c5dff19985ec798347c2e3bf2ee55a5c137ff0227a6f6543b139
4,89,5,SPARSE_LOCAL_STREAM_POWER_REPAIR,1,0,0,0,5,5;21;24;26;48,5,21;26,24;48,21;24;26;48,PASS,1,5,5:0.79432822472479747,0,,2,5:2:0.58199243251638122;5:3:0.99146683995355511,0.9838266217392282,0.9999999874113955,False,c302dc23512c288993c6b096b62d3593ba0a7829689f428600443fcbe2c284a0
4,90,5,SPARSE_LOCAL_STREAM_POWER_REPAIR,1,0,0,0,5,5;21;24;26;48,5,21;26,24;48,21;24;26;48,PASS,1,5,5:0.68236191676934344,0,,2,5:1:0.68237039495128082;5:2:0,0.6710353697749177,0.6823619167693434,False,0d38688e38db917ca76dce0d7113b270612236f8f747ef720c4eada4da96b93a
4,91,5,SPARSE_LOCAL_STREAM_POWER_REPAIR,1,0,0,0,5,5;21;24;26;48,5,21;26,24;48,21;24;26;48,PASS,1,5,5:0.63095733448070923,0,,2,5:2:0.41648105566241483;5:3:0.83008700978173566,0.9838266185324358,0.9999999841518858,False,b55537a25ce8d3d13a96f6343fc77085f7d1a52cd0b898516bf16ffdd0af5d7f
4,92,5,SPARSE_LOCAL_STREAM_POWER_REPAIR,1,0,0,0,5,0;5;21;26;48,5,21;26,0;48,0;21;26;48,PASS,1,5,5:0.68237705031526108,0,,2,5:1:0.6823855292781279;5:2:0,0.671050252118629,0.6823770503152611,False,ae51ae390c221e8941fe8cc014932caf3934d1ea4e2f0d69bf828aba8dc62798
4,93,5,SPARSE_LOCAL_STREAM_POWER_REPAIR,1,0,0,0,5,0;5;21;26;48,5,21;26,0;48,0;21;26;48,PASS,1,5,5:0.63095733448070912,0,,2,5:2:0.41659325936958835;5:3:0.82998263897175184,0.9838266185324357,0.9999999841518856,False,a53e5c0edd27c725aac838643583b12689fd3cac4291b372be8ac6b7c9f4299a
4,94,5,SPARSE_LOCAL_STREAM_POWER_REPAIR,1,0,0,0,5,0;5;21;26;48,5,21;26,0;48,0;21;26;48,PASS,1,5,5:0.68242997486392432,0,,2,5:1:0.68243845655783253;5:2:0,0.6711022981710384,0.6824299748639243,False,30af6fa68f179709d838ee6b491e03c1436cb173e522fc6f021bd00fb5074107
4,95,5,SPARSE_LOCAL_STREAM_POWER_REPAIR,1,0,0,0,5,0;5;21;26;48,5,21;26,0;48,0;21;26;48,PASS,1,5,5:0.63095733448070912,0,,2,5:2:0.41666453987418883;5:3:0.82991633453147429,0.9838266185324357,0.9999999841518856,False,50266a264b254150392f265c9ee3f21c270ab894326f508b139aaa34f74990e4
4,96,5,SPARSE_LOCAL_STREAM_POWER_REPAIR,1,0,0,0,5,0;5;21;26;39,5,21;26,0;39,0;21;26;39,PASS,1,5,5:0.68246331434250784,0,,2,5:1:0.6824717977568181;5:2:0,0.6711350842465647,0.6824633143425078,False,29749b86cbe02e2edf395220bf3d6ae3105c4f204990cba2adcf6784d8fa2a6b
4,97,5,SPARSE_LOCAL_STREAM_POWER_REPAIR,1,0,0,0,5,0;5;21;26;39,5,21;26,0;39,0;21;26;39,PASS,1,5,5:0.63095733448070912,0,,2,5:2:0.40227117333811463;5:3:0.84330728020383472,0.9837050438958544,0.9999999841518856,False,2ee5dab027f31c9225993eb455a705514a57b1a30eff132310c2dcdcc1c0af7b
4,98,5,SPARSE_LOCAL_STREAM_POWER_REPAIR,1,0,0,0,5,0;5;21;26;39,5,21;26,0;39,0;21;26;39,PASS,1,5,5:0.67338387296526558,0,,2,5:1:0.67339188815118778;5:2:0,0.6621653224083149,0.6733838729652656,False,eec434acd28c171ec0646378772b945a83b053c0304737f188d4afa56cef3e3b
4,99,5,SPARSE_LOCAL_STREAM_POWER_REPAIR,1,0,0,0,5,0;5;21;26;39,5,21;26,0;39,0;21;26;39,PASS,1,5,5:0.63095733448070912,0,,2,5:2:0.37590959403927043;5:3:0.86783156279089912,0.9835799357514212,0.9999999841518856,False,9ee85c72d7f3ec8e10c03e32544b7beb4f17e918e6889c340eae049dc1334b79
4,100,5,BASELINE_NOOP,0,0,0,0,0,,,,,,PASS,0,,,0,,0,,0.0,0.0,False,e4a9db9369af24a4f03e80ef4f46c5de415904da00fd3d7daf61e1c6c84517c1
4,101,5,BASELINE_NOOP,0,0,0,0,0,,,,,,PASS,0,,,0,,0,,0.0,0.0,False,99fde3f09e90131b1502cbc68288c4b0f55c8588ffd536d2338477a7d232893b
4,102,5,BASELINE_NOOP,0,0,0,0,0,,,,,,PASS,0,,,0,,0,,0.0,0.0,False,3983e4d4242003ec15763f4ff85bfd43da0bb3aae76ab5567d4e0c8cf42a2825
4,103,5,BASELINE_NOOP,0,0,0,0,0,,,,,,PASS,0,,,0,,0,,0.0,0.0,False,19afa331ccf6aecbaa34f4183ec7f2cb35a4b2df951d552aae52ff40fd0d7ebf
4,104,5,BASELINE_NOOP,0,0,0,0,0,,,,,,PASS,0,,,0,,0,,0.0,0.0,False,8a640c698864a5c377df2ef484da0c0aaa401af26bee7458bb0c662f3212cefe
4,105,5,BASELINE_NOOP,0,0,0,0,0,,,,,,PASS,0,,,0,,0,,0.0,0.0,False,acb2a1204f2f333d9abab22692c8699f1ead1a17edde9b7aac3824f5ddd2e3b2
4,106,5,BASELINE_NOOP,0,0,0,0,0,,,,,,PASS,0,,,0,,0,,0.0,0.0,False,91daddd52f199694c7592bc630e004fd3cd4896b3c3e15f9589fa2d7b4446928
4,107,5,BASELINE_NOOP,0,0,0,0,0,,,,,,PASS,0,,,0,,0,,0.0,0.0,False,dd00c1d2a3287515cac582544c5211f9c7bbdf84e45ad1aa4ec3c99798dfc3fd
4,108,5,BASELINE_NOOP,0,0,0,0,0,,,,,,PASS,0,,,0,,0,,0.0,0.0,False,90582ca4e5842276bb2cb851bfd6f7e1b68aa44e13c27f2fba1a93e6d39d039c
4,109,5,BASELINE_NOOP,0,0,0,0,0,,,,,,PASS,0,,,0,,0,,0.0,0.0,False,639cd90ae145bbab1a4386a4cdb4ffcedc241a0429c12815dd9d47d65cbd18aa
4,110,5,BASELINE_NOOP,0,0,0,0,0,,,,,,PASS,0,,,0,,0,,0.0,0.0,False,461619c6520529a0d78a1b51b33bdb1a1a514e5c75a94cad5f3c44efa4ab4e96
4,111,5,BASELINE_NOOP,0,0,0,0,0,,,,,,PASS,0,,,0,,0,,0.0,0.0,False,2420d03609d8a99dd203cef623bde036403fe6bfc3b7b94f7ab40e527a2b0717
4,112,5,BASELINE_NOOP,0,0,0,0,0,,,,,,PASS,0,,,0,,0,,0.0,0.0,False,8e4f075101002359a9fd92d6b9867fdb722c319cbdf69a42a8b77d50037284ad
4,113,5,BASELINE_NOOP,0,0,0,0,0,,,,,,PASS,0,,,0,,0,,0.0,0.0,False,a6ce2448786bc44dfcb3584760933223af41ee83fa5834fab30a8557da0d43a5
4,114,5,BASELINE_NOOP,0,0,0,0,0,,,,,,PASS,0,,,0,,0,,0.0,0.0,False,f3c754d028050988b3e071a1f8df5c2464d07064a70e62e4dd436c10543bfd8d
4,115,5,BASELINE_NOOP,0,0,0,0,0,,,,,,PASS,0,,,0,,0,,0.0,0.0,False,f60d05cc46ecd11e181de8356f90f47f2882ff2399b16bf98772d21e209361b9
4,116,5,BASELINE_NOOP,0,0,0,0,0,,,,,,PASS,0,,,0,,0,,0.0,0.0,False,eb382895eff76aca8094b1334cd961aa34bbf547316687b8bf69ff634f640c4f
4,117,5,BASELINE_NOOP,0,0,0,0,0,,,,,,PASS,0,,,0,,0,,0.0,0.0,False,c546cfa6ca4edbc097091860925f4ec5827213bcb3522c34f1e6ad5f01f4094e
4,118,5,SPARSE_LOCAL_FROZEN_GRID_SECTOR_REPAIR,1,0,0,0,5,0;3;18;19;55,18,19;55,0;3,0;3;19;55,PASS,2,19;55,19:0.25118864315095801;55:0,2,6;55,8,19:0:0.25118864315095801;19:1:0.25118864315095801;19:2:0.25118864315095801;19:3:0.25118864315095801;55:0:0;55:1:0;55:2:0;55:3:0,0.0,0.0,False,e20e96e233bb3ed257e824bc3fedf3c8edcc9fdcb87a7087de15995cad36e37a
4,119,5,SPARSE_LOCAL_FROZEN_GRID_SECTOR_REPAIR,1,0,0,0,5,0;3;18;19;55,18,19;55,0;3,0;3;19;55,PASS,2,19;55,19:0.25118864315095801;55:0,1,55,8,19:0:0.25118864315095801;19:1:0.25118864315095801;19:2:0.25118864315095801;19:3:0.25118864315095801;55:0:0;55:1:0;55:2:0;55:3:0,0.0,0.0,False,0ce4628d497f1bc1d6aa8e5dec1ea071b3890c7fb82b2a1f6e1226b8b7fc6891
4,120,5,SPARSE_LOCAL_FROZEN_GRID_SECTOR_REPAIR,1,0,0,0,5,0;3;18;19;55,18,19;55,0;3,0;3;19;55,PASS,2,19;55,19:0.25118864315095801;55:0,1,55,8,19:0:0.25118864315095801;19:1:0.25118864315095801;19:2:0.25118864315095801;19:3:0.25118864315095801;55:0:0;55:1:0;55:2:0;55:3:0,0.0,0.0,False,7eb8cffa72af0e15e96b9bcbcf61d108b5196bf5f5372a9789396bacfbb5513a
